Date,Close,High,Low,Open,Volume
2010-01-04,23.254053115844727,23.36675421473569,22.983569332048635,23.006110125055717,38409100
2010-01-05,23.26156234741211,23.366751268443092,23.02113298460765,23.1789156496181,49749600
2010-01-06,23.118806838989258,23.35172259026295,22.930971232107133,23.201453531528465,58182400
2010-01-07,22.878379821777344,23.066215447791702,22.683030598753763,23.01362026872712,50559700
2010-01-08,23.036170959472656,23.20146586549427,22.720606914833056,22.750661315785738,51197400
2010-01-11,22.743139266967773,23.111296943439314,22.630438171406638,23.07372895620415,68754700
2010-01-12,22.59286117553711,22.840804060136207,22.4726465304631,22.652968498074117,65912100
2010-01-13,22.803247451782227,22.930975746933075,22.547790861480532,22.735626505345177,51863500
2010-01-14,23.26156234741211,23.366751268443092,22.735623474545363,22.773190025081544,63228100
2010-01-15,23.186431884765625,23.471941427316555,23.073729354188373,23.351726732234876,79913200
2010-01-19,23.36675262451172,23.47194011857512,23.051188709249384,23.103782456281085,46575700
2010-01-20,22.98356819152832,23.246538364605936,22.773191766451795,23.148863032827776,54849500
2010-01-21,22.547792434692383,23.081245012613525,22.54027883644489,22.99859829803575,73086700
2010-01-22,21.75887680053711,22.690542705481306,21.66871650849219,22.540273641310435,102004600
2010-01-25,22.029361724853516,22.284818287807923,21.864066891853874,21.969254382574366,63373000
2010-01-26,22.164615631103516,22.427585933680334,21.856565155622143,21.93921333350788,66639900
2010-01-27,22.292339324951172,22.40504045020536,21.80396682680133,22.051909875589562,63949500
2010-01-28,21.909147262573242,22.442601184650893,21.70628444292095,22.420060393665494,117513700
2010-01-29,21.172834396362305,22.48017032981248,20.782135905977952,22.465143134088716,193888500
2010-02-01,21.34563636779785,21.398230103792212,20.977478782765505,21.330609176636084,85931100
2010-02-02,21.383211135864258,21.413265529745658,21.142781717102554,21.31559161577586,54413700
2010-02-03,21.51093864440918,21.631154782395402,21.12775516816633,21.23294267669791,61397900
2010-02-04,20.917377471923828,21.413263458420417,20.89483667869317,21.32310171857002,77850000
2010-02-05,21.0526180267334,21.247967256429643,20.71451331512987,21.037590832201655,80960100
2010-02-08,20.827211380004883,21.097695109963368,20.71451030354616,21.04510136982076,52820600
2010-02-09,21.04510498046875,21.293047964445577,20.849755745657887,21.015050590618376,59195800
2010-02-10,21.030086517333984,21.21792223267252,20.917385374745415,21.060140919663084,48591300
2010-02-11,21.127756118774414,21.33813114530305,20.812192145909076,20.985000612863992,65993700
2010-02-12,20.984996795654297,21.08267069262233,20.722026627255875,20.894835062776618,81117200
2010-02-16,21.400171279907227,21.415268747845847,21.151068818015133,21.234102012129974,51935600
2010-02-17,21.581331253051758,21.62662220592332,21.407714733899585,21.536040300180197,45882900
2010-02-18,21.868173599243164,21.913465987176224,21.52094059706274,21.58132900786687,42856500
2010-02-19,21.717201232910156,21.830429312460037,21.656812827832013,21.73229869412298,44451800
2010-02-22,21.6870174407959,21.84553798534089,21.62662900472492,21.770052080308698,36707100
2010-02-23,21.385072708129883,21.76250074847088,21.20390742153905,21.649272624323324,52266200
2010-02-24,21.611530303955078,21.732308608986827,21.422816272017815,21.52849710894887,43165900
2010-02-25,21.58888816833496,21.626630403405056,21.151071618561566,21.339785673459996,48735300
2010-02-26,21.6417236328125,21.77759795607967,21.520946776524724,21.626626165833105,40370600
2010-03-01,21.905921936035156,21.928566695066436,21.536042660863817,21.717207931982006,43805400
2010-03-02,21.483200073242188,22.11727919903686,21.317132279257294,21.951211405051968,93123900
2010-03-03,21.483200073242188,21.596429619813268,21.400166896136486,21.520943735357047,48442100
2010-03-04,21.611530303955078,21.626627772055773,21.339783077011603,21.483204704646788,42890600
2010-03-05,21.581331253051758,21.649268402245816,21.453005686771142,21.634170938030817,56001800
2010-03-08,21.611530303955078,21.837988006144077,21.513399640848174,21.52849710894887,39414500
2010-03-09,21.739850997924805,21.9738573813634,21.551137008568606,21.55868574091567,50271600
2010-03-10,21.868173599243164,21.973854397980354,21.73984804631273,21.78514043424579,44891400
2010-03-11,22.026697158813477,22.03424589119166,21.777594749427433,21.807788239166673,35349700
2010-03-12,22.094635009765625,22.177668189006752,21.921018478892734,22.132377233077634,31700200
2010-03-15,22.109729766845703,22.170118180612242,21.898369598776142,22.026695158001704,37512000
2010-03-16,22.170122146606445,22.260704063573698,22.04179656442483,22.207864372047197,36723500
2010-03-17,22.366382598876953,22.54754930549194,22.19276606479227,22.268251952586258,50385700
2010-03-18,22.351287841796875,22.434321027287027,22.268253216533086,22.366383868393676,43845200
2010-03-19,22.336185455322266,22.57019037342411,22.155020218104063,22.464511011656825,81332100
2010-03-22,22.3437442779541,22.41923018749673,22.18522372393718,22.26825836841147,37718200
2010-03-23,22.555097579956055,22.57019504612653,22.200315763591675,22.336190079578685,42026600
2010-03-24,22.381484985351562,22.532456794133328,22.343742753043056,22.434324686493017,33987700
2010-03-25,22.653226852416992,23.07594577419215,22.49470635689291,22.51735255333162,73168700
2010-03-26,22.3890323638916,22.796655359052462,22.336192665950108,22.713620725273667,55595500
2010-03-29,22.336185455322266,22.509801961018045,22.30599052923257,22.426767354044706,33336000
2010-03-30,22.472064971923828,22.54000213165977,22.268253492716003,22.366384145793667,34954800
2010-03-31,22.109729766845703,22.434316590982498,22.01914642630922,22.373928177215962,63760000
2010-04-01,22.0116024017334,22.298448508295667,21.603980881583936,22.155025455014535,74768100
2010-04-05,22.094635009765625,22.21541185209229,21.913469746275627,21.988954192899644,34331200
2010-04-06,22.132381439208984,22.328644205231804,21.87573024054636,22.004055839877672,47366800
2010-04-07,22.155025482177734,22.31354456249308,21.996504962088725,22.011602428720757,58318800
2010-04-08,22.585296630859375,22.63058759785625,22.117285172645417,22.132382641569002,63713800
2010-04-09,22.902326583862305,22.9551662629517,22.57018960702047,22.607933263350947,54752500
2010-04-12,22.887235641479492,23.01556123001415,22.80420101367069,22.834395947337047,37068800
2010-04-13,22.985368728637695,23.023110957576684,22.743813568197435,22.75891103568253,41374600
2010-04-14,23.26466178894043,23.400536099884174,23.143884943606785,23.24201703029885,68941200
2010-04-15,23.302406311035156,23.362794735925675,23.1816280214805,23.26466264562007,52745400
2010-04-16,23.15143394470215,23.385438905276157,23.098594254228043,23.242017299638892,88703100
2010-04-19,23.43073272705078,23.589251808109918,23.219372512531596,23.22692124588303,64970300
2010-04-20,23.672285079956055,23.732673503536613,23.498667102360063,23.56660425885989,52199500
2010-04-21,23.649642944335938,23.77796854646336,23.574157041947956,23.649642944335938,55343100
2010-04-22,23.694931030273438,23.800611856683023,23.32505173727404,23.430732563683627,84847600
2010-04-23,23.37034034729004,23.838351686339365,23.136335397652132,23.49111862815238,126766600
2010-04-26,23.48357391357422,23.611899509158867,23.2948598871129,23.400539281203635,63649300
2010-04-27,23.287309646606445,23.589251781454326,23.21182375295106,23.362795540261832,68730900
2010-04-28,23.332597732543945,23.40053488448724,23.113690251661602,23.340146464956923,64557900
2010-04-29,23.400531768798828,23.725120020471703,23.15142939143158,23.347692088716883,52665200
2010-04-30,23.053295135498047,23.460916488976487,23.038197675057678,23.453367758756304,63214800
2010-05-03,23.29485511779785,23.445825444193463,23.083494933115837,23.151432083914575,43989500
2010-05-04,22.743816375732422,23.060856033186568,22.456971656975778,23.038211268937363,82085600
2010-05-05,22.53245735168457,22.71362266284119,22.41168047758016,22.472068914632366,66833800
2010-05-06,21.875732421875,22.555102716759365,21.068036514863394,22.33619516652698,128613000
2010-05-07,21.29448890686035,21.853083662074035,20.622667469602213,21.8379861952253,173718100
2010-05-10,21.845539093017578,22.253160697221634,21.671921070708077,21.898378797287183,86653300
2010-05-11,21.80023956298828,22.381478999645285,21.56623461775535,21.649269234355916,63789400
2010-05-12,22.222963333129883,22.328642723292212,21.830437827135945,21.87572878866641,47146800
2010-05-13,22.071989059448242,22.441868323193486,22.026698103011196,22.087086524851774,45188800
2010-05-14,21.837982177734375,22.04934091563866,21.61907326802103,22.04179362337644,63334000
2010-05-17,21.845539093017578,22.064446644959357,21.475659723356397,21.98141344101025,46053300
2010-05-18,21.686304092407227,21.989608751448934,21.534651039751026,21.89103527961189,52690600
2010-05-19,21.413320541381836,21.75453904912927,21.072103479904513,21.625634440232474,61746700
2010-05-20,20.556489944458008,21.110021036733606,20.50341181866041,20.9659508050898,87991100
2010-05-21,20.351760864257812,20.556492038565075,20.048456224323317,20.192525024373076,117596300
2010-05-24,19.91954231262207,20.366916990929496,19.911959519364494,20.359334197671924,73711700
2010-05-25,19.76789665222168,19.965045011034686,19.244695294074496,19.449426448949975,98373600
2010-05-26,18.964139938354492,20.177359884693093,18.622921331291263,19.889219406224026,176684100
2010-05-27,19.714818954467773,19.987793833566965,19.51008779514338,19.51008779514338,136433600
2010-05-28,19.563167572021484,19.805812732941888,19.45701130842986,19.593498759488018,67496900
2010-06-01,19.631404876708984,19.949875009592485,19.35084871575813,19.358431510144662,76152400
2010-06-02,20.063623428344727,20.07878902421961,19.51009219534901,19.76031874220124,65718800
2010-06-03,20.366928100585938,20.420006236071846,20.025709449218354,20.13186572019017,67837000
2010-06-04,19.555587768554688,20.147031508237614,19.426683104164944,19.79064870493455,89832200
2010-06-07,19.17644500732422,19.585905699672033,19.138531042857842,19.57832290677876,80456200
2010-06-08,19.039966583251953,19.153705637608628,18.69116517745153,19.146122841148777,87355000
2010-06-09,18.797317504882812,19.35084847168647,18.766986327719263,19.12336898177022,87794000
2010-06-10,18.95655059814453,19.070289612479392,18.78973347353807,19.055124024896067,78930900
2010-06-11,19.457000732421875,19.502496042621715,18.78214808708988,18.98687915239391,68057700
2010-06-14,19.33568572998047,19.684485641095844,19.312937343758463,19.608660579563175,50972400
2010-06-15,20.154600143432617,20.207678242130658,19.517660066516665,19.525242858654916,81641500
2010-06-16,19.957462310791016,20.15461067055056,19.88921859217154,20.07120135973332,48698000
2010-06-17,19.99536895751953,20.22284697197129,19.74514256311462,20.139437691746338,47995500
2010-06-18,20.048452377319336,20.116696088993457,19.84372124229698,19.995374256299538,52075600
2010-06-21,19.67690086364746,20.389666152507605,19.63140409913036,20.306258310099768,54625300
2010-06-22,19.54041862487793,20.0560371887952,19.532835828788503,19.836140441013228,55985400
2010-06-23,19.191619873046875,19.548004106864816,19.123376145135808,19.548004106864816,61466200
2010-06-24,18.95655059814453,19.502498734713882,18.903472487872932,19.305350434940774,85243400
2010-06-25,18.600177764892578,19.03996991257197,18.433359106147115,18.994473125857315,156256700
2010-06-28,18.433351516723633,18.660831017826098,18.289282756922624,18.58500451745861,73784800
2010-06-29,17.675085067749023,18.349939164498966,17.52343355050274,18.29685961487943,119882100
2010-06-30,17.44761085510254,17.955646512981097,17.402115534682565,17.667506109024217,81050500
2010-07-01,17.561357498168945,17.68267936943703,17.23530442678443,17.508279360273008,92239400
2010-07-02,17.644760131835938,17.803994485103384,17.47794153743739,17.713003839313483,62485100
2010-07-06,18.061809539794922,18.266540728135134,17.87982674336052,17.970818864713074,73592000
2010-07-07,18.425771713256836,18.44093730504632,17.90257181295353,18.061806187931815,79965300
2010-07-08,18.50918197631836,18.668417805778624,18.17554617109679,18.65325221320707,50758100
2010-07-09,18.40302085876465,18.509177086177917,18.31202877364604,18.44851617818889,53806100
2010-07-12,18.827648162841797,18.873143484557165,18.516760812958076,18.524343607622335,49854200
2010-07-13,19.05512809753418,19.184032727003054,18.880728141861688,19.06271089294651,61928700
2010-07-14,19.29019546508789,19.419100128293376,19.047551733470677,19.335690803198435,72808100
2010-07-15,19.34327507019043,19.403936007703415,18.941395455247626,19.33569227221745,56934700
2010-07-16,18.873146057128906,19.441842718034955,18.865563261431046,19.34326926650355,65064800
2010-07-19,19.130956649780273,19.184034777068312,18.888312955737526,18.92622549058027,38181800
2010-07-20,19.32051658630371,19.32051658630371,18.72907311599589,18.850394927662627,45530700
2010-07-21,19.047548294067383,19.449426359640015,18.941390595950637,19.411513825772186,73297300
2010-07-22,19.593494415283203,19.707233450523617,19.312936778504564,19.34326795924617,73016400
2010-07-23,19.57074546813965,19.729981269923158,19.14611907383405,19.593493853043082,108520100
2010-07-26,19.790639877319336,19.86646637189161,19.56316039360251,19.608657158107928,67249900
2010-07-27,19.836139678955078,19.89680059906957,19.684486655533632,19.82097408735885,60672100
2010-07-28,19.67690086364746,19.85888358290559,19.585908780883354,19.76789150014148,69704800
2010-07-29,19.737567901611328,20.02570693504724,19.41151488596639,19.813392973488305,69446200
2010-07-30,19.57074546813965,19.593493853043082,19.2219455772419,19.525250144603042,83534800
2010-08-02,19.965044021606445,20.002956553769494,19.52525199567127,19.70723475334061,55044600
2010-08-03,19.836139678955078,19.98020990657841,19.692069451331747,19.866470862147533,56877700
2010-08-04,19.51008415222168,19.896798009981513,19.290188887772107,19.828554302949176,78531900
2010-08-05,19.23711585998535,19.39635025434312,19.115792557174363,19.32810652925533,64922100
2010-08-06,19.373598098754883,19.381180894098815,18.9717200694188,19.093041902381053,55982100
2010-08-09,19.41909408569336,19.51008473360108,19.23711134360765,19.37359731546923,57096500
2010-08-10,19.009626388549805,19.214357457129932,18.865556216630104,19.206774664263648,87257700
2010-08-11,18.850399017333984,18.88072875369579,18.622919486403678,18.71391158802988,76746900
2010-08-12,18.569839477539062,18.713909687872736,18.47126603653407,18.51676135959251,70240500
2010-08-13,18.501590728759766,18.70632179614583,18.38026893614651,18.463678210919316,45263500
2010-08-16,18.577423095703125,18.660832396898495,18.425770083760693,18.471266855105608,40909700
2010-08-17,18.83660125732422,19.027177966705413,18.752748493906232,18.83660125732422,52912600
2010-08-18,18.92045783996582,19.019558555464126,18.607912113828245,18.813735334646186,46818900
2010-08-19,18.63078498840332,18.85947652523743,18.455453259246152,18.76800049209792,54064600
2010-08-20,18.47069549560547,18.60028772436229,18.44782721957985,18.531679988315442,49560100
2010-08-23,18.508813858032227,18.78324338004946,18.478320881149664,18.630782857592145,51643000
2010-08-24,18.325864791870117,18.562179603935814,18.295371807611048,18.363979568208432,66522500
2010-08-25,18.37160873413086,18.46308480841323,18.196278380101322,18.295377702904894,47404800
2010-08-26,18.158157348632812,18.440211653586733,18.13528906308628,18.36398064246522,49105300
2010-08-27,18.24201202392578,18.310619790107395,17.92184293307346,18.203895790499534,60939400
2010-08-30,18.020933151245117,18.158148614465343,17.990441633854456,18.09716412569912,45453100
2010-08-31,17.891353607177734,18.089553699592106,17.77700779147335,17.990454380377887,66074600
2010-09-01,18.219144821166992,18.257261059901516,17.94471517220761,18.043814484945695,65235900
2010-09-02,18.2496337890625,18.257257035128877,18.074302037506868,18.20389431266424,48837100
2010-09-03,18.516435623168945,18.63840461298604,18.447827884648696,18.478319405110447,64189100
2010-09-07,18.264888763427734,18.524073454740627,18.234397216560144,18.371612812430065,51928700
2010-09-08,18.24201202392578,18.447835322470624,18.097173244877304,18.34873456954801,65512400
2010-09-09,18.30299186706543,18.455452399860338,18.28774537759036,18.440207364370533,46028900
2010-09-10,18.18102264404297,18.318238139723974,18.135284630144383,18.280121916487445,58284300
2010-09-13,19.141536712646484,19.278752258885437,18.363982919949617,18.44783718798137,114680400
2010-09-14,19.080543518066406,19.324481509890717,18.973819556154428,19.088166762059057,87160400
2010-09-15,19.149160385131836,19.22538995341364,18.996698340596602,19.13391388988115,56201900
2010-09-16,19.309234619140625,19.339727594475182,19.095788153753997,19.103411397587635,44548300
2010-09-17,19.22538185119629,19.461698066032948,19.11865933738954,19.36259734265365,70341600
2010-09-20,19.38547134399414,19.454079104828207,19.14153328502215,19.27112556059921,49838700
2010-09-21,19.172025680541992,19.377848972331996,19.118664409482122,19.377848972331996,52675700
2010-09-22,18.7603759765625,19.03480551138214,18.56979922411139,18.97382100875719,94299400
2010-09-23,18.62315559387207,18.74512456710701,18.56979434982989,18.684140080489538,46201800
2010-09-24,18.889976501464844,18.905221543310507,18.737514451121264,18.78325248462999,51948800
2010-09-27,18.851858139038086,19.050058200571712,18.74513558820679,18.943335649740416,43603300
2010-09-28,18.81373405456543,18.981441044940564,18.562172842010234,18.905210066048234,56041200
2010-09-29,18.67652702331543,18.79849606306721,18.60029600997416,18.775626322869133,44318900
2010-09-30,18.668893814086914,18.928078248744296,18.569794567416675,18.760371272077407,61262700
2010-10-01,18.585046768188477,18.920462304898102,18.524062257330858,18.882347530856624,62672300
2010-10-04,18.226764678955078,18.287749195602093,18.127665384648267,18.264879456614874,98143400
2010-10-05,18.56217384338379,18.63840482638855,18.226758390553876,18.341104138068484,78152900
2010-10-06,18.62315559387207,18.70700980821541,18.394462678567923,18.53930137952873,50489700
2010-10-07,18.699392318725586,18.867099345024428,18.508815557664732,18.768000069026314,50096100
2010-10-08,18.729877471923828,18.79086195655503,18.577416987338225,18.76799368355883,41327800
2010-10-11,18.745132446289062,18.859478225011916,18.676524688258255,18.859478225011916,27587800
2010-10-12,18.928083419799805,19.004314413286988,18.62316089983634,18.79086792231993,50141500
2010-10-13,19.316871643066406,19.469333720531004,18.973832695764127,19.072933482311953,75336500
2010-10-14,19.233007431030273,19.316861675766496,19.05767715020488,19.278746903060238,51949100
2010-10-15,19.469316482543945,19.476938271081384,19.23300032630776,19.33210102511257,68954800
2010-10-18,19.68276596069336,19.781866682172655,19.40071319275881,19.50743570451943,48330500
2010-10-19,19.133907318115234,19.339730571349634,19.019561550980118,19.26349957526445,66150900
2010-10-20,19.293987274169922,19.362595011639087,19.133903522731885,19.255872510680398,56283600
2010-10-21,19.377849578857422,19.469327084955857,19.09579526787407,19.362603085510077,50032400
2010-10-22,19.347349166870117,19.469319612852374,19.263496393612726,19.45407312535646,25837900
2010-10-25,19.202512741088867,19.324481738443566,19.187266252923244,19.240627507517782,50912400
2010-10-26,19.743755340576172,19.797116609644902,19.10341720378036,19.149156680684012,69304200
2010-10-27,19.858097076416016,19.903836543994817,19.53030628267938,19.659898532848835,64805500
2010-10-28,20.033428192138672,20.109657727842084,19.758997210853767,19.98006548156701,80730300
2010-10-29,20.330724716186523,20.734747889368194,20.18588600067083,20.696631672661432,114193200
2010-11-01,20.544178009033203,20.749999831848708,20.353601223992023,20.49081528787387,61912100
2010-11-02,20.879596710205078,20.90246645289022,20.59754382035068,20.628035356611733,54402100
2010-11-03,20.605165481567383,20.955826118494834,20.55180275274366,20.93295637757038,110255300
2010-11-04,20.68901824951172,20.910088049388307,20.58991894700594,20.894841555468744,93599300
2010-11-05,20.467939376831055,20.727123824220673,20.224001415519638,20.711877338142475,110953700
2010-11-08,20.437450408935547,22.00780388702706,20.26212014663904,20.33835113798085,71670800
2010-11-09,20.544178009033203,20.666147035140717,20.36122301588645,20.437454020700017,58538600
2010-11-10,20.536556243896484,20.643278785939184,20.437455494297758,20.589917514917833,52277300
2010-11-11,20.33835220336914,20.368843729111976,20.033429676014304,20.33835220336914,62073100
2010-11-12,20.025808334350586,20.216385113808087,19.89621606616007,20.178268885525323,64962200
2010-11-15,19.97244644165039,20.201137988224815,19.94957670539879,20.071545724103203,51794600
2010-11-16,19.796039581298828,19.972448643443446,19.673321124192647,19.972448643443446,65339200
2010-11-17,19.611963272094727,19.87274037747772,19.59662309814996,19.865070290505336,58299700
2010-11-18,19.81903839111328,20.00311597043067,19.642630893798938,19.719328787992264,59514000
2010-11-19,19.70400047302246,19.811378751827814,19.634971161527783,19.78836849368981,52423200
2010-11-22,19.734678268432617,19.74234835405659,19.51225163701442,19.67331904636009,53350500
2010-11-23,19.266813278198242,19.634968582534217,19.243803023082567,19.61195832741854,69742500
2010-11-24,19.45857048034668,19.527598353431628,19.29750154202887,19.32818189710649,56825900
2010-11-26,19.36651611328125,19.489234514193296,19.30515691282523,19.33583578159387,21356500
2010-11-29,19.412538528442383,19.496907992356252,19.12108264125109,19.320500443189967,56603600
2010-11-30,19.374189376831055,19.53525675587575,19.174771576881213,19.213120534867386,75282100
2010-12-01,19.972448348999023,20.133515772981575,19.60429152018863,19.611961606509617,74123500
2010-12-02,20.624378204345703,20.693407480193738,20.09515570673555,20.12583457215769,91759200
2010-12-03,20.724098205566406,20.754777086379775,20.54002053192828,20.56302932680848,52622000
2010-12-06,20.586036682128906,20.693414944215114,20.52467746623406,20.655065982875495,36264200
2010-12-07,20.609054565429688,20.808470993715545,20.593714390047808,20.770122018180487,57860500
2010-12-08,20.885168075561523,20.892838162395982,20.555361656277192,20.57837191678057,41666800
2010-12-09,20.77011489868164,20.96953272153148,20.716425766168058,20.923513674079715,47148300
2010-12-10,20.96953010559082,21.01554914730173,20.793122559933206,20.854481769854072,37625800
2010-12-13,20.900508880615234,21.053907696099486,20.83914964700544,20.915849054747564,47943900
2010-12-14,21.18429183959961,21.284000024860447,20.90817461438619,20.946523578812844,64070500
2010-12-15,21.360702514648438,21.46808080095189,21.115265595715165,21.115265595715165,69634200
2010-12-16,21.468074798583984,21.468074798583984,21.21496786383657,21.291667245288306,57680200
2010-12-17,21.3990535736084,21.54478230704583,21.284005189492355,21.41439374826909,87456500
2010-12-20,21.330018997192383,21.46807760929706,21.230310812294125,21.437398730451143,52811000
2010-12-21,21.529436111450195,21.58312524482831,21.291669322381765,21.360698626130528,38153000
2010-12-22,21.62147331237793,21.782540694943737,21.460404466893117,21.483414719939237,42252300
2010-12-23,21.705846786499023,21.72118695906375,21.44506970457619,21.452739790858555,24902500
2010-12-27,21.529436111450195,21.62914575594026,21.38370741876734,21.567786537376822,21652800
2010-12-28,21.483421325683594,21.606139787158472,21.445070892148035,21.452740978855147,23042200
2010-12-29,21.45273780822754,21.567787628910867,21.38370850098524,21.429729014426265,19502500
2010-12-30,21.360702514648438,21.475750887533483,21.307013371496716,21.414391657800163,20786100
2010-12-31,21.40671157836914,21.41438166137027,21.191953643093786,21.322342128275476,24752000
2011-01-03,21.46040916442871,21.613807959142758,21.41439011118223,21.51409830370283,53443800
2011-01-04,21.544776916503906,21.606136136874913,21.360699255390884,21.429728561173167,54405600
2011-01-05,21.475746154785156,21.483416239676444,21.299338591042865,21.399046768791386,58998700
2011-01-06,22.104679107666016,22.127689362986306,21.368368492446535,21.506427098529976,88026300
2011-01-07,21.93593978881836,22.043318045491013,21.667492684217695,21.966618663759533,73762000
2011-01-10,21.644489288330078,21.782547926603314,21.506432112976334,21.67516963591057,57573600
2011-01-11,21.560108184814453,21.667486410395735,21.514087691349385,21.62913746209345,50298900
2011-01-12,21.897592544555664,21.928272886868598,21.529437214315926,21.56778764220709,52631100
2011-01-13,21.62147331237793,21.77487061059503,21.483414719939237,21.7288515674218,67077600
2011-01-14,21.705846786499023,21.76720601383855,21.406720736083752,21.537109277045168,62688400
2011-01-18,21.981958389282227,22.0433176008459,21.58312278265884,21.598462951279508,53322700
2011-01-19,21.836231231689453,21.997300087569013,21.6828339235727,21.82856114684575,50005900
2011-01-20,21.74419403076172,21.89759134516668,21.57545508312135,21.859242382295232,58613600
2011-01-21,21.49107551574707,21.80554152353534,21.49107551574707,21.782531280434355,58080300
2011-01-24,21.767200469970703,21.90525906205247,21.468074495739547,21.491084748726173,52047800
2011-01-25,21.820898056030273,21.820898056030273,21.567791043707523,21.58312975436385,42436600
2011-01-26,22.07400131225586,22.23506871863618,21.859243307496204,21.866913392978965,74628800
2011-01-27,22.143035888671875,22.59555933650054,21.85157842263764,22.050996303892756,146938600
2011-01-28,21.28400230407715,22.18905200548879,21.053905567038658,22.16604174661719,141249400
2011-01-31,21.268661499023438,21.399050036246344,21.03089468276496,21.29934184327322,65029000
2011-02-01,21.468074798583984,21.521763926724496,21.176618904570212,21.322346120117587,62810700
2011-02-02,21.429731369018555,21.5601199122561,21.383710850521023,21.4220612826023,45824000
2011-02-03,21.207304000854492,21.452740923167138,21.12293597313418,21.452740923167138,60340100
2011-02-04,21.29933738708496,21.353026515370054,21.099919579941016,21.245648258799864,40412200
2011-02-07,21.629148483276367,21.736526763572503,21.3146822656211,21.322350888854242,68980900
2011-02-08,21.690507888793945,21.736526943169753,21.514098831667845,21.552449262747153,34904200
2011-02-09,21.45273780822754,21.67516590110145,21.40671875770575,21.621476765006157,52905100
2011-02-10,21.09225082397461,21.429727246775556,20.931183428974524,21.422057161834726,76672400
2011-02-11,20.900508880615234,21.330023515883806,20.762450239263313,21.291674543472503,83939700
2011-02-14,20.885168075561523,20.91584842289936,20.670411495874593,20.869827901892606,56766200
2011-02-15,20.8002986907959,21.085763387874927,20.792584741190574,20.86202206016747,44116500
2011-02-16,20.84659194946289,20.88516758510786,20.522551606720132,20.869736742223402,70817900
2011-02-17,20.993173599243164,21.11661882992649,20.761716918789013,20.808007960566705,57207300
2011-02-18,20.877450942993164,20.993179314727794,20.82344446762141,20.93145741836492,68667800
2011-02-22,20.514829635620117,20.908307174153332,20.460823174333036,20.661419653089126,60889000
2011-02-23,20.514829635620117,20.72314153335518,20.391385875088016,20.468538593312005,60234100
2011-02-24,20.653709411621094,20.877450731836287,20.445397461665998,20.553410411317053,64494200
2011-02-25,20.48396873474121,20.792579619313855,20.44539310995251,20.761717942230288,53006300
2011-02-28,20.507110595703125,20.72313787427325,20.453104143951958,20.59197871792093,51379900
2011-03-01,20.183080673217773,20.66142650764821,20.175365251679164,20.522551863085624,60055000
2011-03-02,20.121353149414062,20.34509589680859,20.090492943449927,20.144499407561497,48658200
2011-03-03,20.213943481445312,20.36824750608432,20.19851263751153,20.260234541680386,68271500
2011-03-04,20.02105712890625,20.244798421367562,19.90532730113169,20.229367581455502,70437200
2011-03-07,19.843603134155273,20.267942353609303,19.712443953097225,20.159927958195443,64980400
2011-03-08,19.990190505981445,20.07505863294601,19.789594051425087,19.882177596437838,50549800
2011-03-09,19.974767684936523,20.04420500366704,19.79731741332125,19.913045787350075,39789100
2011-03-10,19.604433059692383,19.835889769500717,19.55814201204389,19.766453933810915,66549500
2011-03-11,19.812747955322266,19.94390716965135,19.565860368718365,19.60443600228794,49905800
2011-03-14,19.820457458496094,19.874463917995065,19.5581391081591,19.666152027157043,54473400
2011-03-15,19.589006423950195,19.650728324582946,19.28811234231132,19.34983424294407,76067300
2011-03-16,19.12609100341797,19.504137791152854,19.04122284664845,19.457845266606185,100725400
2011-03-17,19.118375778198242,19.45784546561625,19.09522951568817,19.334401675361327,62497000
2011-03-18,19.133800506591797,19.426980540998542,19.133800506591797,19.334396984984387,85486700
2011-03-21,19.542709350585938,19.735590414634977,19.403834749020113,19.426981006469664,46878100
2011-03-22,19.519561767578125,19.64300552246128,19.465555308762447,19.519561767578125,30895600
2011-03-23,19.704730987548828,19.75873745216423,19.426981773451573,19.465557399158058,43969000
2011-03-24,19.913043975830078,19.9593364984832,19.67387182838621,19.751024561242097,38696700
2011-03-25,19.76645278930664,20.021055743980302,19.743306531039657,20.005624905135647,57029800
2011-03-28,19.604433059692383,19.84360518936978,19.581286800085202,19.797314141721287,48973200
2011-03-29,19.666149139404297,19.689295392176085,19.519559148313856,19.550420818676237,40763500
2011-03-30,19.75873374938965,19.843600404353122,19.673865622860657,19.751018331381058,41999300
2011-03-31,19.589006423950195,19.81274923347278,19.550430787892047,19.751027332840028,63233700
2011-04-01,19.6584415435791,19.697018646881265,19.527282335483793,19.697018646881265,63114200
2011-04-04,19.712446212768555,19.797314360701087,19.604433276538707,19.635294956356315,35433700
2011-04-05,19.889892578125,20.198501935454438,19.85903090660931,19.920752778075197,73651100
2011-04-06,20.175363540649414,20.298807331665774,19.951622221269538,20.044204328748773,65581400
2011-04-07,20.213943481445312,20.260234541680386,20.03649171933936,20.20622805947842,46134700
2011-04-08,20.113645553588867,20.275666480510246,20.028777378936415,20.190798305857793,39887600
2011-04-11,20.044198989868164,20.252510883560547,19.90532439407324,20.206219842150798,34286300
2011-04-12,19.78188705444336,19.943907959295913,19.712449734015998,19.928477116630688,36920400
2011-04-13,19.77416229248047,19.95932937386434,19.720155840229115,19.7895931278567,38144700
2011-04-14,19.612150192260742,19.627581033346416,19.357547200611133,19.612150192260742,55239900
2011-04-15,19.573577880859375,19.720166481337206,19.426987808815294,19.643013734389466,65080400
2011-04-18,19.349834442138672,19.504139931092116,19.07208515064895,19.365265285347256,58045100
2011-04-19,19.403841018676758,19.419271861962383,19.187815098942863,19.288112637167,38892400
2011-04-20,19.874465942382812,20.059631595911018,19.681584869345205,19.70473112787341,61608600
2011-04-21,19.689308166503906,19.97477144473595,19.565864348095502,19.89762016190549,46892300
2011-04-25,19.75873374938965,19.76644916739824,19.550421877854223,19.72015665934669,33525100
2011-04-26,20.20622444152832,20.399105541466177,19.805031400481734,19.859037873013776,69200000
2011-04-27,20.352813720703125,20.360529141554963,20.159932614105397,20.291091825454494,52689000
2011-04-28,20.607410430908203,20.730855655282507,20.368238343787066,20.41452938319892,80200000
2011-04-29,19.997905731201172,20.55340258122477,19.56585262562726,20.48396529102613,319317900
2011-05-02,19.79730987548828,20.059628208244416,19.658435290903792,20.013337170571436,89825600
2011-05-03,19.913043975830078,19.943905657598826,19.666156407944026,19.751024561242097,71892900
2011-05-04,20.10592269897461,20.252512726941376,19.897612257887513,19.943903303510666,73292300
2011-05-05,19.897611618041992,20.12135289099725,19.812743477490468,20.098206633147083,55600000
2011-05-06,19.959335327148438,20.229367668947937,19.86675175884154,20.113639312238735,55993000
2011-05-09,19.92848014831543,20.02877769776518,19.805036331346646,19.90533388079639,38696400
2011-05-10,19.805025100708008,19.943899683939257,19.480984897023607,19.581282389598652,120798700
2011-05-11,19.565866470336914,19.797323287066394,19.450136590405624,19.789607863633204,78600000
2011-05-12,19.534996032714844,19.589002501007254,19.365261207857852,19.558142292654114,77400000
2011-05-13,19.311254501342773,19.53499579173211,19.249532613832002,19.504135583759663,66812300
2011-05-16,18.95635223388672,19.34211439239989,18.90234576714541,19.257246246625918,91350900
2011-05-17,19.041778564453125,19.18156347019141,18.847633191196984,18.948588133557053,82882100
2011-05-18,19.173797607421875,19.212626089851515,18.83210133343675,19.04954468619304,53931100
2011-05-19,19.197086334228516,19.321339205165057,19.026239006993535,19.298042717621367,37783600
2011-05-20,19.018484115600586,19.313585967189162,18.979655626228787,19.197097536649927,45451500
2011-05-23,18.769973754882812,18.83210021179698,18.661252825585915,18.80103624273411,52692500
2011-05-24,18.754446029663086,18.863168464863445,18.669023057762978,18.793275999810323,47691800
2011-05-25,18.78550910949707,18.878698070980448,18.762211128520306,18.769977122179228,34904200
2011-05-26,19.158266067504883,19.437835887377194,18.886462240541437,18.909760219268026,78016600
2011-05-27,19.2281551361084,19.336876055261726,19.142730710367108,19.16602868499058,50251000
2011-05-31,19.422300338745117,19.46112881495507,19.18156052757828,19.383470381323743,60196300
2011-06-01,18.971887588500977,19.492197288580794,18.925293110031493,19.406772843710268,74033500
2011-06-02,18.80879783630371,19.142728019577525,18.7777353557168,19.018475134807442,51487800
2011-06-03,18.568065643310547,18.74667905298975,18.513705169165732,18.67678659160018,60697700
2011-06-06,18.645723342895508,18.832102738645975,18.459343947145044,18.55253290441439,54778700
2011-06-07,18.68455696105957,18.769981429699914,18.56030399642571,18.707854947382984,41112600
2011-06-08,18.59136199951172,18.65348846184979,18.529235537173644,18.56029802773683,42205000
2011-06-09,18.606889724731445,18.669017659000687,18.498168802183233,18.64571968364972,42878700
2011-06-10,18.412742614746094,18.653483893406175,18.39721211387394,18.653483893406175,49327200
2011-06-13,18.669021606445312,18.785508545407595,18.404983754817852,18.47487621443758,47572500
2011-06-14,18.80879783630371,18.98741265422053,18.785501346166335,18.870924278688754,42894500
2011-06-15,18.436037063598633,18.645714338009373,18.381676617909417,18.63794834845219,49410200
2011-06-16,18.63795280456543,18.715611237493402,18.366149029923236,18.443807462851208,57184100
2011-06-17,18.839860916137695,18.870923395270452,18.62241763736376,18.80879695579378,83320400
2011-06-20,19.0029354095459,19.150486205532463,18.76219572856512,18.769961715849742,54338400
2011-06-21,19.2281551361084,19.305813570308533,18.94858536547249,19.041775782754936,49708700
2011-06-22,19.142724990844727,19.266977855955712,19.096130536730854,19.103896525951665,44287300
2011-06-23,19.127201080322266,19.14273306531533,18.793272290241045,18.979651666522987,59470400
2011-06-24,18.870935440063477,19.057316358666405,18.78551245701691,19.034018373538014,101387200
2011-06-27,19.569847106933594,19.771756918299435,18.81656238439437,18.81656238439437,92044200
2011-06-28,20.035797119140625,20.12898752767185,19.53878555687087,19.64750646581456,81032100
2011-06-29,19.89601707458496,19.965908041224623,19.694105723149434,19.965908041224623,66051000
2011-06-30,20.191112518310547,20.191112518310547,19.927074774574205,19.9892012153821,52535400
2011-07-01,20.206653594970703,20.32314053877145,20.06686866992506,20.136761132447884,52906200
2011-07-05,20.214412689208984,20.307601619957936,20.11345628615105,20.268773145681095,37805300
2011-07-06,20.447389602661133,20.478453571769403,20.160053813255935,20.167819805533,48744200
2011-07-07,20.789087295532227,20.874510254068635,20.47068899619513,20.571643940360588,51946500
2011-07-08,20.90557289123535,20.952167363937388,20.587174612216877,20.610472589173686,58320700
2011-07-11,20.680362701416016,20.812381602948943,20.571641775875317,20.672598190630126,43999800
2011-07-12,20.610469818115234,20.804615156351236,20.455152955041882,20.61823432817866,47319300
2011-07-13,20.680362701416016,20.93663451248446,20.587173759870137,20.657066206635307,40861800
2011-07-14,20.556108474731445,20.975463128451974,20.47068553065652,20.672596866016985,46382300
2011-07-15,20.796850204467773,20.913337116988917,20.556108906551096,20.556108906551096,49132400
2011-07-18,20.649301528930664,20.89004137132697,20.393029701550955,20.680364017685857,44501900
2011-07-19,21.387056350708008,21.464713319840744,20.796854201786417,20.82015070004154,86730600
2011-07-20,21.014293670654297,21.23950300265448,20.95216721375969,21.185142538023143,49795400
2011-07-21,21.045360565185547,21.20844198174921,20.695898270818017,20.998766086340467,81737400
2011-07-22,21.379283905029297,21.394814405441508,20.719189498143223,20.85897437033219,76380600
2011-07-25,21.674386978149414,21.814171868579166,21.115248897641894,21.16960935920647,108482400
2011-07-26,21.806411743164062,21.86077221935281,21.573437850580305,21.604500345025926,74636500
2011-07-27,21.223970413208008,21.736514038283033,21.123015479086,21.651089607033352,71488700
2011-07-28,21.52683448791504,21.798638256646594,21.130777821685292,21.19290575164576,83761400
2011-07-29,21.278335571289062,21.51907545286123,21.169614621136187,21.371526015142855,104394800
2011-08-01,21.177371978759766,21.5035361774205,20.773549355425285,21.363751309250006,61838400
2011-08-02,20.812379837036133,21.317158905557058,20.78131735289364,20.95216471870584,63883100
2011-08-03,20.90557289123535,20.96769934857526,20.56387663526007,20.835680441576507,64581200
2011-08-04,20.144521713256836,20.866742644453495,20.1367557215953,20.602704852807157,92949500
2011-08-05,19.94261360168457,20.268777898206014,19.593151326407412,20.167821471476305,112071700
2011-08-08,19.01071548461914,19.880487449298503,18.94082302847474,19.430070221485543,134257200
2011-08-09,19.864952087402344,19.89601605428166,18.661251513846715,19.189325619891886,126268900
2011-08-10,18.793270111083984,19.484427069805143,18.715611676335087,19.375706149883552,127819900
2011-08-11,19.56207847595215,19.709627819628388,18.94857869119726,19.0262370980437,90690100
2011-08-12,19.4921932220459,19.678572578252428,19.14273100340149,19.515489715814553,64787100
2011-08-15,19.810592651367188,19.864953115006564,19.5310228598372,19.6009153077197,56529400
2011-08-16,19.810590744018555,19.99814645102973,19.57614499233439,19.70899713778734,54251500
2011-08-17,19.73244857788086,20.084116574503035,19.482374220532087,19.73244857788086,50923700
2011-08-18,19.279184341430664,19.607407238440977,18.779035732866536,19.20103574870241,105714200
2011-08-19,18.79466438293457,19.240110917255674,18.68525724672962,19.075998722387805,77397900
2011-08-22,18.739965438842773,19.1385220212236,18.59148471465916,19.083818439623236,54721000
2011-08-23,19.318246841430664,19.34169185300545,18.77902499024674,18.77902499024674,59670600
2011-08-24,19.458919525146484,19.482364543462854,19.083808175444577,19.263548844190073,45329700
2011-08-25,19.201030731201172,19.662105668195977,19.146327177754337,19.599587108462444,48192000
2011-08-26,19.73244857788086,19.802782177205295,19.083817654547204,19.15415125387164,71957000
2011-08-29,20.193517684936523,20.20914770022958,19.826221268911485,19.951258410135342,38863200
2011-08-30,20.498291015625,20.654588153010707,20.084106135504825,20.107549662720704,57341400
2011-08-31,20.78744888305664,20.87341100272145,20.52174453377867,20.545189561265754,59300800
2011-09-01,20.482667922973633,20.990633045791633,20.482667922973633,20.678038665423486,60510800
2011-09-02,20.162263870239258,20.318561090234596,20.052856710578975,20.14663534068833,43894400
2011-09-06,19.935630798339844,19.998149376489195,19.6230379075931,19.693371494331178,54929300
2011-09-07,20.318553924560547,20.318553924560547,19.98251606347241,20.07629466050919,41961000
2011-09-08,20.490478515625,20.834331365589765,20.27947929207767,20.318552835922695,65811900
2011-09-09,20.115367889404297,20.459220752372634,19.927812188847078,20.31855360431467,64529200
2011-09-12,20.23259162902832,20.263851660226916,19.74807306993273,19.880925221406102,55046100
2011-09-13,20.349822998046875,20.467045178520973,20.170080731388303,20.25604435933106,48792300
2011-09-14,20.709304809570312,20.94374917345429,20.232599580370522,20.45141541307357,66739200
2011-09-15,21.09222412109375,21.12348415379129,20.560815489718816,20.889038380240958,67808300
2011-09-16,21.193822860717773,21.31104503055292,20.967192040550504,21.13911779027133,89681500
2011-09-19,21.26415252685547,21.342301127952975,20.78744889222579,20.943744603860218,52324900
2011-09-20,21.08441162109375,21.490783151140768,21.04533806613409,21.342300959285016,49211900
2011-09-21,20.310741424560547,21.146927931575604,20.295111408031566,21.139112923311114,72750700
2011-09-22,19.583959579467773,20.045034574934718,19.224478188051634,19.771515282453613,96278300
2011-09-23,19.583959579467773,19.65429315440749,19.29481176299135,19.458922444143877,64768100
2011-09-26,19.88092613220215,19.943444706903144,19.326072477490456,19.685555399941485,51057600
2011-09-27,20.0606689453125,20.256039697997444,19.888743219551547,20.052853936337836,55620700
2011-09-28,19.99033546447754,20.60770776180896,19.935631891916135,20.26385481784512,60736200
2011-09-29,19.888734817504883,20.451401810935618,19.60740057550955,20.302919684264758,63407300
2011-09-30,19.451112747192383,19.927817887359605,19.443297737781045,19.69337356726198,54060500
2011-10-03,19.169775009155273,19.802775705649537,19.16196000172198,19.318255678707093,64592500
2011-10-04,19.802780151367188,19.8418537067454,18.958778536376663,18.990037082567113,83485400
2011-10-05,20.23259162902832,20.44359236793785,19.662109474696923,19.865295205806802,94061300
2011-10-06,20.584264755249023,20.631153323395452,20.084116053525236,20.240411777533566,55111400
2011-10-07,20.513931274414062,20.71711705828507,20.47485771582994,20.584264872314055,52741600
2011-10-10,21.05315589904785,21.07659943894384,20.68585787469568,20.77182149580973,41815300
2011-10-11,21.100040435791016,21.154744005838573,20.881224665040296,20.9906332956959,38826200
2011-10-12,21.068782806396484,21.342302178420077,21.02189423965436,21.24071003538537,52489800
2011-10-13,21.240713119506836,21.25634314087722,20.803082955062205,20.912490123533143,43823500
2011-10-14,21.311044692993164,21.490785449930733,21.115673916175613,21.34230324219239,50947700
2011-10-17,21.08441162109375,21.428264568868965,20.982819483862286,21.186005248885795,39453300
2011-10-18,21.342296600341797,21.412630177352742,20.943740160799855,21.05314877535037,52487900
2011-10-19,21.201631546020508,21.46733586536246,21.10785442775889,21.389188763664585,42880000
2011-10-20,21.13129234313965,21.36573655047712,20.631142415294505,21.303217995816468,76300200
2011-10-21,21.225074768066406,21.248519790920664,20.943740456056478,21.21725976044832,76620600
2011-10-24,21.248517990112305,21.412628664502883,21.131295866896156,21.14692439024752,56897800
2011-10-25,20.951557159423828,21.27978005314725,20.88122357572878,21.162557910508973,53554600
2011-10-26,20.779632568359375,21.14692903255052,20.3967060868255,21.123485497096922,63029900
2011-10-27,21.295412063598633,21.412634217212755,20.826521958581598,21.201633446371005,74512400
2011-10-28,21.08441162109375,21.2485238311576,20.935930919798576,21.20944878563736,57712100
2011-10-31,20.810890197753906,21.10003954364301,20.803076679986475,20.91248381545566,46799000
2011-11-01,20.310741424560547,20.568630735047066,20.209149298243005,20.46703860872952,61182600
2011-11-02,20.326374053955078,20.474856248946292,20.084114728856175,20.396707646816147,53533100
2011-11-03,20.732742309570312,20.77963086719939,20.302925811195916,20.506111548335753,65836100
2011-11-04,20.513931274414062,20.631153440727143,20.318560500372026,20.61552342106921,36549200
2011-11-07,20.94374656677246,20.959376586568972,20.420152828075114,20.482671416700434,42589700
2011-11-08,21.225074768066406,21.256334798538752,20.857778353378116,21.1078526349157,47822500
2011-11-09,20.474857330322266,20.904672428897758,20.365448685337423,20.779635255109955,62950900
2011-11-10,20.53737449645996,20.709300225884363,20.41233733132211,20.685855198460796,32514400
2011-11-11,21.029705047607422,21.162557202300995,20.764000738220275,20.771815746209352,37903000
2011-11-14,20.91248321533203,21.100038938137114,20.82651961675289,21.00626033145438,34199200
2011-11-15,21.054208755493164,21.211682871058912,20.78650366010207,20.912482351840886,43874200
2011-11-16,20.52667808532715,20.8731203341073,20.503058012723084,20.841624901588702,53262800
2011-11-17,20.109365463256836,20.5030491896155,20.030628417628257,20.479427625391654,70977500
2011-11-18,19.92039680480957,20.077870902800154,19.802291982208782,20.062123192644236,47626200
2011-11-21,19.684188842773438,19.88103073120117,19.605451787045457,19.87315687544993,61882500
2011-11-22,19.518844604492188,19.652695662182687,19.408612113181487,19.597580167419636,49204500
2011-11-23,19.266878128051758,19.51883693650505,19.266878128051758,19.377110576057575,49099700
2011-11-25,19.133037567138672,19.424364323483942,19.133037567138672,19.196026933134277,26164600
2011-11-28,19.581832885742188,19.660568444366675,19.44010647736289,19.636948377493134,46766700
2011-11-29,19.558216094970703,19.71569025425815,19.48735287346984,19.54246837868498,40917100
2011-11-30,20.140867233276367,20.148741091087633,19.7944249985048,19.975520724594258,81350900
2011-12-01,19.904651641845703,20.180229075126316,19.841662299698083,20.125113588470196,48545400
2011-12-02,19.8574161529541,20.172364486715082,19.810174503603935,20.148742911147522,52293800
2011-12-05,20.23534393310547,20.314079476162107,20.077869843423752,20.29833326862131,56818400
2011-12-06,20.20384979248047,20.369197747284026,20.164482018461882,20.321954616320546,46175300
2011-12-07,20.156604766845703,20.282583424618537,19.95188907251884,20.21172024189831,62667000
2011-12-08,19.999134063720703,20.2510914217228,19.9755140000232,20.06212340322123,60522200
2011-12-09,20.23534393310547,20.36919645879966,20.077869843423752,20.093617552748768,53788500
2011-12-12,20.08574676513672,20.132988398541244,19.912526441463832,20.007009708272882,38945900
2011-12-13,20.282583236694336,20.550288257427248,20.195972347108967,20.27470938293348,54581100
2011-12-14,20.14874267578125,20.361332348051075,20.132994958920168,20.25109983180842,47926400
2011-12-15,20.125120162963867,20.37707761386406,20.109373948621254,20.251098888413964,46213900
2011-12-16,20.471553802490234,20.605406329731732,20.180227183746656,20.211722602760766,101408100
2011-12-19,20.101491928100586,20.566038852732177,20.046374944035335,20.48730180585179,52258300
2011-12-20,20.49517822265625,20.55029371182679,20.321956397509478,20.361325676763038,60767600
2011-12-21,20.282583236694336,20.621151439490905,20.030625923483136,20.479425075363594,64132500
2011-12-22,20.32196044921875,20.361329736321597,20.06212916147894,20.32983430663932,35794100
2011-12-23,20.49517822265625,20.50305207850696,20.258967052488227,20.40069345423215,23205800
2011-12-27,20.503053665161133,20.58178922619241,20.416442745885252,20.44006281348081,21287200
2011-12-28,20.329832077026367,20.589663336269968,20.282590439468777,20.558169411826437,29822500
2011-12-29,20.487306594848633,20.510926663185064,20.361327891105653,20.432191099684154,22616900
2011-12-30,20.440059661865234,20.56603984401666,20.400691887419644,20.471555082849175,27395700
2012-01-03,21.077835083007812,21.227433874613677,20.77863449622647,20.904613216412884,64731500
2012-01-04,21.573871612548828,21.62898710342767,21.085704548949547,21.117198471544103,80516100
2012-01-05,21.794336318969727,21.833704099900917,21.48726342270962,21.55812512802885,56081400
2012-01-06,22.13289451599121,22.19588383773535,21.67622155790021,21.67622155790021,99455500
2012-01-09,21.841575622558594,22.125028420685418,21.82582791115501,22.08565914217646,59706800
2012-01-10,21.920320510864258,22.164404117703683,21.849457286010075,21.991183735718437,60014400
2012-01-11,21.82583236694336,22.03054815162983,21.550254870043034,21.597496512113842,65582400
2012-01-12,22.046297073364258,22.062044788845014,21.77071805959024,21.94393992630895,49370800
2012-01-13,22.24312973022461,22.24312973022461,21.880941436004793,21.99117239480488,60196100
2012-01-17,22.251008987426758,22.55808187680662,22.180145781910706,22.361239972991932,72395300
2012-01-18,22.227392196655273,22.361244780095575,22.022676392465115,22.290381559345718,64860600
2012-01-19,22.14078140258789,22.392738837884718,22.06991818618756,22.172275331107606,74053500
2012-01-20,23.39268684387207,23.41630840864574,22.636814792525914,22.69193027521354,165902900
2012-01-23,23.40843963623047,23.5816614786126,23.109240593055706,23.26671322038494,76078100
2012-01-24,23.101360321044922,23.282454467985755,22.975381653452676,23.203717425294556,51703300
2012-01-25,23.27458381652832,23.345447014523998,22.888773906209845,22.888773906209845,59231700
2012-01-26,23.227352142333984,23.384826316894326,23.148615055053813,23.313963088520676,49102800
2012-01-27,23.014759063720703,23.25097029073222,22.967517419032323,23.187980930552776,44187700
2012-01-30,23.313961029052734,23.32183488726371,22.69981360466091,22.810044616044742,51114800
2012-01-31,23.250967025756836,23.384819585065248,23.01475583191485,23.35332415850581,50572400
2012-02-01,23.5344181060791,23.660396807410542,23.432060974416526,23.455682544085388,67409900
2012-02-02,23.581655502319336,23.754875799017693,23.392685994559397,23.542286229125928,52223300
2012-02-03,23.80999183654785,23.935970510144593,23.69188701777394,23.731254790103826,41838500
2012-02-06,23.77850341796875,23.794249629471565,23.597407718732697,23.65252471523864,28039700
2012-02-07,23.89659881591797,24.006829761778015,23.66038771535273,23.739124748874477,39242400
2012-02-08,24.14068603515625,24.148559889915465,23.79424393467194,23.825739353708805,49659100
2012-02-09,24.2273006439209,24.250920710029565,23.998963326307358,24.15643744202597,50481600
2012-02-10,24.01470947265625,24.250919129050594,23.904478499910137,24.12494044540236,44605300
2012-02-13,24.077699661254883,24.227299916517502,23.959594828904148,24.11706743811032,33319800
2012-02-14,23.97467613220215,24.141111174790275,23.65765592369743,24.03808017390309,59644000
2012-02-15,23.816162109375,24.08562962873716,23.800312234808292,24.038076981694246,43311300
2012-02-16,24.798921585083008,25.004983515389807,24.014294762614124,24.02222045403686,94705100
2012-02-17,24.767221450805664,24.82269978498807,24.52945672954642,24.727594501152865,70036500
2012-02-21,24.917802810668945,25.052536535444254,24.68796230477595,24.711739377973124,50829900
2012-02-22,24.783079147338867,25.108025054600226,24.711749410459873,24.92573862109685,49253200
2012-02-23,24.862333297729492,25.036694027967354,24.569088671036486,24.727599525195657,35034700
2012-02-24,24.94951057434082,24.96536196060901,24.75929847413675,24.94951057434082,35575400
2012-02-27,24.846473693847656,24.965356039319733,24.64833594750385,24.759292601721647,34568400
2012-02-28,25.258609771728516,25.306162424908404,24.870258317132745,24.894035399558483,45230600
2012-02-29,25.15557098388672,25.36163444515414,25.052540009088613,25.274453343014137,59323600
2012-03-01,25.591474533081055,25.670728429992106,25.242751642321927,25.30615566685348,77344100
2012-03-02,25.425045013427734,25.710360917784694,25.361639463564174,25.60733143427094,47314200
2012-03-05,25.203123092651367,25.4012608575674,25.06046517171561,25.36955808957867,45240000
2012-03-06,25.012907028198242,25.345778480604743,24.957428704742316,24.997057158404363,51932900
2012-03-07,25.23482894897461,25.29823298104052,24.98913851367812,25.100095191875624,34340400
2012-03-08,25.369556427001953,25.528067233215356,25.282376844088557,25.39333501310637,36747400
2012-03-09,25.353708267211914,25.488442008087144,25.2982299347935,25.440887856010345,34628400
2012-03-12,25.393333435058594,25.520141467480503,25.21897125672523,25.337853598161896,34073600
2012-03-13,25.89264678955078,25.90849817668053,25.48052281754919,25.551852547961573,48951700
2012-03-14,25.971899032592773,26.05908013438301,25.749985699557566,25.781685444746586,41986900
2012-03-15,26.035308837890625,26.106638575392104,25.82132264872945,25.98775769511848,49068300
2012-03-16,25.837169647216797,26.11456439986664,25.757915731227182,26.082861624133557,65626400
2012-03-19,25.52014923095703,25.845095101848727,25.4805222756469,25.789616759745964,44789200
2012-03-20,25.353708267211914,25.480517827745526,25.155570501905473,25.440887856010345,41566800
2012-03-21,25.290306091308594,25.480519690176582,25.218976369650925,25.329933042597837,37928600
2012-03-22,25.361635208129883,25.43296492808645,25.195200202678734,25.21105007581366,31749500
2012-03-23,25.369556427001953,25.448813341779736,25.13971742083071,25.440886138630876,35912200
2012-03-26,25.82924461364746,25.845096000991553,25.480523162106355,25.512222913451545,36758300
2012-03-27,25.773759841918945,25.916419269095094,25.678654564915593,25.876792322288885,36274900
2012-03-28,25.512218475341797,25.91642122394356,25.39333762595611,25.77376178600676,41344800
2012-03-29,25.45673942565918,25.512217758482127,25.211049018155617,25.40918829657802,37038500
2012-03-30,25.567691802978516,25.68657565242647,25.39333265335457,25.67865147335615,31749400
2012-04-02,25.591474533081055,25.726206762498315,25.322007050904165,25.535996200574846,35853600
2012-04-03,25.314083099365234,25.51221936693704,25.09216824241131,25.488443800897493,42752100
2012-04-04,24.735517501831055,25.11594315403878,24.608709454985533,25.09216607837856,49455900
2012-04-05,24.9812068939209,25.06838647253357,24.60870697119681,24.687962370393702,50368600
2012-04-09,24.64834213256836,24.886106883175362,24.54530963207962,24.74344742814259,31056400
2012-04-10,24.149024963378906,24.71966256903197,24.014291252229807,24.616630107268676,54131300
2012-04-11,24.05391502380371,24.196574397462253,23.958808270807832,24.11731902191078,43014000
2012-04-12,24.553232192993164,24.600786346385075,24.109404009700594,24.156956651421275,38304000
2012-04-13,24.418493270874023,24.69588639349219,24.34716356758161,24.481897283614956,39749200
2012-04-16,24.632490158081055,24.71967127000252,24.38679972009583,24.56116043226738,38124800
2012-04-17,24.917802810668945,25.052536535444254,24.727590760104572,24.78306908589364,34361500
2012-04-18,24.68004608154297,24.814779858005245,24.600792163824106,24.79100428735822,40552900
2012-04-19,24.57701301574707,25.10802238285734,24.521534673338326,24.672118313684503,54781200
2012-04-20,25.694507598876953,26.0670076179672,25.40126451115846,25.48052144253021,106045000
2012-04-23,25.45673942565918,25.757909677656883,25.38540970869505,25.607326063329225,61398200
2012-04-24,25.298229217529297,25.77376014311658,25.22689950310765,25.52806823269928,40871100
2012-04-25,25.52014923095703,25.61525452836992,25.25860739556441,25.29823435087454,62495500
2012-04-26,25.448816299438477,25.543921584882778,25.298231167201862,25.45674048016612,40308100
2012-04-27,25.345779418945312,25.535992980223263,25.266524020358,25.456736069964954,41419100
2012-04-30,25.37748146057129,25.44881116610207,25.298226064240314,25.34577869737052,35697200
2012-05-01,25.369556427001953,25.631099710755393,25.322005301477446,25.401259192913066,43832300
2012-05-02,25.203123092651367,25.306155576943567,25.076315044038797,25.24275155263728,37385300
2012-05-03,25.171422958374023,25.282379627938226,25.052540596459345,25.266528243237268,31501300
2012-05-04,24.553232192993164,25.02083745298169,24.505679551272483,24.925732169540325,57927200
2012-05-07,24.291690826416016,24.45812734289412,24.228286799107988,24.331319288278063,48641400
2012-05-08,24.172801971435547,24.39471676324367,23.91126024008029,24.156950590948355,46328300
2012-05-09,24.378870010375977,24.434348340941245,23.855786448373266,23.927116162434647,50309300
2012-05-10,24.36302375793457,24.584938638603887,24.133184695519432,24.45813056727041,43839200
2012-05-11,24.695894241333008,24.99706453131126,24.323395737066626,24.323395737066626,43459300
2012-05-14,24.31546401977539,24.60078285292494,24.283761255349436,24.426420671924213,40528900
2012-05-15,24.100072860717773,24.570746382601826,24.052208195221677,24.44310626021872,61822800
2012-05-16,23.852766036987305,24.18782167856489,23.725125937490127,24.179843982147567,60083700
2012-05-17,23.709177017211914,24.10007511883514,23.701199318616695,23.924570314511577,48484000
2012-05-18,23.350187301635742,23.78097233021356,23.270411845501993,23.765018456259025,56205300
2012-05-21,23.733104705810547,23.765015492921094,23.182655800874258,23.214566587984805,38787900
2012-05-22,23.7410831451416,23.836812466287224,23.53366758720592,23.685240787541634,39504900
2012-05-23,23.222549438476562,23.453896610009924,22.847605214667738,23.414009638859817,65171000
2012-05-24,23.19063949584961,23.37412200442228,22.943336918139032,23.262437263828563,52575000
2012-05-25,23.18266487121582,23.421991303412426,23.142777893311724,23.294351148210506,29507200
2012-05-29,23.581533432006836,23.70917354767097,23.310297805823,23.437937921487134,37758800
2012-05-30,23.406028747558594,23.517713468816613,23.230523968211678,23.414006445018483,41585500
2012-05-31,23.2863712310791,23.46985374651258,23.086933317366928,23.374122878430903,39134000
2012-06-01,22.696035385131836,23.102887393619426,22.68805768592357,22.943337974225802,56634300
2012-06-04,22.775802612304688,22.95928659676277,22.592320149436702,22.831646490281553,47926300
2012-06-05,22.7438907623291,22.935350900297315,22.648159932550037,22.7438907623291,45715400
2012-06-06,23.414011001586914,23.429966399611747,22.98322438445941,23.039066755955826,46860500
2012-06-07,23.318281173706055,23.693225436038468,23.270416499089997,23.645359239831837,37792800
2012-06-08,23.653331756591797,23.677264849451205,23.174680550535268,23.302320669271644,42551100
2012-06-11,23.055025100708008,23.780979066128634,22.99120502204215,23.717158987462778,46361900
2012-06-12,23.366146087646484,23.374122264985974,23.00715724374988,23.21457285115786,35337900
2012-06-13,23.238502502441406,23.485806584024974,23.174682437875727,23.310300265276588,32984600
2012-06-14,23.406028747558594,23.501758073896838,23.03906227235478,23.398051050098704,39458900
2012-06-15,23.948503494262695,23.996368164411408,23.525694596776187,23.60547006141766,62314400
2012-06-18,23.80490493774414,23.956478149146083,23.701196390409564,23.92456735870768,58679900
2012-06-19,24.490968704223633,24.818046658040107,23.972429074504298,24.08411530571264,75725800
2012-06-20,24.67445945739746,24.7701888059428,24.443110742163526,24.67445945739746,36257100
2012-06-21,24.044235229492188,24.84198691218632,23.980415155740282,24.698391365846884,48456600
2012-06-22,24.490968704223633,24.514900272518954,23.956475202837435,24.171866925445567,45098100
2012-06-25,23.828840255737305,24.18782755215057,23.629402361644257,24.171872155441434,42217200
2012-06-26,23.948503494262695,24.147941395071165,23.884683426867603,23.932548097016316,38421300
2012-06-27,24.068164825439453,24.331422781556615,23.956480093023192,24.08412022195331,33781700
2012-06-28,23.860746383666992,23.97243110273457,23.469848345340292,23.916588743200784,45328400
2012-06-29,24.403217315673828,24.482992766098256,24.04422854955898,24.291532598033722,55227200
2012-07-02,24.37928581237793,24.42715199870516,24.100072478496784,24.42715199870516,30589100
2012-07-03,24.538835525512695,24.538835525512695,24.068162034074042,24.11602669647402,20938100
2012-07-05,24.490968704223633,24.554788755661235,24.23568697688317,24.40321556290066,28801900
2012-07-06,24.08412742614746,24.490981029409177,23.892667175481503,24.41918324521059,38294800
2012-07-09,23.93255043029785,24.116032951748398,23.757045608248276,24.0282813015189,30680800
2012-07-10,23.725128173828125,24.10804850841384,23.54164570370457,23.996363791223878,37534100
2012-07-11,23.374120712280273,23.725131833929787,23.22254900745081,23.701198738729687,39184900
2012-07-12,22.839622497558594,23.278386691751972,22.767826269582308,23.25445360136649,63523600
2012-07-13,23.4459171295166,23.517714889402324,22.911423540139715,22.943334331906836,39085000
2012-07-16,23.485811233520508,23.557609010569525,23.166710847519685,23.51772051132526,27900600
2012-07-17,23.661306381225586,23.820857269719678,23.294341467915228,23.64535098805817,33771300
2012-07-18,24.291536331176758,24.291536331176758,23.50176092435077,23.61344718074507,41090400
2012-07-19,24.467039108276367,24.57074613607576,24.23569043778426,24.339398987173915,46663200
2012-07-20,24.02827262878418,24.770180146204154,23.97242875313362,24.73029318518664,64021700
2012-07-23,23.358169555664062,23.59749444915787,23.142776238565293,23.589516749829336,55151900
2012-07-24,23.254451751708984,23.421980327901995,23.05501391246347,23.326249495564564,47723300
2012-07-25,22.999183654785156,23.39805954302048,22.95929667459793,23.326261761410862,45579500
2012-07-26,23.262432098388672,23.533667712394326,23.206589740491648,23.318274456285696,45301400
2012-07-27,23.7410831451416,23.812880896795882,23.27838736869743,23.51771219315161,44242600
2012-07-30,23.645353317260742,23.788948826732394,23.501757807789087,23.733106466735684,28905000
2012-07-31,23.509737014770508,23.7011971991634,23.398052287605562,23.51771471265233,37620900
2012-08-01,23.461870193481445,23.653330360283693,23.302319293684498,23.60546569898067,31721800
2012-08-02,23.2863712310791,23.557606915454905,23.11086489319445,23.302325107767274,39520500
2012-08-03,23.733104705810547,23.884677901405485,23.5177114575846,23.55759994147278,35859400
2012-08-06,23.892656326293945,24.020296435445708,23.78097008959356,23.932543289807573,27471800
2012-08-07,24.13996124267578,24.211759001395986,23.828838635948415,23.9883880274231,28002900
2012-08-08,24.195802688598633,24.307487410556387,24.02029790815213,24.100071840070402,26257600
2012-08-09,24.331417083740234,24.451079486391446,24.171866199145278,24.243663945054006,24920800
2012-08-10,24.26759910583496,24.427150004050052,24.131981298829174,24.33141916080297,27810300
2012-08-13,24.243661880493164,24.29950422886893,24.060179443947113,24.21175261924553,23049100
2012-08-14,24.19548225402832,24.404271869002663,24.099118758914095,24.331998481831924,34551400
2012-08-15,24.2517032623291,24.31594612198853,24.107156445177736,24.17942985375342,24351000
2012-08-16,24.717466354370117,24.845952083963653,24.29988696735577,24.38019093126941,35787200
2012-08-17,24.813827514648438,24.829888612230594,24.56488662880731,24.829888612230594,32589900
2012-08-20,24.68533706665039,24.77367155475331,24.5568513739572,24.749579912996985,23737700
2012-08-21,24.73352813720703,24.862013878309078,24.580952276942632,24.701407467766945,28822700
2012-08-22,24.52472686767578,24.701394284484927,24.468513045733292,24.564878065964667,33437400
2012-08-23,24.299882888793945,24.41230750040094,24.155336084344686,24.404276952190376,28355600
2012-08-24,24.540790557861328,24.597002857593527,24.2356374171707,24.2918497169029,22943300
2012-08-27,24.645187377929688,24.862006040391545,24.564883432139563,24.837915928823765,34691100
2012-08-28,24.597002029418945,24.733518266316512,24.508669074958334,24.65321585892873,23947900
2012-08-29,24.613061904907227,24.69336583998919,24.444425019738247,24.613061904907227,23346800
2012-08-30,24.34805679321289,24.580938021194857,24.267752868678766,24.51669518790155,23982100
2012-08-31,24.74958038330078,24.8620049836261,24.396243955845105,24.572912935408095,36590100
2012-09-04,24.40427589416504,24.621096091438883,24.211547340478422,24.45245918133949,48556700
2012-09-05,24.40427589416504,24.51670203256836,24.25972909598248,24.267759643844887,33650000
2012-09-06,25.17519187927246,25.18322242721101,24.46048842944583,24.49261062120002,48371700
2012-09-07,24.853979110717773,24.950342628418994,24.677310108814698,24.92625251482894,42649100
2012-09-10,24.669281005859375,24.813827822551243,24.50064407416592,24.75761551198676,40524000
2012-09-11,24.725496292114258,24.821859821089607,24.580949466980556,24.64519233018768,25191800
2012-09-12,24.717466354370117,25.038680678353955,24.677313606577943,24.845952083963653,32775800
2012-09-13,24.845951080322266,25.03867966692738,24.412310611707767,24.80579833415204,45047300
2012-09-14,25.062768936157227,25.094891132008087,24.741554636001645,24.902162551914735,51422800
2012-09-17,25.062768936157227,25.102921680970802,24.92625419880288,25.0467093699024,36488500
2012-09-18,25.038681030273438,25.062771147616616,24.918225848545333,24.974438164573733,34542700
2012-09-19,24.934284210205078,25.046710368494825,24.926255192592855,24.966406407336624,48871900
2012-09-20,25.2554988861084,25.279589001171594,24.821858434923758,24.85398063056881,45543000
2012-09-21,25.046701431274414,25.383976722455003,24.966397498770444,25.239429950281878,102348900
2012-09-24,24.717466354370117,24.950346164881882,24.605040192222738,24.894133849643552,46825900
2012-09-25,24.40427589416504,24.894128592079188,24.38018578224821,24.85397738443754,54266400
2012-09-26,24.227615356445312,24.572921354808198,24.123221267756243,24.315949876492795,54672000
2012-09-27,24.219581604003906,24.412310187258107,24.002761373466445,24.227612153098327,47129900
2012-09-28,23.898365020751953,24.29988324717923,23.882303924093947,24.235640392217686,54229300
2012-10-01,23.681547164916992,24.075034882129454,23.62533485269673,23.93851861030712,54042700
2012-10-02,23.818063735961914,24.002761773197573,23.689578011652703,23.83412483441823,43338900
2012-10-03,23.97867202758789,24.083066105825228,23.826094653237313,23.890337516384292,46655900
2012-10-04,24.115184783935547,24.115184783935547,23.74578722599619,24.06700149485403,43634900
2012-10-05,23.97063636779785,24.291850615051235,23.882301875426787,24.275789519770978,41133900
2012-10-08,23.914430618286133,24.02685525271038,23.729731035298165,23.802004452191117,29752000
2012-10-09,23.512910842895508,23.882306922382355,23.432606881194246,23.83412515802987,45121100
2012-10-10,23.271995544433594,23.53699750700982,23.24790543162604,23.40851179980137,47227100
2012-10-11,23.247907638549805,23.488817979517645,23.183664778847007,23.464726332752623,41488500
2012-10-12,23.448665618896484,23.54502913789892,23.127449804433653,23.263966066079202,46464700
2012-10-15,23.697603225708008,23.86624012652119,23.488813587793846,23.585178625165884,42440200
2012-10-16,23.681547164916992,23.882306298086856,23.54503089309466,23.64942650007854,47739400
2012-10-17,23.7618465423584,23.801997748581485,23.360328353446185,23.52896525758755,44206100
2012-10-18,23.689579010009766,23.87427705502921,23.496850415423733,23.810034190167197,59238500
2012-10-19,22.998964309692383,23.35230078995412,22.88653969256523,23.328209144139503,90470800
2012-10-22,22.48501968383789,23.151539848913412,22.34850343163349,23.071235900851338,83374000
2012-10-23,22.525169372558594,22.645626052361294,22.292289623725345,22.300320171156876,64414800
2012-10-24,22.40471649169922,22.645628344013684,22.380626378637096,22.6135061510369,53320400
2012-10-25,22.38865089416504,22.645623791305702,22.372591332575748,22.63759324467598,54084300
2012-10-26,22.653661727905273,22.758057343535402,22.356539043941158,22.37260014352591,57790000
2012-10-31,22.918657302856445,23.19168824245854,22.886535114861946,22.926686318184842,69464100
2012-11-01,23.705636978149414,23.73775764050263,23.143510836098287,23.15957193311015,72047900
2012-11-02,23.689579010009766,23.90639925329557,23.55306273071915,23.76185242443837,57131600
2012-11-05,23.79396629333496,23.88230078166046,23.553056001845768,23.785937277732895,38070800
2012-11-06,23.97867202758789,24.251704578880222,23.777912888794745,23.946549830179062,43401500
2012-11-07,23.352298736572266,23.95457604394432,23.328207092876042,23.713665733663657,57871800
2012-11-08,23.135482788085938,23.585184362999,23.12745223871206,23.384425223664103,49841800
2012-11-09,23.151540756225586,23.440634367910512,23.13547965964965,23.19169196599495,43291200
2012-11-12,22.661691665649414,23.296091297076384,22.653661116073927,23.239878981718693,61112300
2012-11-13,21.933013916015625,22.103036537504952,21.657737871860814,21.876339708852516,131689200
2012-11-14,21.730607986450195,22.094944428978042,21.69822183855593,22.054461744110213,76086100
2012-11-15,21.584877014160156,21.835863525229893,21.56058739918304,21.762996224555327,50955600
2012-11-16,21.471525192260742,21.61725977071038,21.325790613811105,21.592970159549928,64083300
2012-11-19,21.641550064086914,21.698224285035383,21.43104471180925,21.698224285035383,57179300
2012-11-20,21.62535285949707,21.69822014230627,21.42294408375072,21.665835541200185,47070400
2012-11-21,21.819671630859375,21.997790838299647,21.59297319427077,21.62535780277956,66360300
2012-11-23,22.42689323425293,22.48356744504766,22.022075677997506,22.046363743048722,57845700
2012-11-26,22.175907135009766,22.32973825194131,21.997787950948776,22.297353647683202,85198700
2012-11-27,21.92491912841797,22.167809048272865,21.89253452642366,22.151617519403935,45018600
2012-11-28,22.151620864868164,22.175908933967907,21.673935945321908,21.868248219403263,53018400
2012-11-29,21.819671630859375,22.151621975422515,21.746804331393633,21.949213153408074,69551400
2012-11-30,21.552490234375,21.965402837600468,21.447236790998602,21.900632081775235,83690200
2012-12-03,21.398653030395508,21.714410182298327,21.374363424765985,21.682025585715156,53173800
2012-12-04,21.350082397460938,21.560586205245297,21.32579278382888,21.455334301353115,49777500
2012-12-05,21.592966079711914,21.803471370559404,21.261015844521403,21.35817118229332,68283800
2012-12-06,21.641550064086914,21.84395887847813,21.544394697962886,21.706320822921835,39182300
2012-12-07,21.422943115234375,21.714412233294055,21.350077379975794,21.714412233294055,46162100
2012-12-10,21.811567306518555,21.835855368165767,21.471520545151673,21.503905142100027,47031100
2012-12-11,22.119226455688477,22.256864458142132,21.900624649863946,21.900624649863946,52282800
2012-12-12,22.054458618164062,22.36212080252617,21.924917133460955,22.289253524348634,43966300
2012-12-13,21.949214935302734,22.281165306814476,21.819673402237513,22.119237618354507,45080100
2012-12-14,21.706317901611328,21.96540090208273,21.617259085359592,21.94920937274564,42077500
2012-12-17,21.941116333007812,22.038271701541337,21.601069454627,21.690129829330015,42046100
2012-12-18,22.313539505004883,22.370213706240943,21.973492753332366,22.062553094849697,50486900
2012-12-19,22.11113166809082,22.451178433713235,22.062553999932256,22.4187938363596,53519900
2012-12-20,22.41069793701172,22.41069793701172,21.981590814039603,22.151614973804506,52607300
2012-12-21,22.2244815826416,22.256866179941575,21.86014521141552,22.2244815826416,98776500
2012-12-24,21.908727645874023,22.062558763220427,21.860149967227578,22.02207762172448,20842400
2012-12-26,21.74680519104004,22.022081323401824,21.61726366337059,21.88444325722093,31631100
2012-12-27,21.8277645111084,21.933017953147502,21.5120072735043,21.771090293513467,39394000
2012-12-28,21.49580955505371,21.77918212606936,21.49580955505371,21.625351037074076,28239900
2012-12-31,21.62535285949707,21.673932077540808,21.35007834519793,21.52819751192241,42749500
2013-01-02,22.362123489379883,22.45118230565367,21.98159398111886,22.062557804850343,52899300
2013-01-03,22.06256103515625,22.38641483324298,21.989693737554646,22.370221757274464,48294400
2013-01-04,21.649639129638672,22.135420425362366,21.641542594546724,22.0787462239749,52521100
2013-01-07,21.609155654907227,21.762985172202814,21.56867298383786,21.67392638436221,37110400
2013-01-08,21.49580955505371,21.690123322340533,21.42294227838522,21.657737179707304,44703100
2013-01-09,21.617259979248047,21.65774112064944,21.503910003662337,21.63345150925467,49047900
2013-01-10,21.422943115234375,21.843953720374728,21.285306636435458,21.5767742102388,71431300
2013-01-11,21.722511291503906,21.803475116394246,21.277212570991797,21.447235213430652,55512100
2013-01-14,21.771087646484375,21.924918750007553,21.665835761498887,21.779184182907322,48324400
2013-01-15,22.030174255371094,22.094946557399187,21.722513542021048,21.722513542021048,48244500
2013-01-16,21.892536163330078,22.046365736753685,21.868246551825873,21.9815949836657,41077400
2013-01-17,22.06256103515625,22.240680238039772,21.908729901968783,22.013983351507424,51685900
2013-01-18,22.06256103515625,22.094947187093286,21.89253837025699,21.94111605390582,52167700
2013-01-22,21.98159408569336,22.224485558043334,21.860149121646625,22.103039049740097,58650600
2013-01-23,22.35402488708496,22.37831295098066,22.022074630288692,22.022074630288692,50387700
2013-01-24,22.370214462280273,22.726454296133156,22.240672985289446,22.42689020968795,101739300
2013-01-25,22.57262420654297,22.85599677902785,22.175903222766646,22.329734312559516,81847700
2013-01-28,22.596920013427734,22.856003049894845,22.475475033115863,22.677883848387882,56056500
2013-01-29,22.67787742614746,22.77503276518046,22.345927186648225,22.5240463377129,49242600
2013-01-30,22.54833984375,22.823615925705802,22.47547255474661,22.67788134769902,43580500
2013-01-31,22.2244815826416,22.64549061307858,22.183998905696356,22.49975760884437,50530000
2013-02-01,22.61311149597168,22.710266855673016,22.305449253652057,22.40260615760999,55565900
2013-02-04,22.216392517089844,22.685980917751234,22.20019944086713,22.564535934594396,50540000
2013-02-05,22.26496696472168,22.39450846715772,22.151618536154274,22.36212386367697,35410400
2013-02-06,22.135427474975586,22.297355139872362,22.062560180197703,22.167812081400943,41889600
2013-02-07,22.086849212646484,22.175908036167765,21.941114626921415,22.14352343059365,38028300
2013-02-08,22.305450439453125,22.434991955445984,22.111138165463842,22.143524316590398,33318500
2013-02-11,22.556438446044922,22.60501612840944,22.264969263344454,22.38641424138409,32247700
2013-02-12,22.57262420654297,22.66978109069012,22.467372330951815,22.57262420654297,35990900
2013-02-13,22.694074630737305,22.758845383308262,22.572628118442278,22.613110803959472,41715600
2013-02-14,22.70216941833496,22.71836094703751,22.564531386696455,22.605012524837484,32663200
2013-02-15,22.67787742614746,22.799322372066843,22.5726240072294,22.70216703303385,49650900
2013-02-19,22.89828872680664,22.93094300623605,22.694204151498056,22.75951115331513,38781400
2013-02-20,22.751354217529297,23.020745854770475,22.71869993081299,22.963600853016935,44110200
2013-02-21,22.441143035888672,22.64522764140644,22.228894859305157,22.64522764140644,49078500
2013-02-22,22.66155433654785,22.66155433654785,22.432979022341396,22.596247326352,31425900
2013-02-25,22.343185424804688,22.89829429675778,22.343185424804688,22.83298727905494,48011800
2013-02-26,22.343185424804688,22.53094290607009,22.318694709275324,22.351347439605686,49923300
2013-02-27,22.702375411987305,22.85748017773664,22.310533268344823,22.384003864908074,36394700
2013-02-28,22.69420623779297,22.8329838240424,22.645226371187842,22.759513245613768,35840200
2013-03-01,22.81665802001953,22.841147174565187,22.465632272474327,22.62889901193223,34849700
2013-03-04,22.97992706298828,22.97992706298828,22.612575694603247,22.735026150731592,38157500
2013-03-05,23.143190383911133,23.298295091973653,22.988085675848613,23.094210523433063,41432200
2013-03-06,22.930946350097656,23.045233230682776,22.677881875784053,23.028906088587195,51448500
2013-03-07,22.971769332885742,23.08605780376981,22.865645992467417,22.9472801696582,29196700
2013-03-08,22.857473373413086,23.126864961603783,22.82481909264243,23.061557957104274,37667800
2013-03-11,22.751354217529297,22.832986820235885,22.588085898031938,22.808497662240743,36627500
2013-03-12,22.78400230407715,22.816656584138876,22.5635905847858,22.726858871010897,39255200
2013-03-13,22.79216194152832,22.8737960705557,22.653384389294228,22.751345655535385,29093400
2013-03-14,22.971769332885742,22.98809647973238,22.800338962123273,22.857482419044096,55914800
2013-03-15,22.890132904052734,22.988092654748236,22.84115147166282,22.881969331987747,92710300
2013-03-18,22.939109802246094,23.086050966260736,22.70237091421318,22.75951435420955,44809400
2013-03-19,23.004417419433594,23.037070147273962,22.881966965208708,22.95543754915204,51901600
2013-03-20,23.11870765686035,23.257485273662443,23.004420757273532,23.135034801670532,35447800
2013-03-21,22.947275161743164,23.15135978166036,22.898293731892736,22.947275161743164,34233200
2013-03-22,23.061553955078125,23.135024517020458,22.939103537521415,23.012574099463748,28720900
2013-03-25,22.98809242248535,23.143197176068632,22.824824096919567,23.102379316156114,44154000
2013-03-26,22.98809242248535,23.13503360408613,22.94727611961498,23.053399441303235,27824300
2013-03-27,23.159528732299805,23.22483576355974,22.922789770831017,22.971769655015354,36047400
2013-03-28,23.355436325073242,23.396252612125238,23.06971764458465,23.11869750045535,55453800
2013-04-01,23.355436325073242,23.396252612125238,23.15135177573018,23.379925474487823,29201100
2013-04-02,23.510547637939453,23.551365496228517,23.281973859689035,23.33911730425164,28456500
2013-04-03,23.314620971679688,23.632993961454886,23.298295389339756,23.469725681721876,35062800
2013-04-04,23.347274780273438,23.355438349799858,23.077883214068198,23.175842934301915,45263200
2013-04-05,23.428913116455078,23.494220127326397,22.947273327388356,23.037069494185197,50927300
2013-04-08,23.33911895751953,23.453405854740453,23.2411576477286,23.453405854740453,34759500
2013-04-09,24.171777725219727,24.343208022002568,23.412582851943142,23.453399144403317,77733800
2013-04-10,24.718727111816406,24.75137983788946,24.09830974600923,24.139126042861026,71116700
2013-04-11,23.624835968017578,23.837084158951498,23.45340407813007,23.755449999816594,130923200
2013-04-12,23.502384185791016,23.690141651310196,23.396259317772703,23.551364055699935,62886300
2013-04-15,23.420747756958008,23.65748506939754,23.2738066044581,23.388093475494987,56332900
2013-04-16,23.649324417114258,23.788102016372136,23.428914218209894,23.592180974544902,52797300
2013-04-17,23.535032272338867,23.706464118777177,23.347274843844943,23.55135941143617,52840700
2013-04-18,23.502384185791016,23.657487366676254,23.265645293320926,23.632998210242793,56906600
2013-04-19,24.302400588989258,24.686079171927002,24.1717865370512,24.17995010992762,99790700
2013-04-22,25.16771125793457,25.45342999172619,24.71056221809308,24.7350513720763,137904000
2013-04-23,24.979957580566406,25.224858499604068,24.800362120032855,25.06159173925965,59126900
2013-04-24,25.92690658569336,26.057520599159474,24.979954209543106,24.996281350486836,90946600
2013-04-25,26.073850631713867,26.80855492820051,25.747315561835585,25.886091604122075,110700200
2013-04-26,25.951400756835938,26.106503945353463,25.673845551957537,26.041196929913962,47799300
2013-04-29,26.620792388916016,26.677935820634058,25.93506809421601,25.959557246642753,59116400
2013-04-30,27.020797729492188,27.02896285675519,26.351400541772865,26.579977393882515,75165200
2013-05-01,26.71059799194336,27.00448036422978,26.61263512512496,26.882028337748977,54330900
2013-05-02,27.069778442382812,27.077940455348582,26.441197565178054,26.63712013127551,46059500
2013-05-03,27.339176177978516,27.36366533507667,27.004477536606064,27.12692643618092,46784600
2013-05-06,27.551420211791992,27.68203422749195,27.143251023469148,27.2820270527387,40978300
2013-05-07,27.192235946655273,27.58407804418345,27.135092502062676,27.46979115499825,43078300
2013-05-08,26.931001663208008,27.13508623651061,26.65344651895313,26.996307107341444,51595700
2013-05-09,26.661609649658203,26.93916480555147,26.604466215864026,26.816712810801896,46417800
2013-05-10,26.686100006103516,26.710592274607805,26.38405568327626,26.669772865128568,36394900
2013-05-13,26.963659286499023,26.99631357342874,26.571817185595034,26.620798615989607,36027600
2013-05-14,27.56376075744629,27.56376075744629,26.963655375167793,27.012980265079,56870100
2013-05-15,27.82682228088379,27.867927926304432,27.48155743797773,27.497999068961896,46303900
2013-05-16,28.015899658203125,28.07344379907559,27.580204273985252,27.654190045952777,59382900
2013-05-17,28.665328979492188,28.665328979492188,28.032340246705832,28.05700426315046,60666700
2013-05-20,28.83795928955078,28.854397782953775,28.509132974928345,28.550235480276115,54020800
2013-05-21,28.648887634277344,28.99415564467582,28.54202172698895,28.854403336491444,48702400
2013-05-22,28.45159149169922,28.640665542655135,28.24607580988795,28.59956303347697,66047500
2013-05-23,28.07344627380371,28.402269516929852,27.867930570879587,28.139209668060634,51102700
2013-05-24,28.17209243774414,28.180311685911434,27.867930080822934,27.884368577157524,33174400
2013-05-28,28.78864097595215,28.920170904654167,28.28718214280043,28.295401391378928,48212100
2013-05-29,28.673551559448242,28.788639850573478,28.418710960584693,28.558463268323006,38412200
2013-05-30,28.796859741210938,28.977714566111114,28.61600805223157,28.64888818191458,51131000
2013-05-31,28.68998908996582,29.00237065380886,28.599561692461677,28.624222569628156,56165700
2013-06-03,29.257211685180664,29.29009494587656,28.632445411560344,28.706428044245598,51252600
2013-06-04,28.76397705078125,29.380524114320323,28.583122241981886,29.28187432629129,65529500
2013-06-05,28.59133529663086,28.68176268144341,28.30361465033624,28.443363782559384,46025100
2013-06-06,28.739316940307617,28.862627624136508,28.35294952709095,28.64067027479708,37618500
2013-06-07,29.322969436645508,29.41339681822467,28.821513919022433,28.977704673437515,40757300
2013-06-10,29.158571243286133,29.30654281198227,28.887288988702885,29.191451375057824,35994500
2013-06-11,28.64066505432129,28.92016650225583,28.50913514564153,28.813297471478403,39435900
2013-06-12,28.77219581604004,28.994153131502806,28.648885151031678,28.887284097556925,37372700
2013-06-13,28.54201889038086,28.78863708134383,28.435149857792744,28.763976203023663,45654900
2013-06-14,28.278959274291992,28.517355083602265,28.15564860995321,28.402266802710315,53192600
2013-06-17,28.77219581604004,28.903725728619403,28.46803348118535,28.517355238452314,49670100
2013-06-18,28.755756378173828,28.91194718129932,28.689992984828624,28.747537129975946,28616500
2013-06-19,28.435142517089844,28.846173774558086,28.435142517089844,28.739304769558846,30816200
2013-06-20,27.530887603759766,28.22142055774608,27.43223779896096,28.163873270319577,54493700
2013-06-21,27.35003662109375,27.728184851718762,27.16918175604635,27.6706406920985,85338500
2013-06-24,27.719959259033203,28.11454903582646,26.774585762853818,27.07874812781347,56109000
2013-06-25,27.67885971069336,28.262526824118847,27.506227233277492,28.015908551250256,44073400
2013-06-26,28.23784828186035,28.34471729498952,27.859700248843126,28.04877426535174,48665900
2013-06-27,28.459808349609375,28.59133824948819,28.36116170868031,28.377603338155183,28993100
2013-06-28,28.39405059814453,28.599566303453763,28.229637406712985,28.262520672183452,65545500
2013-07-01,28.246084213256836,28.763984763557282,28.22142332759727,28.566688270516654,31055400
2013-07-02,27.900808334350586,28.311839705347666,27.64597089132151,28.2871788265824,37630000
2013-07-03,27.958354949951172,28.25429806500965,27.621309321339194,27.67063421915586,15994400
2013-07-05,28.12276268005371,28.147426692133916,27.604865465171855,28.02411603949338,26085900
2013-07-08,28.221424102783203,28.435159101520163,27.93370017319248,28.2378626030602,32396900
2013-07-09,28.23784828186035,28.443363926228823,28.0652158932116,28.42692543428883,25318500
2013-07-10,28.52558135986328,28.61600877459606,28.213196600583007,28.22963823379996,29658800
2013-07-11,29.339412689208984,29.405179201608043,28.68998562682779,28.772190631406705,53638300
2013-07-12,29.322969436645508,29.37229431821225,29.002365546261018,29.248986818175,35501200
2013-07-15,29.7340145111084,29.775120166121756,29.249000395531176,29.314763798894404,34142600
2013-07-16,29.81621551513672,29.947745426154608,29.561374940574368,29.602477449782373,36378500
2013-07-17,29.38051986694336,29.914858696545203,29.175004208807245,29.873756192101997,37285100
2013-07-18,29.13390350341797,29.50383237790901,28.953051826049485,29.364083211946063,49547100
2013-07-19,25.812767028808594,26.85678540801399,25.50038391010873,26.634831250985254,248428500
2013-07-22,26.314224243164062,26.314224243164062,25.97718024754448,26.05938682675027,79040700
2013-07-23,26.158039093017578,26.33889391975725,26.06761167964774,26.232024873418275,65810400
2013-07-24,26.27312469482422,26.46219875070751,26.215580553291066,26.33889121995955,52803100
2013-07-25,25.804550170898438,26.01828668192363,25.68946188340807,25.993625802010165,63213000
2013-07-26,25.993623733520508,25.993623733520508,25.656576577907835,25.69768065442655,38633600
2013-07-29,25.927852630615234,25.977175942781148,25.812762811615006,25.870306937135208,28870700
2013-07-30,26.18269920349121,26.404654956904906,25.9360794348667,26.125155061200243,45799500
2013-07-31,26.17447853088379,26.347110958700785,26.067609493507305,26.281346000299983,43898400
2013-08-01,26.034727096557617,26.37999351084573,25.977182955502972,26.355332632085307,42557900
2013-08-02,26.215587615966797,26.22380843382346,25.95252771639621,26.051175962715522,29199900
2013-08-05,26.05939292907715,26.306011156485017,26.010068029227217,26.22380455802891,30984000
2013-08-06,25.960737228393555,26.034722988922187,25.796324078783258,25.93607478556401,36331500
2013-08-07,26.355327606201172,26.38820772630476,25.689455783365187,25.92785468565559,38078600
2013-08-08,27.037641525268555,27.185613061179055,26.34710873632632,26.50330265529869,59034400
2013-08-09,26.881452560424805,27.045865737659312,26.692378504177306,26.938996702068803,26800700
2013-08-12,27.021202087402344,27.103410245089336,26.684156480687093,26.684156480687093,25493700
2013-08-13,26.681781768798828,26.946695270029043,26.665224280219686,26.913580292870755,39464100
2013-08-14,26.7811222076416,27.61725797012102,26.243018066716573,26.607273323251263,48519600
2013-08-15,26.317527770996094,26.640390918909095,25.53106439442806,26.49137667248491,33338000
2013-08-16,26.325801849365234,26.4830948220344,26.20990259529791,26.31752468465378,32866300
2013-08-19,25.98638343811035,26.46653956122486,25.978104693693492,26.292690665497954,27902500
2013-08-20,26.176794052124023,26.408592603229884,25.969830157774243,26.02777979555071,22979600
2013-08-21,26.16851234436035,26.499652643020923,26.1105627131443,26.16851234436035,37409100
2013-08-22,26.814233779907227,26.897021208169985,26.57415497497145,26.64866208139919,31169900
2013-08-23,28.76798439025879,29.140520071520566,28.147092640828745,29.11568225409062,225493800
2013-08-26,28.271263122558594,28.701745150731774,28.171918200963805,28.478226972187812,72786800
2013-08-27,27.534473419189453,28.229872187702686,27.44341196401859,27.74971762454876,58522300
2013-08-28,27.335792541503906,27.815947151735067,27.31923505038993,27.64209823206612,44257400
2013-08-29,27.774553298950195,27.8159454451864,27.15366163135212,27.261283737980918,45284700
2013-08-30,27.650375366210938,27.716602165006773,27.393739020583947,27.62553755339661,42790200
2013-09-03,26.392032623291016,26.54932561028276,25.90359933138548,26.284412103144486,154507000
2013-09-04,25.829092025756836,26.052611808928596,25.7545849050299,25.986383432616773,142320600
2013-09-05,25.853925704956055,26.027776173098772,25.622127186111072,25.746305189636452,71644900
2013-09-06,25.787694931030273,25.986380033980662,25.771137444365532,25.920151666330533,75434900
2013-09-09,26.209903717041016,26.317525811002945,25.829090963659375,25.84564687279977,49628500
2013-09-10,26.814233779907227,26.822514101742243,26.317521842400602,26.408584855472157,56881200
2013-09-11,27.103988647460938,27.261280045058527,26.930136603990242,26.963251579700653,39087500
2013-09-12,27.062591552734375,27.137098664128985,26.979807276970448,27.087429361877707,32860200
2013-09-13,27.34406089782715,27.377175869385493,26.9135757416212,27.128819898732928,40899000
2013-09-16,27.15365982055664,27.733159303273442,27.095710188086773,27.633817527327686,52839700
2013-09-17,27.26127815246582,27.70832081946705,27.23644350141609,27.666925523693926,84716500
2013-09-18,27.584142684936523,27.650372635209045,27.178495292579782,27.310952035106983,64099900
2013-09-19,27.849056243896484,27.882171219120625,27.584142758139063,27.71659950101777,42026600
2013-09-20,27.145383834838867,27.71660301887547,27.062596386270933,27.658653383887046,102904900
2013-09-23,27.103988647460938,27.29439502076894,26.905301951216387,26.938416926926795,39826100
2013-09-24,26.86390495300293,27.211602661037134,26.615548996118882,27.211602661037134,40685000
2013-09-25,26.9135799407959,27.153658785025783,26.822518491828905,26.89702561045135,28907500
2013-09-26,27.12881851196289,27.319224851663922,26.979804305585155,27.02119643890845,28504000
2013-09-27,27.542757034301758,27.940127355506736,27.211613520954984,27.219893845698877,55348000
2013-09-30,27.5510311126709,27.575868926099776,27.07087654596186,27.319232574122964,39839500
2013-10-01,27.799386978149414,27.824221630593495,27.567585309272484,27.608977449351908,36718700
2013-10-02,28.080848693847656,28.171913277050997,27.559302157711166,27.61725177283744,46946800
2013-10-03,28.031190872192383,28.14709014987952,27.66693239029742,28.047748363007468,38703800
2013-10-04,28.047744750976562,28.138809359722867,27.83250055611838,27.89045018749911,33008100
2013-10-07,27.567584991455078,27.907005589021875,27.48480071225062,27.81594098708628,35069300
2013-10-08,27.327510833740234,27.59242752013639,27.15366192287075,27.575870029860482,41017600
2013-10-09,27.377172470092773,27.60897092618486,27.286107888623135,27.377172470092773,35878600
2013-10-10,27.948392868041992,28.056014938705196,27.534465227971353,27.575860518392236,42875100
2013-10-11,28.254701614379883,28.262978777659235,27.882166106463483,27.882166106463483,30033300
2013-10-14,28.519620895385742,28.56101303629853,27.964956101497,28.064301029309203,27757900
2013-10-15,28.552736282348633,28.966664013471,28.536178794141584,28.701747360176153,47097800
2013-10-16,28.676912307739258,28.892156493417108,28.610685513850793,28.643797331786065,35111600
2013-10-17,28.908714294433594,28.966667088319017,28.453394373469806,28.5196243333284,31359200
2013-10-18,28.941822052001953,28.966659859759865,28.42027545934855,28.825922809190086,41811700
2013-10-21,28.966665267944336,29.140514164620374,28.90043531224788,28.958384944473224,27433500
2013-10-22,28.62724494934082,29.057727033946396,28.577572482031805,28.991500235552515,40438500
2013-10-23,27.948392868041992,28.552730001600327,27.873885766508586,28.436827609646038,58600500
2013-10-24,27.9152889251709,28.229871746520892,27.791109334941368,27.99807321331181,53209700
2013-10-25,29.57927894592285,30.04287919901253,29.36403788864236,29.703458543827445,113494000
2013-10-28,29.446823120117188,29.579279888360446,29.198467074413383,29.479938101682617,38383600
2013-10-29,29.40542221069336,29.570993911169225,29.19017805266948,29.496486803855962,31702200
2013-10-30,29.421993255615234,29.62895718708464,29.33092862048566,29.413712929865834,36997700
2013-10-31,29.31435775756836,29.54615624453138,29.256408135827606,29.521321594647496,41682300
2013-11-01,29.413698196411133,29.546154919882618,29.297798958125753,29.52959743469651,40264600
2013-11-04,29.753135681152344,29.786250670371373,29.43027243131479,29.463387420533817,28060700
2013-11-05,30.33262062072754,30.3905702446915,29.612387324305754,29.628944810869406,51681900
2013-11-06,31.60753059387207,31.64064557949825,30.680333102470982,30.829347379769942,88948800
2013-11-07,31.044588088989258,31.466793097471236,30.98663844386465,31.425400944956344,60437400
2013-11-08,31.276371002197266,31.276371002197266,30.91211582130645,31.185306417470255,36737800
2013-11-11,31.119081497192383,31.27637287056059,30.92039483155381,31.2018657656983,26872500
2013-11-12,30.928680419921875,31.12736396137597,30.796223672946493,30.94523790804604,31651600
2013-11-13,31.590961456298828,31.590961456298828,30.547865057721246,30.614091846542866,44957600
2013-11-14,31.475069046020508,31.566133663701564,31.226713007447497,31.350889447724818,46183700
2013-11-15,31.326051712036133,31.475065952136053,31.226709937975535,31.417116320765867,50601300
2013-11-18,30.796220779418945,31.110806708184583,30.68859869573271,30.920397191655994,53277500
2013-11-19,30.64607048034668,31.05479417066435,30.587678199762642,30.737822505339363,44275000
2013-11-20,30.929691314697266,31.20495388957258,30.746180810134522,30.7962268154016,32229900
2013-11-21,31.196611404418945,31.305046528297645,31.07982997706194,31.08817309857171,23064700
2013-11-22,31.338411331176758,31.430166572110462,31.138220970929048,31.30504521047934,27982000
2013-11-25,31.396806716918945,31.655389430973777,31.338417585030605,31.638706367295814,30646800
2013-11-26,31.1549015045166,31.40514423304161,31.1549015045166,31.338411990243348,34465300
2013-11-27,31.36343002319336,31.49689130568477,31.271677976829487,31.33840702709121,26002100
2013-11-29,31.805530548095703,31.938991861812053,31.54694786065896,31.54694786065896,22090400
2013-12-02,32.07244873046875,32.347711259747584,31.74713702224455,31.7721600207331,42950400
2013-12-03,31.95566749572754,32.105811836503705,31.763817100728655,31.813863093008727,52109800
2013-12-04,32.48116683959961,32.51453295302544,31.79717742420868,31.87224958843294,51983600
2013-12-05,31.69708824157715,32.43112696549111,31.01309869723742,32.40610078471984,116305000
2013-12-06,31.99736976623535,32.15585402632798,31.688741183121245,32.047415752597445,36457300
2013-12-09,32.28931427001953,32.42277553270184,32.005708689073685,32.164196126111584,30286000
2013-12-10,31.788841247558594,32.447807746821866,31.713769074453054,32.20590816881868,37828600
2013-12-11,31.371776580810547,31.947327828002564,31.188266104038462,31.747137473313305,39853400
2013-12-12,31.04646110534668,31.39679577457889,31.013094989619443,31.39679577457889,36012800
2013-12-13,30.604372024536133,31.238315578289974,30.54598290537043,31.213289397241567,40066100
2013-12-16,30.77120018005371,30.862955421502857,30.47925457723227,30.637738878482704,31734200
2013-12-17,30.46257781982422,30.95471706781527,30.30409348578167,30.81291261569798,45687700
2013-12-18,30.51262664794922,30.52930652967573,29.63678330476233,30.32911612926716,63192100
2013-12-19,30.237356185913086,30.48759573864417,30.0955549394206,30.454229616421745,34160100
2013-12-20,30.69611930847168,30.8045575796626,30.18729724592297,30.195640364766323,62649100
2013-12-23,30.545978546142578,30.771195051627423,30.487589435309605,30.70446600294741,25128700
2013-12-24,30.929691314697266,31.00476032259788,30.562670305571782,30.629402555219613,14243000
2013-12-26,31.22997283935547,31.27168208095697,31.00475629897457,31.029782480329146,17612800
2013-12-27,31.104854583740234,31.380117122214624,31.00475622250557,31.34675418377145,14563000
2013-12-30,31.104854583740234,31.179926763682047,30.779542864648512,31.046465464004203,16290500
2013-12-31,31.20494842529297,31.34675283997893,31.04646413308465,31.19660848653179,17503500
2014-01-02,30.99641990661621,31.196613470518166,30.946370720148533,31.15490422414406,30632200
2014-01-03,30.78788185119629,31.046464503432784,30.529299198959798,31.029781443743175,31134800
2014-01-06,30.13726043701172,30.771200837526983,30.120577376212832,30.73783471592921,43603700
2014-01-07,30.370819091796875,30.437551339755046,30.203991653870172,30.304090025807426,35802800
2014-01-08,29.828628540039062,30.145600330801198,29.6784873570133,30.028822087354225,59971700
2014-01-09,29.636781692504883,29.953753521538893,29.528346557336274,29.928730518341347,36516300
2014-01-10,30.06220054626465,30.153955827191275,29.820300838725313,29.9454222548925,40548800
2014-01-13,29.178003311157227,30.045503326994087,29.052885135891405,30.020480328334582,45901900
2014-01-14,29.845319747924805,29.92873507456353,28.886067356349617,28.969479501018988,41623300
2014-01-15,30.662755966186523,30.68778214300917,29.903694363234287,29.945403597282763,44812600
2014-01-16,30.77120018005371,30.862955421502857,30.287404155096976,30.604372757597847,38018700
2014-01-17,30.345787048339844,30.721147876344858,30.153936665574562,30.721147876344858,46267500
2014-01-21,30.170618057250977,30.712806300731735,30.07886601198666,30.712806300731735,31567300
2014-01-22,29.97043228149414,30.295744004232947,29.820287919927246,30.24569482305451,21904300
2014-01-23,30.078866958618164,30.137256071973024,29.62843392819378,30.10388995520795,43954000
2014-01-24,30.704465866088867,31.321723086991245,30.470906241830132,31.238310981021048,76395500
2014-01-27,30.05384063720703,30.771196234406165,30.012134582432946,30.75451317610293,44420800
2014-01-28,30.254032135009766,30.35412729617846,29.820282193988344,30.128910797073043,36205500
2014-01-29,30.57935333251953,30.76286383686945,29.945412871444322,30.012141939045968,52745900
2014-01-30,30.746170043945312,30.762853100515475,30.220664898872194,30.6877809369336,35036300
2014-01-31,31.563621520996094,31.605327572490644,30.495931329290308,30.82124298570268,93162300
2014-02-03,30.42919921875,31.688742979733235,30.387493167094508,31.48020953948799,64063100
2014-02-04,30.32076644897461,31.021439062808504,30.237354330505386,30.83793176578254,54697900
2014-02-05,29.878677368164062,30.42086569999022,29.861994307588194,30.27072133677585,55814400
2014-02-06,30.178964614868164,30.237353733036564,29.77023760572107,29.86199284340521,35351800
2014-02-07,30.495941162109375,30.52096416468073,30.037164901842594,30.295747595632164,33260500
2014-02-10,30.69611930847168,30.69611930847168,30.270712524518878,30.55431810780992,26767000
2014-02-11,31.0047550201416,31.07982719717211,30.7461755519007,30.762858611459507,32141400
2014-02-12,31.2550048828125,31.363440021802724,31.113200435101387,31.154906502556777,27051800
2014-02-13,31.371776580810547,31.58031005642671,31.138220106350307,31.138220106350307,37635500
2014-02-14,31.380123138427734,31.51358446369285,31.138226673988388,31.18827268223219,31407500
2014-02-18,31.447343826293945,31.74988427325732,31.43894134980207,31.623827890908245,32834000
2014-02-19,31.522987365722656,31.724682119564275,31.27087132779265,31.279277012360286,29750400
2014-02-20,31.724674224853516,31.825519973764102,31.43053945476908,31.57340399857336,27526100
2014-02-21,31.917970657348633,32.22891365875692,31.817124885021762,31.884354331296578,38021300
2014-02-24,31.674253463745117,31.917966990882842,31.54819706427414,31.674253463745117,32085100
2014-02-25,31.54819679260254,31.808715272763173,31.388520866487152,31.60702375301487,30736500
2014-02-26,31.48937225341797,31.716277634953315,31.2540611878466,31.581815542839312,41041800
2014-02-27,31.817119598388672,31.842330235824146,31.28767377144237,31.47256032817922,33903400
2014-02-28,32.1953010559082,32.32135747188518,31.7835090697263,31.91797117026602,41215000
2014-03-03,31.74988555908203,32.0440235414657,31.50617526100584,31.867539469704045,29717500
2014-03-04,32.279335021972656,32.338161983952425,31.993602689858477,32.102854136033336,26802400
2014-03-05,32.027217864990234,32.16167994552982,31.875947623654586,32.14487178473376,20520100
2014-03-06,32.06083679199219,32.136471918806464,31.842333889715768,32.05243110799664,23582200
2014-03-07,31.850744247436523,32.23732241640016,31.674260121753463,32.17008975788669,26591600
2014-03-10,31.783506393432617,31.9431791225568,31.699468789857587,31.92637416650506,19006600
2014-03-11,31.95158576965332,32.128066665978686,31.69946974549864,31.82552615466139,25216400
2014-03-12,32.16167068481445,32.29613272663669,31.758284559347747,31.766687034411905,30494100
2014-03-13,31.842336654663086,32.31295561857571,31.632239418138965,32.28774177022881,32169700
2014-03-14,31.68265724182129,32.05242714619214,31.52298132393375,31.64063844452463,27195600
2014-03-17,31.976791381835938,32.279331845577474,31.758291716816313,31.85073499249608,20479600
2014-03-18,33.23738479614258,33.53152287395284,32.119669076786636,32.15328220084894,64063900
2014-03-19,33.0020751953125,33.23738308075268,32.69953465355827,33.170153630268125,35597200
2014-03-20,33.892887115478516,34.161811316848464,32.97686305274047,32.98526553148293,59269800
2014-03-21,33.75001525878906,34.40551751982313,33.62395565205376,34.22063415732804,80721800
2014-03-24,34.035762786865234,34.153416762578324,33.49791420884517,33.90130064236022,46098400
2014-03-25,33.901283264160156,34.44753724947511,33.58193463247624,34.17020741531648,43193100
2014-03-26,33.43907165527344,34.21222782481948,33.27939572899365,34.01893878243297,41977500
2014-03-27,33.07770919799805,33.59034696443405,33.06090103449513,33.39705789289463,35369200
2014-03-28,33.86767578125,34.15340816714128,33.34663550315281,33.439078805327874,43472700
2014-03-31,34.447532653808594,34.87612946071313,33.95170321517014,33.97691384915619,46886300
2014-04-01,34.80890655517578,34.951774334615855,34.5147717237245,34.58200437424435,32605000
2014-04-02,34.75007247924805,35.01059413796761,34.598802252356506,34.82570759269382,28666700
2014-04-03,34.46435546875,34.699666595951854,34.21223938073301,34.699666595951854,30139600
2014-04-04,33.50630187988281,34.7836932909636,33.313012832958805,34.666039367255856,51409600
2014-04-07,33.44746780395508,33.84245149738814,33.397046536421186,33.58192986042595,37559600
2014-04-08,33.46427536010742,33.55671862336197,32.94323530137882,33.4054484118233,35918600
2014-04-09,34.01053237915039,34.077761809432694,33.514702908232834,33.556721702887835,27398700
2014-04-10,33.07770919799805,34.19542482139199,32.8508037994528,33.985327586349655,45960800
2014-04-11,32.95164108276367,33.439068081246525,32.77516022020757,32.77516022020757,34330200
2014-04-14,32.92642593383789,33.11971492907204,32.69111814934904,32.86759898771568,32006600
2014-04-15,33.405452728271484,33.58193359592763,32.81717996358903,33.060893469873406,33968700
2014-04-16,33.951698303222656,33.968503252896554,33.53990650799907,33.66596607134838,30615800
2014-04-17,33.623958587646484,33.783634530895824,33.203764136281684,33.623958587646484,36688400
2014-04-21,33.56511688232422,33.741600910832716,33.439060525764255,33.724792755459156,22221200
2014-04-22,33.60715866088867,33.733215091668114,33.472696544559426,33.581944810069,27056700
2014-04-23,33.35502243041992,33.60714157546425,33.17013911810301,33.60714157546425,24602800
2014-04-24,33.4979248046875,33.59036815936897,33.027305547141566,33.39707896586745,42381600
2014-04-25,33.53990936279297,34.187008978464284,33.405447313161794,33.85925793285256,56876800
2014-04-28,34.346683502197266,34.69964840504713,33.69118137582678,33.733200167496726,50610200
2014-04-29,34.04414367675781,34.61560822992562,33.94329793379537,34.53997312124669,29636200
2014-04-30,33.951698303222656,34.035735874903615,33.758406117866286,33.951698303222656,35458700
2014-05-01,33.61554718017578,33.91808761772991,33.573528387366245,33.81724187382133,28787400
2014-05-02,33.35502243041992,33.90127630357849,33.32981179824673,33.8760656714053,43416600
2014-05-05,33.13652801513672,33.31300887975563,33.027276582160376,33.21216312937748,22460900
2014-05-06,32.82559585571289,33.06930623196715,32.733152551761776,33.01888494314265,27112400
2014-05-07,33.128116607666016,33.20375170883627,32.36336312064592,32.96004145469038,41744500
2014-05-08,33.313011169433594,33.531514050404475,32.74995221814098,33.06089517324543,32120400
2014-05-09,33.228965759277344,33.48948417155503,33.086098031339326,33.228965759277344,29647600
2014-05-12,33.59034729003906,33.632366096288955,33.32142308304443,33.39705821662601,22782600
2014-05-13,34.208152770996094,34.27585972257089,33.72575204058367,33.784994008989045,27004800
2014-05-14,34.055816650390625,34.23354254550105,33.89501426376646,34.10659363273934,18818700
2014-05-15,33.5141716003418,34.19122818091035,33.43800289645009,33.92886859451779,37793200
2014-05-16,33.708831787109375,33.71729354265098,33.23489276564292,33.57341787087999,29867100
2014-05-19,33.64112091064453,33.700362877871946,33.39568805873376,33.5226369761897,24537400
2014-05-20,33.58188247680664,33.80192363131127,33.39569157253281,33.58188247680664,21320900
2014-05-21,34.14891052246094,34.14891052246094,33.63265954894116,33.683436533760585,22398700
2014-05-22,33.93732452392578,34.14890386192643,33.725745185925135,34.09812688701074,20201800
2014-05-23,33.95425796508789,34.16583734488009,33.85270076675227,34.16583734488009,18020000
2014-05-27,34.01350021362305,34.07274218217775,33.69190187816755,34.07274218217775,26160600
2014-05-28,33.86116409301758,34.01350151181397,33.70036491915262,33.97118627958059,25711500
2014-05-29,34.140438079833984,34.14889983183982,33.77652140314498,33.979638964170235,19888200
2014-05-30,34.648231506347656,34.67362322245342,34.06427369102722,34.233537808472775,34567600
2014-06-02,34.52128982543945,34.77518441670031,34.42819438867333,34.65670048934157,18504300
2014-06-03,34.09812927246094,34.42819254628152,34.06427580118582,34.36048560373129,18068900
2014-06-04,34.1235237121582,34.16583894440868,33.734218409941434,34.030428264140006,23209000
2014-06-05,34.876747131347656,34.91060060979617,34.191231949214895,34.35203112917725,31865200
2014-06-06,35.10524368286133,35.25758106583914,34.90212932452059,35.10524368286133,24060500
2014-06-09,34.927520751953125,35.10524663757109,34.71594139428085,35.029077939671275,15019200
2014-06-10,34.792110443115234,34.83442566938755,34.580531083308834,34.724403498323674,15117700
2014-06-11,34.580528259277344,34.75825413217391,34.50435956682959,34.63977021690953,18040000
2014-06-12,34.34357452392578,34.59746919347272,34.09814161103719,34.53822721152663,29818900
2014-06-13,34.893672943115234,35.18142104538862,34.580536346902974,34.78365075530459,26310000
2014-06-16,35.12217712402344,35.21527256789135,34.7328718391623,34.7328718391623,24205300
2014-06-17,35.274513244628906,35.46916587993291,34.14044767878973,34.9444499400506,22518600
2014-06-18,35.249114990234375,35.325283672382874,34.851344846965084,35.21526152518079,27097000
2014-06-19,35.1306266784668,35.350670965454356,34.97829254774835,35.18140687433562,19828200
2014-06-20,35.274513244628906,35.40146215951826,35.020618643295215,35.07986060932491,47764900
2014-06-23,35.536865234375,35.54532698695163,35.2829674588556,35.31682092605076,18743900
2014-06-24,35.333763122558594,35.49456231943876,35.17296392567844,35.40147008657913,26509100
2014-06-25,35.57071304321289,35.58763977565417,35.088312468190786,35.29143002904203,20049100
2014-06-26,35.3083610534668,35.4945486760651,35.06292824590029,35.486086923037924,23604400
2014-06-27,35.75691223144531,35.79076570424267,35.130635898473486,35.2152695804669,74640000
2014-06-30,35.29145050048828,35.72307112855592,35.29145050048828,35.689217644036034,30793100
2014-07-01,35.435306549072266,35.6722776024716,35.28296916776001,35.426844796085796,26917000
2014-07-02,35.46070098876953,35.46070098876953,35.147561220660805,35.3168253493922,20208100
2014-07-03,35.376068115234375,35.5368704939887,35.17295373889022,35.469163549577445,15969300
2014-07-07,35.536865234375,35.64688416009279,35.29989419245318,35.333747659648346,21952400
2014-07-08,35.359127044677734,35.54531783788285,35.21525468879632,35.435295712039505,31218200
2014-07-09,35.26604461669922,35.53686915570041,35.14756069688634,35.528404173745386,18445900
2014-07-10,35.28296661376953,35.54532613558161,34.741324065397464,35.0121453395835,21854700
2014-07-11,35.621498107910156,35.621498107910156,35.105243997463774,35.29143485131514,24083000
2014-07-14,35.663822174072266,35.92618178515201,35.579191707760266,35.73152912987814,21881100
2014-07-15,35.92618179321289,35.94310853216816,35.570726732042985,35.824624587926635,28748700
2014-07-16,37.3056755065918,37.50032813664882,35.95156562190458,35.97695411282008,63318000
2014-07-17,37.68650817871094,38.685162846821186,37.44954036880148,38.46512177025444,82180300
2014-07-18,37.821937561035156,37.94888650979752,37.449558928282585,37.78808730601829,43407500
2014-07-21,37.94887161254883,38.219692917045144,37.42415573864278,37.7119037782257,37604400
2014-07-22,37.94039535522461,38.211216556190344,37.73727784027863,38.08426770579368,43095800
2014-07-23,37.97426223754883,38.465127897344466,37.76268287972894,38.465127897344466,52362900
2014-07-24,37.576499938964844,38.08428916985145,37.50879298634252,38.02504720052952,30725300
2014-07-25,37.6611328125,37.796543497968926,37.49186864855249,37.49186864855249,26737700
2014-07-28,37.21257400512695,37.66958290936441,37.178720537125834,37.542637247026825,29684200
2014-07-29,37.144874572753906,37.314138718508104,36.93329519767242,37.161801310173836,27763100
2014-07-30,36.88251876831055,37.322601034064114,36.63708591469963,37.29721254177509,31921400
2014-07-31,36.52705001831055,36.97559709869663,36.45934632148052,36.71324083436993,31537500
2014-08-01,36.27317428588867,36.60323764637988,36.053129893264156,36.56938416621525,31170300
2014-08-04,36.704795837402344,36.789429540071225,36.230860016239205,36.366270712063766,34277400
2014-08-05,36.45936965942383,36.78096807500106,36.24779022517493,36.654022351519295,26266400
2014-08-06,36.17160415649414,36.53551763874622,35.723053775609856,36.17160415649414,24634000
2014-08-07,36.586307525634766,36.772498420890166,36.0954450223868,36.2562441956422,30314900
2014-08-08,36.560916900634766,36.66247409737833,36.315484049096504,36.586305392709384,28942700
2014-08-11,36.560916900634766,36.77249627711014,36.408579491296884,36.61169388478401,20351600
2014-08-12,36.83173751831055,36.890979484280415,36.39165203650223,36.42550551089788,21431100
2014-08-13,37.3056755065918,37.39030596194009,36.83173656268453,36.96714722830876,22889500
2014-08-14,37.46647262573242,37.59341830185165,37.24642828828082,37.30567347793683,19313200
2014-08-15,37.906551361083984,37.99964677748967,37.57648814178686,37.728825508915406,41611300
2014-08-18,38.17738723754883,38.17738723754883,37.81347041332265,38.03351156756746,26891100
2014-08-19,38.603179931640625,38.611694535425535,38.17737827300056,38.296602217642366,28139500
2014-08-20,38.27957534790039,38.66279754632482,38.23699582554419,38.611700170331794,24770500
2014-08-21,38.5095100402832,38.535057104886114,38.17738520600755,38.18589981133871,22285500
2014-08-22,38.449893951416016,38.72240677344603,38.38176412160397,38.620212028727956,18294500
2014-08-25,38.4669189453125,38.69685222281998,38.35621285691199,38.66279056025529,16910000
2014-08-26,38.330657958984375,38.66278593023851,38.27104599587402,38.586141513581154,14873100
2014-08-27,38.21144485473633,38.32215420984202,38.11776795800146,38.23699516659719,21287900
2014-08-28,38.21996307373047,38.30512211778969,37.99002975643941,38.10925371756605,17657600
2014-08-29,38.688350677490234,38.696865283853086,38.20293689956188,38.39880533200579,21607600
2014-09-02,38.3987922668457,38.71388457281862,38.194406048971366,38.6883375138126,22976800
2014-09-03,38.2880859375,38.415827739781115,37.92189623614372,37.92189623614372,33684500
2014-09-04,38.54356002807617,38.552077879435096,38.08369676155615,38.100729215665545,26475500
2014-09-05,39.09711456298828,39.11414702195359,38.41583244742272,38.41583244742272,36939400
2014-09-08,39.57402038574219,39.855047884849824,39.165251047015666,39.190798115495475,45736700
2014-09-09,39.82097625732422,39.99981545240528,39.53143095172796,39.574013723505445,40302400
2014-09-10,39.88911437988281,39.97427344391005,39.41221517494413,39.87208191735535,27302400
2014-09-11,40.02537155151367,40.02537155151367,39.57402265655184,39.803956031893755,29216400
2014-09-12,39.76987838745117,40.04239120842055,39.68471610051757,39.94871431709812,38244700
2014-09-15,39.37813949584961,39.778390852782515,39.25891230055393,39.63361984569397,37667600
2014-09-16,39.82097625732422,39.89762069847057,39.42072484121276,39.50588388754897,27910600
2014-09-17,39.61658477783203,39.76135577537776,39.36961904819777,39.39516610691556,38311900
2014-09-18,39.752838134765625,39.88057991581207,39.565484388859744,39.67619371585944,35556600
2014-09-19,40.46820068359375,40.51078021094858,39.68472373610417,39.86356294876997,202522400
2014-09-22,40.07646179199219,40.34897465150839,40.00833195280837,40.280844812324574,38686100
2014-09-23,39.650657653808594,40.00832954214385,39.57401321364971,39.8976201844456,33430300
2014-09-24,40.09349822998047,40.11904529790449,39.463310149439216,39.71027596807092,26582700
2014-09-25,39.207820892333984,40.10200380295753,39.19930303920482,39.92316787055465,33077400
2014-09-26,39.522911071777344,39.70174699438143,38.96936759864018,39.11414185642131,27078800
2014-09-29,39.54845428466797,39.65064901502062,38.96936380710414,39.15671756414203,26091000
2014-09-30,39.4803352355957,39.58252673681122,39.18227208818735,39.48884984044314,33033100
2014-10-01,39.08859634399414,39.625104133058066,39.046013576213035,39.40368868419806,38088400
2014-10-02,38.9693717956543,39.25891709379173,38.86718029296147,39.02898702488519,25119400
2014-10-03,39.250404357910156,39.42924030829103,38.841635079064105,39.156727455727,32453200
2014-10-06,39.250404357910156,39.42924030829103,39.1056300776427,39.27595142264758,20604000
2014-10-07,38.77350616455078,39.11414886266893,38.679829260137815,39.05453687778968,25723700
2014-10-08,39.838008880615234,39.93168578113705,38.61170106582549,38.73092503063165,33031000
2014-10-09,39.04601287841797,39.855036722664714,38.95233923735718,39.599556363589166,34422800
2014-10-10,37.49610137939453,39.27595283924136,37.42797478810108,38.83311862570043,51978100
2014-10-13,37.1724853515625,37.94744422476656,37.03622895348076,37.31725635325801,37100200
2014-10-14,37.2406120300293,37.794155476120665,37.09584102793054,37.35983597260681,38115700
2014-10-15,36.806304931640625,36.95107596975491,35.85250665652104,36.61895111891899,60218700
2014-10-16,36.397525787353516,36.68707103385632,35.95469168984283,36.21868662877184,49040400
2014-10-17,37.155452728271484,37.41944767102263,36.44010582941411,36.789263050963015,40683300
2014-10-20,37.53867721557617,37.58977133745043,36.4571405715818,36.670041409015134,34527900
2014-10-21,38.21996307373047,38.30512211778969,37.63235462445023,37.77712889768206,36433800
2014-10-22,37.79416275024414,38.38176797258876,37.666420930834285,38.32215598982667,33570900
2014-10-23,38.339195251464844,38.70538506689566,37.921908049482056,37.998552505005016,45451900
2014-10-24,39.28445053100586,39.94018528477713,38.475426964737004,39.88057332976228,61076700
2014-10-27,39.09711456298828,39.258918050244674,38.92679322194455,38.92679322194455,30371300
2014-10-28,39.59104537963867,39.599559984655876,38.97788986290192,39.05453430249401,29049800
2014-10-29,39.70174789428711,39.7698777226952,39.46329999207685,39.54845902897793,30276100
2014-10-30,39.21634292602539,39.446276274934604,38.97789497098313,39.446276274934604,30073900
2014-10-31,39.982784271240234,39.999816730773695,39.58252959372751,39.97426641716876,35849700
2014-11-03,40.400047302246094,40.417079752986176,39.79540991970836,39.9316662770212,23130400
2014-11-04,40.51076889038086,40.64702528900584,40.2382560931309,40.280835608587054,21530800
2014-11-05,40.757728576660156,40.791793483410885,40.24676472122418,40.70663121653406,22449600
2014-11-06,41.47308349609375,41.609339901168276,40.69812458311822,40.75773655730026,33037800
2014-11-07,41.456058502197266,41.66044152229709,41.12393365807791,41.66044152229709,28000600
2014-11-10,41.63490676879883,41.856325562760524,41.34536136419464,41.43052368826087,36370100
2014-11-11,41.617855072021484,41.685984899791094,41.43050454287304,41.60082261507908,23445200
2014-11-12,41.54121398925781,41.66043794885782,41.31979852837341,41.35386344500463,22722100
2014-11-13,42.2480583190918,42.28212324534103,41.48161372153479,41.56677603715789,26210400
2014-11-14,42.22249221801758,42.62274355090763,42.06068551556895,42.358748612990325,29081700
2014-11-17,42.12029266357422,42.33319345938518,41.84777990482486,42.0777131541337,30318600
2014-11-18,41.768951416015625,42.27456665730055,41.734671640888,42.10317105076172,23995500
2014-11-19,41.32332229614258,41.7775178543966,41.07479884124545,41.70038999836298,26177500
2014-11-20,41.73466110229492,41.73466110229492,41.02337065895447,41.134778265437596,21510600
2014-11-21,41.11763381958008,42.03459622180177,40.76627442498203,42.00888803435009,42884800
2014-11-24,40.78342819213867,41.13478770636658,40.6120325895423,41.12621939733141,35434200
2014-11-25,40.680580139160156,41.10906738471576,40.66344025704615,40.843404115595916,28008000
2014-11-26,40.92052459716797,41.12619987647817,40.51774561261339,40.69771270792143,27163600
2014-11-28,40.971961975097656,41.306181588233116,40.800566379641275,41.09193791118741,21534400
2014-12-01,41.66609191894531,41.803207683975046,40.88624539238289,41.03193273159444,31191600
2014-12-02,41.528995513916016,42.034610746126845,41.30618351778377,41.854646833585505,25773500
2014-12-03,41.203338623046875,41.563266370905986,40.97195509838094,41.5118467201696,23534800
2014-12-04,41.85463333129883,42.04316876119643,41.30617019243106,41.46899416518925,30320400
2014-12-05,41.49471664428711,41.96605538136333,41.46044013812645,41.83750785868813,27313400
2014-12-08,40.877689361572266,41.43472089403421,40.663445710064124,41.35759304872733,26663100
2014-12-09,40.78342819213867,41.06622815768835,40.32066104585824,40.37208070736691,24330500
2014-12-10,40.192115783691406,40.84341513423874,40.02072018541081,40.774858856385976,30431800
2014-12-11,40.423484802246094,40.91196326522679,40.003569136184844,40.346360237094544,29060400
2014-12-12,40.234962463378906,40.90340167736213,39.99500732651135,40.08927506573443,34248400
2014-12-15,39.99500274658203,40.85197734087707,39.89216671061425,40.44920150454548,29247800
2014-12-16,38.700984954833984,39.71221556182267,38.67527675487485,39.335147796323376,47801400
2014-12-17,39.19802474975586,39.377988654620786,38.478165861197056,38.60671010648668,34970900
2014-12-18,40.72343826293945,40.72343826293945,39.71220785226666,39.91788321930988,40105600
2014-12-19,40.843414306640625,41.22048199993823,40.4234952628168,40.817706111604146,64551200
2014-12-22,41.11763381958008,41.237609719818714,40.886250325220665,40.94623827533999,26566000
2014-12-23,41.52043151855469,41.82037140395216,41.24619983216284,41.45187196240694,23648100
2014-12-24,41.25476837158203,41.683255792589904,41.203351973284825,41.683255792589904,11437800
2014-12-26,41.031944274902344,41.48613976138402,40.980524622638924,41.48613976138402,13197800
2014-12-29,40.6634521484375,40.94625211327354,40.5006248552872,40.87769583386752,14439500
2014-12-30,40.294944763183594,40.80912819868613,40.140689078713116,40.65487251421566,16384700
2014-12-31,39.80646514892578,40.65486805128042,39.80646514892578,40.04641695660617,21552500
2015-01-02,40.072139739990234,40.63774297059794,39.88360750918726,39.98644356863428,27913900
2015-01-05,39.703651428222656,40.04643945043675,39.63509186231982,39.737927942074045,39673900
2015-01-06,39.12089920043945,40.063570131180455,39.02663145354549,39.74649038452747,36447900
2015-01-07,39.61794662475586,39.81505044647907,38.98378707122893,39.403702913869814,29114100
2015-01-08,40.78342819213867,40.92054402039592,40.03786108030856,40.063569276513284,29645200
2015-01-09,40.44062805175781,40.980522936464126,40.19210791545673,40.80055906459485,23944200
2015-01-12,39.935020446777344,40.740578771815194,39.72934834569044,40.63773945217263,23651900
2015-01-13,39.72934341430664,41.057653405039076,39.47225168530983,40.25209844908942,35270600
2015-01-14,39.38655471801758,39.62650984659074,39.0951832018993,39.38655471801758,29719600
2015-01-15,38.97520446777344,39.74648291644322,38.915216507221196,39.609367111024,32750800
2015-01-16,39.626502990722656,39.66077948678951,38.70953725259462,38.8295164306728,35695300
2015-01-20,39.75503921508789,39.977854374774125,39.05232051595009,39.677911393519224,36161900
2015-01-21,39.352272033691406,39.540807491663365,38.97520438684615,39.36941191797055,39081100
2015-01-22,40.38920211791992,40.397770423035404,39.489379702299594,39.7464713540343,35898000
2015-01-23,40.43206787109375,40.612031779134135,40.106416559568906,40.58632358344241,26211600
2015-01-26,40.28636932373047,40.38920861624862,39.62650184344603,40.27780101723641,42525500
2015-01-27,36.55854415893555,37.021311326933315,36.087208681500506,36.80706763090835,169164000
2015-01-28,35.29878616333008,36.669947623316524,35.273077968844376,36.62709954280735,84507100
2015-01-29,36.001495361328125,36.09576307429028,34.95598875080681,35.07596465126843,63585300
2015-01-30,34.62178421020508,35.63301476443173,34.57893285370942,35.60730329671443,78004900
2015-02-02,35.37590789794922,35.45303573716678,34.47608528647666,34.784596643346894,50352500
2015-02-03,35.65013885498047,35.932942016783855,35.1788035210732,35.675850313661556,52082400
2015-02-04,35.85581588745117,36.1728955607741,35.4444684890353,35.9415120362092,41614800
2015-02-05,36.37858200073242,36.541406040721455,35.87296672286177,36.181478183135326,36548200
2015-02-06,36.34429168701172,36.669942941683885,36.12147973535092,36.57567521513942,34616600
2015-02-09,36.30144500732422,36.62709627451373,36.172897508168205,36.19860896945863,31381100
2015-02-10,36.507110595703125,36.652797953464386,36.14718289258375,36.627089765841035,29670700
2015-02-11,36.318580627441406,36.549964137294914,36.17289326089735,36.549964137294914,38262500
2015-02-12,36.92704772949219,36.92704772949219,36.430000729661465,36.55854826936933,33268800
2015-02-13,37.59547424316406,37.59547424316406,36.97845476307092,37.17555852592971,40264900
2015-02-17,37.61273956298828,37.975228803046434,37.2761381784667,37.94933765514619,33695700
2015-02-18,37.569580078125,37.71630425264847,37.44875034167237,37.65588938442215,27111700
2015-02-19,37.5436897277832,37.56958087403916,37.15530607212654,37.26750652650813,27603400
2015-02-20,37.854400634765625,37.87166249820678,37.36244904996611,37.55232296309117,29721100
2015-02-23,38.104705810546875,38.1392262569281,37.6731689533147,37.716321980564935,32518800
2015-02-24,38.052894592285156,38.2341391601749,37.9061704475439,38.10468016555196,25271700
2015-02-25,37.96660614013672,38.0529121764338,37.802620061862335,37.932082408672194,29759800
2015-02-26,38.027008056640625,38.17372892678604,37.880283894132084,37.966593193361554,28957300
2015-02-27,37.845767974853516,38.14784564587338,37.68178521106362,38.08743077014217,33807700
2015-03-02,37.871665954589844,38.13921663143638,37.586850120362634,37.69041801809794,31924000
2015-03-03,37.353816986083984,37.828510006338334,37.18983421968221,37.5954797852218,31748600
2015-03-04,37.16394805908203,37.29340711550448,37.008594557483654,37.12079174791025,25748700
2015-03-05,37.20708465576172,37.31928508903059,36.95679264783993,37.17256093900778,23193500
2015-03-06,36.559791564941406,37.20709664706186,36.378546932115015,37.112158041572634,36248800
2015-03-09,36.982688903808594,37.224351662144485,36.41306066804227,36.41306066804227,32108000
2015-03-10,36.27497100830078,36.861861136121526,36.27497100830078,36.551154210526605,39159700
2015-03-11,36.23183059692383,36.568428785888294,36.1110008154868,36.51664647519506,32215300
2015-03-12,35.40327453613281,35.947011750263414,35.26518291106073,35.67082850011925,59992500
2015-03-13,35.71397399902344,35.79165072755085,35.04940716436965,35.12708389289706,58007700
2015-03-16,35.86933517456055,35.93837934124021,35.627672360271596,35.791658429318396,35273500
2015-03-17,35.99016189575195,36.10236236103938,35.51547217819345,35.70534608979858,31673400
2015-03-18,36.68062210083008,36.96543792335947,35.67082773156546,35.75713376073947,44194800
2015-03-19,36.49937057495117,36.75829190596621,36.438955707459776,36.47347613719532,33879100
2015-03-20,37.00858688354492,37.09489290326385,36.67198879733205,36.73240366960802,71904500
2015-03-23,36.99132537841797,37.224355584746185,36.92227792808502,37.0085872410012,26246100
2015-03-24,37.02584457397461,37.258871459431504,36.89638226662012,36.922273411145724,25513300
2015-03-25,35.783023834228516,37.05174283756455,35.765761970440366,37.043110259488536,43469900
2015-03-26,35.5672492980957,35.91247992917121,35.31695725518412,35.575881874672405,37495600
2015-03-27,35.36012649536133,35.75713956175304,35.23929671796946,35.48958556012497,34401400
2015-03-30,35.351478576660156,35.85206262849736,35.30832557379631,35.472308301624146,35049700
2015-03-31,35.09255599975586,35.411892160251256,34.98898813815035,35.19612386136137,34887200
2015-04-01,35.144344329833984,35.178864758164735,34.79048442362886,35.040773167752086,36865300
2015-04-02,34.773231506347656,35.16161523313224,34.62650730184501,35.09256777398651,37487500
2015-04-06,35.86070251464844,36.059209020402726,34.67829276630156,34.81638439171168,39223700
2015-04-07,35.84341812133789,36.171386760185996,35.6535443134675,35.912465536826744,28809400
2015-04-08,35.748497009277344,35.98152721168099,35.42053150281021,35.78302073386239,24753400
2015-04-09,35.8002815246582,35.921111264725845,35.601775052780866,35.601775052780866,25723900
2015-04-10,36.00741958618164,36.20592605261538,35.73986567453787,35.92974285650205,28022000
2015-04-13,36.04194641113281,36.30087108424651,35.72261015128697,35.731242729651555,30276700
2015-04-14,35.94700241088867,36.27496787749879,35.7226015207205,36.07646142380429,24244400
2015-04-15,36.47348403930664,36.646099394835524,35.972903129873366,36.04194729666648,27343600
2015-04-16,36.387176513671875,36.54252999803267,36.093731409030816,36.20593187937226,22509700
2015-04-17,35.92111587524414,36.024687059192885,35.52410288053237,35.96426888904083,42387600
2015-04-20,37.03448486328125,37.25888253136655,35.97290482154789,36.01605783936842,46057700
2015-04-21,36.80145263671875,37.24162195495911,36.70651402720165,37.112159616096875,26013800
2015-04-22,37.10350036621094,37.22433002897627,36.72374623482118,36.82731404685412,25064300
2015-04-23,37.405601501464844,37.638631715880244,36.93954107263404,37.017217810772514,46309500
2015-04-24,41.3153190612793,41.54834925363569,39.39929852251023,39.40792780710264,130933700
2015-04-27,41.453407287597656,41.539716588314654,40.754320059787446,40.76294934367756,59248200
2015-04-28,42.42868423461914,42.471837242100804,41.16859797891944,41.23764213241741,60730800
2015-04-29,42.34238052368164,42.558148865194234,41.85905825344254,42.04893544752998,47804600
2015-04-30,41.97989273071289,42.756660164676205,41.94536900201141,42.03167832376511,64725500
2015-05-01,41.99715042114258,42.187027617765615,41.77275279161288,41.92810626296561,38937300
2015-05-04,41.634666442871094,42.178400368935414,41.58288084842322,41.746863625628706,34039500
2015-05-05,41.0822868347168,41.56560905704596,40.831998085568735,41.27216400998241,50369200
2015-05-06,39.943031311035156,41.22901197798189,39.718633701447,41.0563966593338,52433000
2015-05-07,40.30552673339844,40.642124818380886,39.83946632694724,39.934404923709174,32971700
2015-05-08,41.211753845214844,41.410260327291404,41.013247363138284,41.039138510950636,35364900
2015-05-11,40.8838005065918,41.349861097717046,40.8838005065918,41.03915403696688,24609400
2015-05-12,40.86652755737305,41.15134338329437,40.06386896551262,40.434990821635786,29928300
2015-05-13,41.10818099975586,41.70370037410507,41.056395418018134,41.591499926521614,34184600
2015-05-14,42.0489501953125,42.13525624524212,41.45342725675793,41.45342725675793,32980900
2015-05-15,41.686439514160156,42.212914751193075,41.470671190285245,42.17839102920588,28642700
2015-05-18,41.436153411865234,41.61740133211435,41.09092601956425,41.41026226284271,24136500
2015-05-19,41.331912994384766,41.53170956232553,40.98443868524219,41.314538947551576,28574800
2015-05-20,41.331912994384766,41.63595052956406,41.06262023911124,41.16686120634977,25047900
2015-05-21,41.19291305541992,41.3492761344449,40.83675344514303,41.071298063680494,22410700
2015-05-22,40.7412223815918,41.13212696886045,40.67172617084786,41.088693494026344,25720600
2015-05-26,40.471923828125,40.72384258590284,40.124449450930655,40.680409117193854,29581900
2015-05-27,41.35796356201172,41.49695259318931,40.49796665339043,40.671703770802395,27335600
2015-05-28,41.21898651123047,41.71413528582681,41.166864366729484,41.262419974767525,19283700
2015-05-29,40.70646286010742,41.32322664556098,40.47191818526717,41.20161162462769,36519600
2015-06-01,41.02786636352539,41.49695562063251,40.49796960795181,40.880191956895445,28837300
2015-06-02,40.758583068847656,41.1321168250731,40.49797897035014,40.76727174992875,21498300
2015-06-03,40.69777297973633,41.4709031727225,40.671713565664675,41.14948826828889,28002200
2015-06-04,40.2721061706543,40.967051248031,40.13311715517896,40.64563977107419,27745500
2015-06-05,40.081016540527344,40.41111687208395,39.82041241088214,40.22869431270844,25438100
2015-06-08,39.72484588623047,40.33292423100129,39.672723749103696,40.219994590773474,22121600
2015-06-09,39.65534973144531,39.90726508895089,39.49029796776636,39.75090200428668,24406100
2015-06-10,40.48928451538086,40.68039569114003,39.690095037100825,39.776965259609604,28417400
2015-06-11,40.341609954833984,40.75857711426581,40.07232052835783,40.53272114556706,27347800
2015-06-12,39.93334197998047,40.367683299532096,39.87253446034414,40.15051263975628,23931000
2015-06-15,39.507686614990234,39.655364388984935,39.108093390376176,39.48162719583407,33254500
2015-06-16,39.81171417236328,40.16787380761826,39.351310267940825,39.39474372321383,27070300
2015-06-17,39.93334197998047,40.020208918386274,39.40344503992567,39.72485668854072,28704100
2015-06-18,40.584842681884766,40.65433555054698,40.10706471213044,40.15050148302473,32658300
2015-06-19,40.04624938964844,40.68039033226591,39.95069712811622,40.6456422478398,63837000
2015-06-22,40.15919494628906,40.58485086505192,40.098387431288806,40.24606519183303,20318100
2015-06-23,39.88120651245117,40.202618053747756,39.62928783592349,40.072317689645985,25896500
2015-06-24,39.646663665771484,40.176560452755425,39.56848211828598,39.67272307701321,34890900
2015-06-25,39.65534973144531,40.01150935456711,39.5250460563051,39.985446631283,20616000
2015-06-26,39.316558837890625,40.20261516797363,39.11676230960131,39.65534771326114,49835300
2015-06-29,38.54342269897461,39.29048981288288,38.534737336287854,39.125441411761415,34081700
2015-06-30,38.352333068847656,38.84748182059178,38.169907228394,38.838793140028855,35945400
2015-07-01,38.61293411254883,39.290505337653734,38.308893278231174,38.62161947866742,28343900
2015-07-02,38.56950378417969,38.873541329408205,38.27415160577454,38.63899666004876,21752000
2015-07-06,38.56080627441406,38.63898781296616,38.17858726024823,38.187272625082926,23034000
2015-07-07,38.48263168334961,38.64768346884619,37.631323284179665,38.517379776481576,36435800
2015-07-08,38.430503845214844,39.00383399240057,38.24807805593229,38.604237642611906,39785900
2015-07-09,38.67375183105469,39.28183034653342,38.65637778046829,38.87354844215631,32424700
2015-07-10,38.751922607421875,39.21232322155176,38.71717451592819,39.0993935810775,25465800
2015-07-13,39.55980682373047,39.62929970932025,39.04728395168129,39.07334336955731,28178300
2015-07-14,39.62929916381836,39.92465137947201,39.360009679443145,39.4816247128721,22880300
2015-07-15,39.75090026855469,39.86382989449444,39.46423683502759,39.68140740827174,26629600
2015-07-16,40.53272247314453,40.55878188591242,39.93333278315941,39.96807756226308,26271700
2015-07-17,40.49797439575195,40.63696345350133,40.18524818737571,40.43716689009663,29467100
2015-07-20,40.758583068847656,40.94100892018073,40.341615848499444,40.52404169983252,30631900
2015-07-21,41.071292877197266,41.114729637699,40.37634778804393,40.63695178225648,42781900
2015-07-22,39.55980682373047,40.767275120483326,39.26445460401126,39.47293657454178,59152400
2015-07-23,40.05495071411133,40.159191686541746,39.17757953101973,39.32525727957686,33934000
2015-07-24,39.907264709472656,40.23736491993153,39.78564971450361,39.881205300196456,32333200
2015-07-27,39.39475631713867,39.9680867258042,39.30788937882259,39.907279206230676,39701400
2015-07-28,39.38605880737305,39.64666285574686,38.908284166394346,39.59454403432826,34328900
2015-07-29,40.2113037109375,40.63695617427841,39.316558705299386,39.43817700858529,40945900
2015-07-30,40.723838806152344,41.1755541290749,39.89858972223155,40.185253240113376,39777900
2015-07-31,40.56747055053711,41.149486193868164,40.39373340004288,41.079993321926786,31201500
2015-08-03,40.663021087646484,40.828069537504035,40.3502949184342,40.81069549324111,24125900
2015-08-04,41.29716491699219,41.444839344491584,40.55009747167368,40.6109049787335,33403900
2015-08-05,41.331912994384766,42.05291771227879,41.297164900718386,41.679383989766734,26959700
2015-08-06,40.49797439575195,41.49696052653599,40.24605900679156,41.444838387219775,27368000
2015-08-07,40.60222625732422,40.63697104293016,40.18525569244142,40.29818535850389,19163000
2015-08-10,41.11473846435547,41.25372751202479,40.689082641878,40.78463823348071,23079900
2015-08-11,40.315547943115234,40.77594853063489,39.872521400338236,40.671707575939166,29237400
2015-08-12,40.60222625732422,40.741215341031435,39.707480924307944,40.12444817542959,30181400
2015-08-13,40.59353256225586,40.91494415730389,40.38505061932336,40.880199375988965,22627200
2015-08-14,40.82807922363281,40.91494615179575,40.41111200368106,40.419797370992995,21473400
2015-08-17,41.106048583984375,41.218978217466585,40.4545368207381,40.66302204303139,21099700
2015-08-18,41.33340835571289,41.47331398223908,40.83499435273753,40.95741135899628,23574100
2015-08-19,40.756282806396484,41.16725689821132,40.48521429159767,40.90493102264573,31485500
2015-08-20,39.92560577392578,40.6338798784906,39.92560577392578,40.28411414733467,36238200
2015-08-21,37.66088104248047,39.768211393278925,37.66088104248047,39.610817148355125,70053100
2015-08-24,36.44544982910156,37.328603449192684,34.73160511280575,35.36992472645838,88753700
2015-08-25,35.387413024902344,37.80953181218585,35.31745854620486,37.22367472774043,70616600
2015-08-26,37.34608840942383,37.45976275939393,35.903312438502795,36.73400011769392,63408000
2015-08-27,38.38663864135742,38.43035851786483,37.53845902753995,37.800781622197206,50943200
2015-08-28,38.412864685058594,38.60523611830944,37.94068207741323,37.94942805289498,28246700
2015-08-31,38.05437088012695,38.41287929212382,37.68711648932254,38.089348124129955,34441700
2015-09-01,36.567867279052734,37.24116414059711,36.427961654291124,36.87390979083963,49688900
2015-09-02,37.914459228515625,37.93194784774436,36.620331426106304,37.04004828075691,37671500
2015-09-03,38.036869049072266,38.45658582451267,37.84449760947408,37.958171945201414,28285200
2015-09-04,37.25864028930664,37.634637155426006,36.90013203738028,37.433523095624594,37138800
2015-09-08,38.37788772583008,38.47407344313589,37.77454550220134,37.86198524396354,32469800
2015-09-09,37.66088104248047,38.82384925934932,37.520975417616334,38.657709036589075,33469500
2015-09-10,37.853248596191406,38.29045404543655,37.38106591045957,37.70459700892937,31366600
2015-09-11,38.01938247680664,38.115568201776014,37.5471998282002,37.722082661270655,27132500
2015-09-14,37.634639739990234,37.98440204103402,37.47724553705621,37.97565940114316,23656000
2015-09-15,38.45659637451172,38.72766499234442,37.669628455522584,37.76581086609548,28882200
2015-09-16,38.736392974853516,38.80634743128271,38.33416485722188,38.44783918111328,23372200
2015-09-17,38.692684173583984,39.34849237991592,38.544035914576334,38.727661411802146,32768200
2015-09-18,38.01938247680664,38.46533386791692,37.88822285371325,38.03687109367495,63143700
2015-09-21,38.570255279541016,38.885043655190955,38.12430396883294,38.141792582548156,26177200
2015-09-22,38.38663864135742,38.517798270879666,37.87073609309928,37.93194458733222,28085900
2015-09-23,38.36039733886719,38.62271988765202,38.04560894608053,38.412863182869025,17145200
2015-09-24,38.39537811279297,38.58774955628024,37.835755734225444,37.99314994514912,27905600
2015-09-25,38.42161178588867,39.112397162209504,38.26421756506588,38.89379444835704,29384600
2015-09-28,37.853248596191406,38.55277664786106,37.78329412321801,38.32543128192325,27613800
2015-09-29,37.98440933227539,38.09808368635067,37.64338960566252,37.92320083445323,32763600
2015-09-30,38.70143127441406,38.736408516662216,38.17678598314541,38.36915747989684,34958900
2015-10-01,39.00746536254883,39.12988233784073,38.2554715593415,39.12988233784073,28657900
2015-10-02,39.846893310546875,39.846893310546875,38.40411439450041,38.71016012534066,41839000
2015-10-05,40.773765563964844,41.00111084310677,39.96056347198415,40.004283333094726,34369300
2015-10-06,40.87869644165039,41.254693274700614,40.41525988093762,40.51144558273351,27017200
2015-10-07,40.92243194580078,41.403357302975344,40.17918396976855,41.18475456465844,27711500
2015-10-08,41.49079132080078,41.55199980728704,40.660100429842814,40.712566276379185,33772700
2015-10-09,41.19349670410156,41.56949364582372,41.027356503667775,41.49079653393739,28600600
2015-10-12,41.09730911254883,41.15851760395255,40.66010369645788,41.07982049563168,19769100
2015-10-13,41.001121520996094,41.21098157883675,40.7125676940292,40.7125676940292,19987800
2015-10-14,40.81749725341797,41.184748195904895,40.68633429646546,40.791265996272486,24697800
2015-10-15,41.10606002807617,41.123548648513875,40.68634314441107,41.10606002807617,27189400
2015-10-16,41.543251037597656,41.56948562690752,41.009863310608175,41.114791661011274,26450300
2015-10-19,41.63944625854492,41.86679496122258,41.1148010510952,41.46456341085739,29387600
2015-10-20,41.77061080932617,41.80558804731022,41.11480260738375,41.48205359937726,30802200
2015-10-21,41.2722053527832,41.96299093514557,41.193508218898714,41.90177908824546,25144300
2015-10-22,41.99794006347656,42.802399550241226,41.17599530004486,41.56073476334256,56637100
2015-10-23,46.230106353759766,47.27940016908132,45.68797249449531,45.731692375214315,135227100
2015-10-26,47.436790466308594,47.49799896135158,45.906571419008316,45.932802678137364,64633300
2015-10-27,46.947120666503906,47.541720353538835,46.850938268094566,47.20944660860566,50999900
2015-10-28,47.2006950378418,47.2006950378418,46.22135586639113,46.81595548296073,47000800
2015-10-29,46.658565521240234,47.069539706030355,46.53614853060815,46.81595974794229,30202100
2015-10-30,46.028987884521484,47.20944456606765,46.01149926676383,46.62358754583079,46619800
2015-11-02,46.55363464355469,46.6585630105055,46.01149752048141,46.21261161364241,30285000
2015-11-03,47.349334716796875,47.55919139016205,46.25632148081922,46.282552731086945,36596900
2015-11-04,47.56794738769531,47.987664158481685,47.270647591436756,47.37557595023025,37087800
2015-11-05,47.55046081542969,47.83027200797875,47.21818377342298,47.64664653829578,31468500
2015-11-06,48.02264404296875,48.07510989671441,47.18321039671501,47.29688474535754,32851200
2015-11-09,47.358097076416016,47.97892805243806,46.833451838912644,47.69911681435452,32513100
2015-11-10,46.78971481323242,47.33185184567407,46.579858114413526,47.27938600316331,55283700
2015-11-11,46.912139892578125,47.39306515662215,46.74599970883774,46.955859764652594,36516300
2015-11-12,46.62357711791992,47.20068803239393,46.50990279572613,46.76348269307689,35361100
2015-11-13,46.2038688659668,46.59735441063747,45.932800305057526,46.40498295866234,36848200
2015-11-16,47.01707077026367,47.1219991359834,46.212611071445494,46.41372849785949,32165200
2015-11-17,46.62973403930664,47.12270244818184,46.52409507332302,46.805792266421825,31551300
2015-11-18,47.40440368652344,47.51884423039041,46.63853958731219,46.65614608314524,29710000
2015-11-19,47.483638763427734,48.11745928147583,47.34279013253885,47.52765668903371,28149200
2015-11-20,47.703712463378906,47.800546521692034,46.893833717661956,47.75653195648499,37147600
2015-11-23,47.703712463378906,47.941395145212205,47.31637958822246,47.75653195648499,28235900
2015-11-24,47.75653076171875,47.92378744855952,47.166728214888664,47.4660285940471,24600000
2015-11-25,47.2635612487793,47.73892662404915,47.2635612487793,47.61568449522278,21005100
2015-11-27,47.474822998046875,47.60687001918984,47.35158090263089,47.36038247026265,9009100
2015-11-30,47.84455871582031,48.38154511578402,47.536453416544035,48.011818756652495,56241400
2015-12-01,48.61042022705078,48.619221795333104,47.8005382631616,47.89737230474464,39952800
2015-12-02,48.601619720458984,49.26184821882525,48.46957603564321,48.698453770848026,47274900
2015-12-03,47.71250915527344,49.09458708439955,47.474826514468276,48.848102875310715,38627800
2015-12-04,49.21782684326172,49.49952402825078,47.624474412214866,47.6420809060386,43963700
2015-12-07,49.12980270385742,49.270651310604926,48.67204389240412,49.11219620825202,30709800
2015-12-08,49.1121940612793,49.385086335994096,48.407951058328244,48.830496860098876,32878000
2015-12-09,48.3991584777832,49.1826292282992,47.985414138842515,48.74247681941638,36373200
2015-12-10,48.65443801879883,48.997756292253875,48.42555693109832,48.760073635685984,31775800
2015-12-11,47.58927536010742,48.50478973576129,47.54525743671677,48.16147142512908,39549500
2015-12-14,48.53999710083008,48.60161815671396,47.25475313797248,47.82695249471786,46768900
2015-12-15,48.59281921386719,49.209033164101825,48.49598516136085,48.99775856244291,39843000
2015-12-16,49.4114990234375,49.51713463706313,48.20547928200374,48.89211916580937,37503300
2015-12-17,49.03296661376953,49.992498756656076,48.88331308640787,49.613967512153415,41280900
2015-12-18,47.65089797973633,49.29706695382018,47.56286548817536,49.09459726037424,84684200
2015-12-21,48.2671012878418,48.72485671009328,47.73891652985898,48.311115844816506,37246300
2015-12-22,48.7248649597168,48.83930551370336,47.976607290172694,48.407958080986035,28322200
2015-12-23,49.13860321044922,49.19142269612368,48.80408651736882,49.03296759719589,27279800
2015-12-24,49.006561279296875,49.261850449501495,48.795290030786525,49.173821322304846,9558500
2015-12-28,49.2530403137207,49.2530403137207,48.39914382442351,48.724855568117086,22458300
2015-12-29,49.78122329711914,50.045313999339506,49.34987593371482,49.55234558402028,27731400
2015-12-30,49.5699577331543,49.98369864919436,49.552351236585125,49.71080634761182,21704500
2015-12-31,48.839298248291016,49.4643137012233,48.78647876397873,49.33227002758584,27334100
2016-01-04,48.240684509277344,48.240684509277344,46.99945533511458,47.81813876467886,53778000
2016-01-05,48.46076202392578,48.76006568806767,48.011808206760534,48.35512642425664,34079700
2016-01-06,47.58047103881836,47.888579716000784,47.21954622584749,47.818153724154705,39518900
2016-01-07,45.92548370361328,47.08748872168758,45.83745459771295,46.39204736755145,56564900
2016-01-08,46.066341400146484,46.902628084945555,45.907886303257165,46.10155103204757,48754000
2016-01-11,46.0399284362793,46.524095279179214,45.30047246159918,46.22479159042547,36943800
2016-01-12,46.46249008178711,46.744187372253464,45.82867285728612,46.44488358137089,36095500
2016-01-13,45.45892333984375,47.59806351982846,45.15961967883081,47.360380904486256,66883600
2016-01-14,46.75297927856445,47.025871563760816,45.39730934700383,45.775840605271995,52381900
2016-01-15,44.88673400878906,45.74943213259935,44.31453466309351,45.168431218274236,71820700
2016-01-19,44.508201599121094,45.49414180673867,44.06804930095845,45.31808021585451,43564500
2016-01-20,44.71067428588867,45.23005416727232,43.22295726801063,43.997626305587,63273000
2016-01-21,44.437774658203125,45.40611170807015,44.279319565644805,44.89553344136101,40191200
2016-01-22,46.031131744384766,46.06634473693204,45.124415655819476,45.25646269882384,37555800
2016-01-25,45.59097671508789,46.34803921959432,45.46773460655812,45.72302039218596,34707700
2016-01-26,45.92548370361328,46.16316631925836,45.37969585922189,45.59097041471589,28900800
2016-01-27,45.08921813964844,45.951916540342516,44.91315648768916,45.784656459837684,36775200
2016-01-28,45.828670501708984,45.96071421089875,45.11562238293712,45.65260886469287,62513800
2016-01-29,48.49599075317383,48.49599075317383,47.536458402938806,48.17908049319217,83611700
2016-02-01,48.161476135253906,48.495992908780906,47.976612928079675,48.311129701606674,44208500
2016-02-02,46.6561393737793,47.76532158699026,46.34803413624715,47.686094046182674,56313800
2016-02-03,45.91670608520508,46.99948077138262,45.124430286491325,46.87623861560423,57559800
2016-02-04,45.775840759277344,46.48888871848053,45.221247902119316,45.86386987903769,46987100
2016-02-05,44.15607833862305,45.77583892729739,43.62789692500783,45.723019442697655,62009000
2016-02-08,43.4958610534668,43.63670969044524,42.421888097695934,43.61910319106088,59290500
2016-02-09,43.38140869140625,44.226503641597716,42.84442235952376,43.152530977832726,46740500
2016-02-10,43.759944915771484,44.35855236789865,43.59268823518437,43.9184000271049,38237000
2016-02-11,43.74232864379883,44.11205827364965,42.70356908301595,42.85322259165168,48878600
2016-02-12,44.455379486083984,44.61383457270181,43.79515107787482,44.23530335001426,34243300
2016-02-16,45.29768371582031,45.29768371582031,44.44652429585471,45.12922613755844,37291200
2016-02-17,46.47688674926758,46.787207567802675,45.61686269049672,45.65232850670753,40789000
2016-02-18,46.27296447753906,46.946801472710945,46.19316808027414,46.397094837222866,27176000
2016-02-19,45.94491958618164,46.35276638414147,45.68779745529993,46.077914724832695,33559100
2016-02-22,46.68082046508789,46.99113794770887,46.35276668950926,46.35276668950926,25008300
2016-02-23,45.377471923828125,46.43255455280224,45.20014623115689,46.40595688267375,28895300
2016-02-24,45.537071228027344,45.66119821600515,44.5085861219454,44.943030579867724,33014500
2016-02-25,46.19316482543945,46.19316482543945,44.872095364279176,45.86511449633476,26939500
2016-02-26,45.48386001586914,46.70740341425886,45.3065343464755,46.63647179361907,35975900
2016-02-29,45.11149597167969,45.79419785492248,44.9164373244083,45.528207560568,31654000
2016-03-01,46.618751525878906,46.627616289115885,45.146950545259315,45.19128450806372,33024500
2016-03-02,46.94679641723633,46.95566117944162,46.246361825804726,46.468018085204136,29289900
2016-03-03,46.414825439453125,46.96453546989013,45.90944937246267,46.96453546989013,24427800
2016-03-04,46.131107330322266,46.50349166706904,45.84738754147076,46.459161084224746,33034200
2016-03-07,45.24448013305664,45.9271819015675,44.845501522989736,45.71439376049268,38407800
2016-03-08,45.79419708251953,46.219776811218594,44.86323783239537,45.04056356490507,33835100
2016-03-09,46.84928512573242,46.85814989134437,45.98039266084343,46.00699033988667,28251600
2016-03-10,46.148834228515625,46.93792999985853,45.359738457172725,46.92906523732707,38387800
2016-03-11,47.053199768066406,47.053199768066406,46.44142958888934,46.991136273753085,32275700
2016-03-14,47.1418571472168,47.514241465371434,46.66308214131298,46.73401039388126,24083600
2016-03-15,47.51423645019531,47.51423645019531,46.76060651239535,46.76947127470326,21104800
2016-03-16,48.18807601928711,48.409732308947504,47.345784824342864,47.39011540583363,31691700
2016-03-17,48.462928771972656,48.76438144711581,47.877756329895526,48.06394679278225,28223900
2016-03-18,47.42559051513672,48.73779560113778,47.3901246901133,48.69346162875491,67625500
2016-03-21,47.753631591796875,47.81569508233333,46.92906992357648,47.212789703802144,23925700
2016-03-22,47.939823150634766,48.09941595340693,47.39898125037427,47.531976380086626,23124100
2016-03-23,47.851165771484375,48.09055499458245,47.64724237007644,47.97529276519295,20129000
2016-03-24,48.0639533996582,48.17035086353866,47.638373690757,47.73590300821065,19950000
2016-03-28,47.46990203857422,48.13487077073958,47.28371160529733,48.06393914918312,17025100
2016-03-29,48.507266998291016,48.64026213972256,47.39012066265242,47.57631115489103,23924300
2016-03-30,48.80870819091797,49.33181710425784,48.675716463109886,48.70231413223027,23008300
2016-03-31,48.968299865722656,49.287485416793636,48.64024955254685,48.7200459403146,26360500
2016-04-01,49.26976776123047,49.305233585039936,48.38314245923646,48.80872219832873,24399200
2016-04-04,49.1456298828125,49.34955325127237,48.764380816759505,49.1456298828125,18928800
2016-04-05,48.374267578125,49.030368270357606,48.28560303714329,48.93283896638093,19272300
2016-04-06,48.87077331542969,48.94170494507512,48.06394463034734,48.1969397448294,21188700
2016-04-07,48.285606384277344,48.68458839083625,48.081682999193156,48.64912257198509,19225100
2016-04-08,48.250125885009766,49.012623847281425,48.16146474706425,48.471782112079175,22167200
2016-04-11,48.152610778808594,48.897376003977534,48.14374263370301,48.312203568645245,21414200
2016-04-12,48.45407485961914,48.56933371547986,47.66497548753136,48.20581747130315,24944300
2016-04-13,49.074703216552734,49.15449961943358,48.666856438364725,48.870779827458726,20818000
2016-04-14,49.08357620239258,49.27863484693642,48.82645405862244,48.95944920393997,20877100
2016-04-15,49.34068298339844,49.58006875890334,48.86190466797667,49.03036220168166,28793800
2016-04-18,50.05885314941406,50.17411536130873,48.95057175636713,49.19882908831,23786000
2016-04-19,49.99679183959961,50.33371034477822,49.36728879266037,50.20958336450361,29596800
2016-04-20,49.28749084472656,50.09431957336327,49.19882968508991,49.90812910880244,36195700
2016-04-21,49.45595932006836,49.85494139093555,49.136773663374605,49.47369223235214,38909100
2016-04-22,45.909454345703125,46.48576211087261,45.01396433170558,46.02471657517841,126834100
2016-04-25,46.20205307006836,46.219785985059715,45.776473256898946,45.909465046022554,33226900
2016-04-26,45.60798645019531,46.414815023649076,45.29766906894609,46.335018642441305,33532600
2016-04-27,45.16468048095703,45.66119174470733,44.81889723996565,45.64345883719415,43369300
2016-04-28,44.242591857910156,45.01395471328468,43.941139202146765,44.88095960136906,43134800
2016-04-29,44.215999603271484,44.55291814020539,43.75495407436374,43.75495407436374,48411700
2016-05-02,44.872100830078125,44.996227813929,44.136200308381284,44.33125892997932,33114500
2016-05-03,44.136199951171875,44.69477475618674,43.97660714973906,44.6327112647636,26460200
2016-05-04,44.215999603271484,44.38446056284187,43.85248339154515,44.18940192847905,24257600
2016-05-05,44.27806091308594,44.597246523663216,44.091870434318096,44.215997420163326,25390700
2016-05-06,44.67705154418945,44.67705154418945,44.0298154344302,44.26033654086482,24787300
2016-05-09,44.39332962036133,44.85437519385726,44.331266118372184,44.765714014503395,17951600
2016-05-10,45.23561477661133,45.30654302863738,44.49971429137802,44.62384465128494,22891000
2016-05-11,45.2622184753418,45.909454503968675,45.217887889146766,45.33315011901939,24039100
2016-05-12,45.6700553894043,45.9360456133846,45.14694646829253,45.395203785193736,24102800
2016-05-13,45.288814544677734,46.01584690126251,45.25334872674517,45.60799675945114,22592300
2016-05-16,45.95378112792969,46.06903995717445,44.99622438456269,45.040554963672705,20032000
2016-05-17,45.09666061401367,46.18590992755554,44.962738695605026,46.17698316200662,27803500
2016-05-18,45.36451721191406,45.65914819574263,44.909173774365925,45.06988282222257,24907500
2016-05-19,44.927032470703125,45.19487975898504,44.480619188278915,45.06095781777561,23842400
2016-05-20,45.19488525390625,45.730583301464804,44.99846570174523,45.06989006456829,23905800
2016-05-23,44.66810989379883,45.24844849658749,44.623469248783444,45.17702073987256,26118700
2016-05-24,46.060916900634766,46.16805512147914,44.99845464642672,45.266301901468964,34757900
2016-05-25,46.534114837646484,46.86446308500916,46.23948387248778,46.355548861802845,24040200
2016-05-26,46.32876205444336,46.409116567897826,45.855565145135074,46.364475928392565,24335200
2016-05-27,46.712677001953125,46.712677001953125,46.221623162847855,46.35554507940615,17721400
2016-05-31,47.319793701171875,47.319793701171875,46.49839514343701,46.659100743368676,37653100
2016-06-01,47.185882568359375,47.2751672683213,46.8198238131731,46.8198238131731,25324800
2016-06-02,46.85552978515625,47.08766656001552,46.284121425291076,46.99838187512254,22840800
2016-06-03,46.23948287963867,46.801961093554006,46.06984367359147,46.76625062384222,23368300
2016-06-06,46.54304885864258,46.73946838303749,46.32876898873733,46.41805368697409,18243300
2016-06-07,46.51625442504883,47.07873601489104,46.51625442504883,46.641252982906785,20866800
2016-06-08,46.46269226074219,46.819820820170946,46.31090998344126,46.44483532189132,21149400
2016-06-09,46.08770751953125,46.42698257661744,45.97164251531117,46.42698257661744,20305700
2016-06-10,45.962711334228516,46.471622205766295,45.569868870228696,45.57879563733327,25833200
2016-06-13,44.766326904296875,45.284167987068116,43.802075910184776,44.26634616878072,83217800
2016-06-14,44.489540100097656,44.73060022526724,44.25740333427624,44.55203767415827,42577100
2016-06-15,44.364540100097656,44.748455703020845,44.364540100097656,44.44489460782256,33757600
2016-06-16,44.989532470703125,45.06096023453616,44.203844097855935,44.21277427126668,31188600
2016-06-17,44.75739669799805,45.02524398657024,44.48061923648438,45.00738704655035,45710500
2016-06-20,44.70383071899414,45.382380889779,44.66811683508685,45.212741644151066,35607900
2016-06-21,45.703792572021484,45.91807245527704,44.7841822609976,44.8198961425174,34097800
2016-06-22,45.52522277832031,45.94484889931111,45.489508902447106,45.60557729610368,28816800
2016-06-23,46.346622467041016,46.48054780146261,45.668075840433,45.78414083067813,29028800
2016-06-24,44.489540100097656,45.48057451985691,44.21276269649899,44.47168316381429,133503000
2016-06-27,43.23959732055664,43.88243363394368,42.89139545275985,43.8377895742868,50216300
2016-06-28,44.14134216308594,44.16812927481858,43.45386533023835,43.67707196145395,38140700
2016-06-29,45.12345504760742,45.284164100476865,44.4627618962705,44.56097336256438,31304000
2016-06-30,45.68593978881836,45.80200821138866,45.08774754530894,45.28417050567968,28527800
2016-07-01,45.67700958251953,46.17699371407405,45.596655050767254,45.65022587388986,21400400
2016-07-05,45.68593978881836,45.78415126900373,45.302027448064614,45.38238198586505,24806400
2016-07-06,45.8734245300293,46.01627662758658,44.98952483486304,45.3377266097925,28167500
2016-07-07,45.8734245300293,46.07877420740147,45.59664710094715,45.90913500002162,19585200
2016-07-08,46.69482421875,46.7483950336559,46.02520435880847,46.185913397663455,28391000
2016-07-11,46.953739166259766,47.168018994696695,46.846600954972466,46.87338465632871,22269200
2016-07-12,47.50730895996094,47.67694821653569,47.1323233723268,47.266245336825996,27317600
2016-07-13,47.775142669677734,48.0876339761161,47.48051170711532,47.819786717642266,25356800
2016-07-14,47.980499267578125,48.20370590029583,47.83764715887331,48.06978055832004,24545500
2016-07-15,47.94478225708008,48.21262951767238,47.50729578695124,48.167988875217446,32024400
2016-07-18,48.17692947387695,48.516204584499654,47.81087065126371,47.94479602294374,31433900
2016-07-19,47.40015411376953,48.12334473000628,47.2573020247939,47.95370553281728,53336500
2016-07-20,49.91792678833008,50.74825566104672,49.57865178297446,50.13220663536064,89893300
2016-07-21,49.81970977783203,50.20362538179513,49.78399590633261,49.98041879371715,32776700
2016-07-22,50.5072021484375,50.56077297230778,49.80186829386368,50.06971900735177,32157200
2016-07-25,50.650047302246094,50.65897747459378,50.23041775433814,50.41791390914855,25610600
2016-07-26,50.676822662353516,51.15002294883483,50.4536160724974,50.46254624337452,28079000
2016-07-27,50.16792678833008,50.71255157403718,50.09650242944207,50.54291574154779,32327500
2016-07-28,50.1857795715332,50.32863168333694,49.74829646919932,49.99828681339011,37550400
2016-07-29,50.60541915893555,50.67684352604659,50.04293736728253,50.230430162545645,30558700
2016-08-01,50.516117095947266,50.66789594237043,50.1232713176995,50.53397062599282,26003400
2016-08-02,50.516117095947266,50.801821258748035,50.275053569984934,50.75717721604732,35122000
2016-08-03,50.86431884765625,50.98931399318852,50.43576260331892,50.60539838570382,22075600
2016-08-04,51.23931884765625,51.35538726115224,50.59648259551014,50.712551009006134,26587700
2016-08-05,51.748226165771484,51.97143280389769,51.29288612257376,51.47145211424732,29335200
2016-08-08,51.83751678466797,51.8643004944258,51.58752300542912,51.83751678466797,19473500
2016-08-09,51.962501525878906,52.23034878720485,51.801792487910795,51.935714415642416,16920700
2016-08-10,51.801780700683594,52.06962790106229,51.623214765143814,51.92677583380286,15756900
2016-08-11,52.051788330078125,52.18571367787254,51.81072474756601,51.81072474756601,18162300
2016-08-12,51.73036193847656,51.95356854515842,51.444657754392786,51.810716453116534,21655200
2016-08-15,51.89107894897461,52.230353996955465,51.74822683496105,51.79286748199097,19283900
2016-08-16,51.60358810424805,51.76529879068617,51.45086324877336,51.756316386813104,20523500
2016-08-17,51.711395263671875,51.81920124091063,51.414924542402524,51.69342702961705,18856400
2016-08-18,51.74734115600586,51.83718234859183,51.45087378819985,51.585630436442194,14214300
2016-08-19,51.76530075073242,51.864124332529855,51.38797808615007,51.5946076539581,17271000
2016-08-22,51.81021499633789,51.882087931982895,51.44187476888274,51.747327891193606,15221900
2016-08-23,52.00787353515625,52.26840784330694,51.971937059461474,52.01685936762542,18732400
2016-08-24,52.061771392822266,52.142626738942404,51.85514182542424,51.92701134025853,18151500
2016-08-25,52.2594108581543,52.36722026223101,51.90903886263053,51.99888003269446,18552600
2016-08-26,52.13364028930664,52.73556417597069,51.828187143930215,52.35823808952194,20971200
2016-08-29,52.196529388427734,52.64572500597733,52.196529388427734,52.26840233223915,16417200
2016-08-30,52.00787353515625,52.27739024868515,51.75632505947473,52.08872889192401,16930200
2016-08-31,51.6215705871582,51.92702380950612,51.4778280958822,51.792267151673734,20860300
2016-09-01,51.738346099853516,51.94497565164205,51.21727759153354,51.21727759153354,26075400
2016-09-02,51.81021499633789,52.27737879675981,51.58561721308255,51.81021499633789,18900500
2016-09-06,51.75632095336914,51.927014058740895,51.396963079113085,51.90904582231902,16278400
2016-09-07,51.80122756958008,51.962938232009485,51.57662980810478,51.6305345046112,17493400
2016-09-08,51.594608306884766,51.91802969609994,51.37001050071761,51.77428723723659,20146100
2016-09-09,50.498565673828125,51.6754593130279,50.498565673828125,51.01963418536536,35113900
2016-09-12,51.25321578979492,51.396958240547136,49.95953373302498,50.30990574254036,29303000
2016-09-13,50.786048889160156,50.89385829100611,50.35482156304678,50.75909825224374,30130200
2016-09-14,50.543487548828125,50.87589476128521,50.33685798348723,50.66027936474792,24062500
2016-09-15,51.379005432128906,51.52274792603915,50.291952607739475,50.44468093525801,26847000
2016-09-16,51.432891845703125,51.77428143238649,50.98369628373192,51.77428143238649,44607000
2016-09-19,51.14541244506836,51.88209297153591,51.073539502441996,51.45086559704933,20937100
2016-09-20,51.037601470947266,51.52273007790748,50.983696769244936,51.52273007790748,17384000
2016-09-21,51.89106750488281,51.97192283952791,51.28016472067429,51.66646973387865,33707300
2016-09-22,51.94497299194336,52.10668366368753,51.77427991714232,52.034810730872316,19822200
2016-09-23,51.594608306884766,52.025835683474824,51.549689431069446,51.98989921198635,19955300
2016-09-26,51.11846923828125,51.33408124333148,51.05558211788401,51.280179955614436,21688700
2016-09-27,52.061771392822266,52.1605949744236,50.92081414294495,51.14541194582417,28065100
2016-09-28,52.13364028930664,52.160594355753986,51.81021890866214,51.998883665431734,20536400
2016-09-29,51.567657470703125,52.25941569522752,51.396960945327294,51.93599773433284,25463500
2016-09-30,51.74734115600586,51.90006946985647,51.513760909464494,51.720390511775605,29910800
2016-10-03,51.58562088012695,51.70241269530731,51.26220292800436,51.576638476077896,19189500
2016-10-04,51.423919677734375,51.747337667970605,51.181353614739066,51.45087032014801,20085900
2016-10-05,51.78326416015625,52.070749047451855,51.4418745713339,51.46882863564236,16726400
2016-10-06,51.87311935424805,51.98092535935875,51.459856718323316,51.87311935424805,16212600
2016-10-07,51.92701721191406,52.08872792243981,51.58562755334961,51.97193609215102,20089000
2016-10-10,52.14262771606445,52.457063275151505,51.98989942515748,52.0258358967933,18196500
2016-10-11,51.379005432128906,52.12467197541362,51.10948868443362,52.007880128145494,26497400
2016-10-12,51.30712127685547,51.45086372980098,50.66926435610292,51.30712127685547,22177500
2016-10-13,51.13642501831055,51.47781463095383,50.59739167379203,50.938781286435315,25313700
2016-10-14,51.58562088012695,51.87310921605332,51.31610420647957,51.31610420647957,27402500
2016-10-17,51.405941009521484,51.621552959261955,51.091502061105594,51.53171521805179,23830000
2016-10-18,51.80122756958008,52.061761795393,51.57662980810478,51.684435774027754,19149500
2016-10-19,51.6844367980957,51.962939261595636,51.56764842731922,51.63053552761115,22878400
2016-10-20,51.432891845703125,51.6754578604184,50.902840945493494,51.65748962668873,49455600
2016-10-21,53.59801483154297,54.3077446487683,53.445289984010785,54.15501637414592,80032200
2016-10-24,54.8018684387207,54.8018684387207,53.84059003699566,53.84957244193452,54067000
2016-10-25,54.79288864135742,55.13427487873317,54.622192095578605,54.667110976592156,35137200
2016-10-26,54.46945571899414,54.981538394074214,54.325713273832896,54.63116639818682,29911600
2016-10-27,53.99331283569336,54.649141465023426,53.98433043109968,54.45149429305597,28479900
2016-10-28,53.78669357299805,54.3706493691925,53.52616266473544,53.9124678239713,33574700
2016-10-31,53.83160400390625,54.28079964516885,53.83160400390625,54.047219419632235,26434700
2016-11-01,53.72379684448242,53.92144401902064,53.22968233522756,53.87652514128669,24533000
2016-11-02,53.39137268066406,53.840568140924006,53.27458090141145,53.74174459133252,22147000
2016-11-03,53.19374084472656,53.58004932556341,53.10390309773256,53.48122574761579,21600400
2016-11-04,52.744544982910156,53.25662767772751,52.57385189366782,52.69064370582855,28697000
2016-11-07,54.28080368041992,54.37064487160572,53.70583376519488,53.70583376519488,31664800
2016-11-08,54.325714111328125,54.60421317538318,54.03822921657372,54.39758362147159,22935400
2016-11-09,54.05619812011719,54.43352421500717,53.18476096620824,53.903473257557565,49632500
2016-11-10,52.73556137084961,54.34368235735336,51.774283111227874,54.33469652665207,57822400
2016-11-11,53.02304458618164,53.112882327807334,52.115667631147375,52.313314775232094,38767800
2016-11-14,52.214500427246094,53.076958663826794,51.459851612169714,53.02305395307463,41328400
2016-11-15,53.245582580566406,53.806350510620355,52.74813005249621,52.75717658859786,35904100
2016-11-16,53.95106506347656,53.960108149507825,53.191318177871906,53.30889554749164,27332500
2016-11-17,54.84647750854492,55.126861471588406,54.240490703240006,54.638452032832376,32132700
2016-11-18,54.584190368652344,55.29871499922123,54.5389680332256,54.97310866375981,27686300
2016-11-21,55.04545211791992,55.14494329881582,54.64748739433634,54.71984587143957,19652600
2016-11-22,55.28062057495117,55.40724448324844,55.00024004950515,55.15399666665391,23206700
2016-11-23,54.62940979003906,55.26252931274164,54.493739349321295,55.18112773835951,21848900
2016-11-25,54.74699401855469,54.74699401855469,54.38521188171138,54.538968513565095,8409600
2016-11-28,54.8193359375,55.19016449950747,54.45755045982549,54.57513125760601,20732600
2016-11-29,55.25347900390625,55.54290601937627,54.73793691696015,54.85551772019552,22366700
2016-11-30,54.502777099609375,55.33488238408217,54.46660130916974,55.045455359111365,34655400
2016-12-01,53.54404067993164,54.403278498195995,53.30887911270564,54.36709926473944,34542100
2016-12-02,53.58927917480469,53.78826156864532,53.182271301150045,53.43552256155885,25515700
2016-12-05,54.466609954833984,54.801259358656054,53.86966618979655,53.996290102040426,23552700
2016-12-06,54.2224006652832,54.68367394262885,54.08673022770019,54.65654123520927,19907000
2016-12-07,55.50672149658203,55.51576803071562,54.08671925889175,54.27665507279486,30809000
2016-12-08,55.18113327026367,55.69667892652903,55.02737664226257,55.443427641816946,21220800
2016-12-09,56.04940414428711,56.06749376375112,55.289657378009295,55.33487970154826,27349400
2016-12-12,56.23029708862305,56.34787789765079,55.82329270010963,55.91373735305876,20198100
2016-12-13,56.96291732788086,57.360878674018956,56.29361854345576,56.52877673657311,35718900
2016-12-14,56.69157409667969,57.3880089689396,56.555903666278034,56.981001127977,30352700
2016-12-15,56.60112380981445,57.116665873641814,56.34787259495324,56.7096580731881,27669900
2016-12-16,56.34788131713867,56.935781947711966,56.18507817175661,56.935781947711966,42453100
2016-12-19,57.54175567626953,57.6774260833444,56.45640277039589,56.583030093778596,34338200
2016-12-20,57.46941375732422,57.70457193958906,57.008137028305704,57.60508074508535,26028400
2016-12-21,57.46941375732422,57.61412728108163,57.08953860105941,57.36992256282052,17096300
2016-12-22,57.47846221923828,57.975914788042694,57.35183830538729,57.7407565837827,22176600
2016-12-23,57.19807434082031,57.46941175714144,56.80010957665639,57.38801018722086,12403800
2016-12-27,57.234249114990234,57.94877361044828,57.17093716731597,57.17093716731597,11763200
2016-12-28,56.971961975097656,57.34279060018315,56.827248449460456,57.34279060018315,14653300
2016-12-29,56.89055633544922,57.16189374534678,56.7367962846871,56.854377094064915,10250600
2016-12-30,56.20317077636719,56.97196421486084,56.103679576659786,56.94482805569526,25579900
2017-01-03,56.60112380981445,56.8362819554977,56.194116009360734,56.79105963327884,20694100
2017-01-04,56.34788131713867,56.754889180593835,56.18507817175661,56.510684462520736,21340000
2017-01-05,56.34788131713867,56.6734876079028,56.10367659906558,56.24839012271157,24876000
2017-01-06,56.83629608154297,57.11668006937349,56.11272839548036,56.34788659960963,19922900
2017-01-09,56.655399322509766,57.05336410960505,56.56495466193864,56.76393360524364,20382700
2017-01-10,56.63729476928711,57.04430253504465,56.32977817407494,56.73678593983248,18593000
2017-01-11,57.1528434753418,57.18902271436204,56.46545518516782,56.628258310516784,21517300
2017-01-12,56.62825393676758,57.34277832614068,56.03131034000771,57.03526171870428,20968200
2017-01-13,56.70965576171875,56.863412341044175,56.39309261860576,56.63729728892428,19422300
2017-01-17,56.555908203125,56.70966826659748,56.103677999165285,56.69157864440998,20664000
2017-01-18,56.528770446777344,56.7096632022555,56.18507455639308,56.682527046276256,19670100
2017-01-19,56.34788131713867,56.962914655194794,56.25743665870088,56.29361590217302,18451700
2017-01-20,56.745849609375,56.818204650557995,56.411196761894985,56.682534204256065,30213500
2017-01-23,56.94482421875,57.089537740325575,56.592085225549674,56.70966604003062,23097600
2017-01-24,57.45132064819336,57.650303025122234,56.92673200001445,57.161893618247184,24672900
2017-01-25,57.59604263305664,57.97591437188284,57.38801714033141,57.84024737240613,23672700
2017-01-26,58.129661560058594,58.373869710015256,57.478452477729256,57.993998032843336,43554600
2017-01-27,59.49541473388672,59.61299902339562,58.69044538480389,59.14267566633296,44818000
2017-01-30,58.90749740600586,59.504444521823864,58.60903074858139,59.413999871074495,31651400
2017-01-31,58.47336196899414,58.92559213596164,58.120622990798275,58.66329781106233,25270500
2017-02-01,57.50559997558594,58.44623971921909,57.406108769015106,58.211078058189315,39671500
2017-02-02,57.13475799560547,57.351829995213045,56.754886309095205,57.20711647888879,45827000
2017-02-03,57.59604263305664,57.61413225636877,57.04432119788662,57.43323947349031,30301800
2017-02-06,57.55985641479492,57.568902950476705,57.107626237494216,57.433232517189516,19796400
2017-02-07,57.36991500854492,57.686474721879954,57.18902226510686,57.650298933386026,20277200
2017-02-08,57.28852081298828,57.71361829719283,57.17998653306634,57.4965462871064,18096400
2017-02-09,57.939735412597656,58.28343480698981,57.27043659794383,57.45132938171938,22644400
2017-02-10,57.885467529296875,58.15680841853464,57.86737790666484,58.11158263683319,18170700
2017-02-13,58.53668212890625,58.6633060413834,58.0030468687648,58.102538071494806,22920100
2017-02-14,58.755062103271484,58.89155504132716,58.25459031117374,58.609474727046184,23108400
2017-02-15,58.718666076660156,58.755064657878854,58.38199134944634,58.69136887632601,17005200
2017-02-16,58.70956039428711,59.36472092358285,58.63677017950237,58.90974910516292,20546300
2017-02-17,58.800567626953125,58.864263411763275,58.50938590463246,58.66407467598284,21248800
2017-02-21,58.68226623535156,59.10083949689927,58.645867654914454,58.791461976662895,20655900
2017-02-22,58.56398010253906,58.59127730417333,58.28189976255845,58.53668290090479,19292700
2017-02-23,58.800567626953125,58.90066199484334,58.409291536742245,58.61857471155279,20273100
2017-02-24,58.800567626953125,58.96435777965349,58.363791572312195,58.71866907944301,21796800
2017-02-27,58.44568634033203,58.7277666630615,58.281896198223436,58.7277666630615,15871500
2017-02-28,58.21818923950195,58.418374464676795,58.018000543167865,58.30918567927166,23239800
2017-03-01,59.09174728393555,59.13724030445568,58.25459378699342,58.3546881513852,26937500
2017-03-02,58.2454948425293,58.91885119808666,58.127201196384526,58.86425680075795,24539600
2017-03-03,58.4638786315918,58.49117582990944,57.89061316880483,58.22729481346674,18135900
2017-03-06,58.482078552246094,58.745963058359926,58.06350875442787,58.20909960760107,18750300
2017-03-07,58.60036849975586,58.94614456422132,58.40928117921032,58.40928117921032,18521000
2017-03-08,59.13723373413086,59.21913226967934,58.46387740129595,58.47297878131664,21510900
2017-03-09,58.90065002441406,59.32831766846988,58.6731641331357,59.319223231288035,19846800
2017-03-10,59.08262634277344,59.38290933653589,58.918836250022764,59.24641643552411,19538200
2017-03-13,58.8824577331543,59.319233776676086,58.75506616677704,59.15544362814538,20100000
2017-03-14,58.60948181152344,58.73687338448885,58.37289448645049,58.718670621310906,14280200
2017-03-15,58.91884994506836,59.07353869575601,58.463878130820724,58.73686399629688,24833800
2017-03-16,58.81875991821289,58.92795566090136,58.509382394074755,58.918854280097456,20674300
2017-03-17,59.028038024902344,59.36471268070113,58.85514653636694,59.06443659840022,49219700
2017-03-20,59.08262634277344,59.31011219702063,58.891539058283875,59.06443052905328,14598100
2017-03-21,58.427490234375,59.60131856281264,58.35469306462998,59.31923820795095,26640500
2017-03-22,59.17362976074219,59.27372410969782,58.34558471484937,58.34558471484937,20680000
2017-03-23,59.028038024902344,59.36471268070113,58.93703811999863,59.09173379294412,19269200
2017-03-24,59.12813186645508,59.55579948122319,58.92794318506857,59.47390789828397,22617100
2017-03-27,59.237327575683594,59.346523308032,58.55486986872337,58.80965296855084,18614700
2017-03-28,59.410213470458984,59.57400358234881,58.827850170921415,59.10993044160795,20080400
2017-03-29,59.574012756347656,59.601309955479856,59.100838163658835,59.25553386260665,13618400
2017-03-30,59.792396545410156,60.03808521917175,59.47391765564432,59.52851205322729,15122800
2017-03-31,59.92890167236328,60.22918480479113,59.55582136680374,59.73781429963298,21040300
2017-04-03,59.64681625366211,60.00169376472847,59.319235944628545,59.88339663282639,20400900
2017-04-04,59.81060791015625,59.883398136631676,59.401129042421395,59.50122341393524,12997400
2017-04-05,59.65589904785156,60.37475531111315,59.54671026103419,60.329262297378776,21448600
2017-04-06,59.81060791015625,60.11088408237766,59.58312196441026,59.69231077528346,18103500
2017-04-07,59.76510238647461,60.019885511246414,59.54671784271585,59.91979114904043,14108500
2017-04-10,59.62860107421875,59.89248554278677,59.47391233336392,59.70139822602755,17952700
2017-04-11,59.58311462402344,59.70140480200326,59.00984566828297,59.69230342144504,18791500
2017-04-12,59.35563278198242,59.6104159165533,59.24643703474358,59.528517370544236,17108500
2017-04-13,59.100830078125,59.92888203088576,59.100830078125,59.4102144913748,17896500
2017-04-17,59.58311462402344,59.5922090622624,59.15543998793746,59.18273718729286,16689300
2017-04-18,59.501190185546875,59.79237175579884,59.29190712003378,59.44659581059845,15155600
2017-04-19,59.18272399902344,59.82878302830419,59.046231090343234,59.737790069956624,26992800
2017-04-20,59.6013069152832,59.82879281954001,59.273726657767895,59.56490833752385,22299500
2017-04-21,60.42026901245117,60.69324798391443,59.555818247017086,59.756006991482245,32522600
2017-04-24,61.448482513427734,61.566779609719305,61.05720653666193,61.40298950450762,29770000
2017-04-25,61.8033561706543,61.91255188161439,61.512174550411494,61.785160356653,30242700
2017-04-26,61.72148895263672,62.158258084213706,61.53040158978177,61.94897490017645,26190800
2017-04-27,62.121856689453125,62.221951057228466,61.49400022342221,62.012667882658114,34971000
2017-04-28,62.29475402832031,62.91351611299168,61.59410033092151,62.704232918919004,39548800
2017-05-01,63.15919876098633,63.28659033007869,62.331146619566155,62.49493677158774,31954400
2017-05-02,63.0590934753418,63.432166736712006,62.90439778909694,63.432166736712006,23906100
2017-05-03,62.85892105102539,63.13190003293278,62.522239336787116,63.13190003293278,28928000
2017-05-04,62.61322021484375,62.85890888757113,62.45853146079708,62.81340892823077,21749400
2017-05-05,62.78611373901367,62.81341093856389,62.32204051970199,62.69512075973984,19128800
2017-05-08,62.731510162353516,62.831604507606826,62.25833563164363,62.75880735791018,18566100
2017-05-09,62.82252502441406,63.04090960730123,62.49494467892295,62.658734851668505,22858400
2017-05-10,63.068199157714844,63.29568509545564,62.7133216502248,62.77701743509943,17977800
2017-05-11,62.29475402832031,62.54044275114363,61.98537645714489,62.203761033405215,28789400
2017-05-12,62.22195053100586,62.43124064612607,61.91257299127663,62.43124064612607,18714100
2017-05-15,62.2674560546875,62.312956022743094,61.48490381191015,62.003571513069986,31530300
2017-05-16,63.52122116088867,63.54867482741706,62.377271841455695,62.441332724059436,34956000
2017-05-17,61.75493621826172,63.23748942156606,61.709175472582906,63.045306857512145,30548800
2017-05-18,61.96543884277344,62.349804094638074,61.443798291782365,61.68174167812741,25201300
2017-05-19,61.9471549987793,62.32236680069134,61.70921154993654,61.773272442073406,26961100
2017-05-22,62.64265823364258,62.68841899655791,61.7732595951483,62.13017120312908,16237600
2017-05-23,62.8531379699707,62.91719883859465,62.57858740037606,62.88974517805739,15425800
2017-05-24,62.935516357421875,63.03618446197391,62.64266559384677,63.02703789400587,14593900
2017-05-25,63.71340560913086,63.95134204717556,63.063643215185266,63.118550549793625,21854100
2017-05-26,64.02455139160156,64.26249479284309,63.62187901751777,63.87812951691521,19827900
2017-05-30,64.43637084960938,64.43637084960938,63.85066246329383,63.86896955961292,17072800
2017-05-31,63.91471862792969,64.73836334882795,63.887264967584905,64.54618074430351,30436400
2017-06-01,64.15267181396484,64.61940505764805,63.55781681430774,64.28079356993874,21603600
2017-06-02,65.6718521118164,65.7633666715766,64.28080566785336,64.4638417694871,34770300
2017-06-05,66.1477279663086,66.70597582345127,65.71760188141707,65.86403075376862,33316800
2017-06-06,66.36732482910156,66.45884631095686,66.13853508868088,66.16599572250274,31511100
2017-06-07,66.2483901977539,66.5961482655915,65.84571781659605,66.47718005393682,22301800
2017-06-08,65.84571075439453,66.36735129125915,65.43389185027935,66.35820472511371,24588300
2017-06-09,64.35403442382812,65.96471756592892,62.77080495755102,65.92811033745903,49187400
2017-06-12,63.859825134277344,64.0062539973025,62.349810649364805,63.374791744203385,47761700
2017-06-13,64.65601348876953,64.81158891222324,64.02455126378281,64.07945859391656,25258600
2017-06-14,64.3082504272461,65.06783443402581,63.53951985323702,64.89395888920703,25510700
2017-06-15,63.96964645385742,64.25334364687478,62.96297246310998,63.393091536289944,26068700
2017-06-16,64.06117248535156,64.08862615642138,63.347349109081556,63.81408246360952,48345100
2017-06-19,64.85733032226562,64.92139118234357,64.38144366273512,64.51871892921932,23798300
2017-06-20,63.978797912597656,64.85735011120158,63.94219069822513,64.81158934770787,21512200
2017-06-21,64.3082504272461,64.6285618151956,64.00625312009247,64.2533430954204,19891100
2017-06-22,64.29910278320312,64.60110008529922,63.795762309522516,64.55534630358152,22965700
2017-06-23,65.16851043701172,65.20511765670767,63.987953784741954,64.14352923186482,27617300
2017-06-26,64.54619598388672,65.62608443244967,64.46383498340666,65.34238723242375,19607000
2017-06-27,63.33818435668945,64.22589013556285,63.310730690474806,64.16182925369118,25215100
2017-06-28,63.878150939941406,63.9147511843036,62.95383767221916,63.33820307705293,25806200
2017-06-29,62.679290771484375,63.59445054264041,62.31322546659897,63.49378240924405,28918700
2017-06-30,63.08195114135742,63.49377016612308,62.90806858408972,62.944675805731,24161100
2017-07-03,62.38642501831055,63.695103457672026,62.24914968901269,63.448013450626505,16165500
2017-07-05,63.21921920776367,63.54867718253913,62.432181488257065,62.46878870568909,21176300
2017-07-06,62.752471923828125,62.94465453591868,62.3406530382214,62.47792134534947,21117600
2017-07-07,63.56698989868164,63.91474806003968,62.87146659385139,62.87146659385139,16878300
2017-07-10,64.0428466796875,64.28993660232922,63.32901660759951,63.56695996496217,15014500
2017-07-11,64.052001953125,64.68346414877529,63.83236566068172,64.06115550175943,17460000
2017-07-12,65.11358642578125,65.23255462274561,64.56449223516748,64.69261398024031,17750900
2017-07-13,65.68097686767578,65.92807377729217,65.26000444689305,65.43388694017042,20269800
2017-07-14,66.60530090332031,67.05372706031055,65.8548704645947,66.11111398287483,25868100
2017-07-17,67.12693786621094,67.21845240607028,66.55038998119643,66.62360440592865,21803900
2017-07-18,67.0811996459961,67.16356065633857,66.49549807651583,66.88900999097007,26435300
2017-07-19,67.59367370605469,67.75840267700649,67.21845500139867,67.2642157641511,22416200
2017-07-20,67.92312622070312,67.99634064241212,67.06287422090126,67.88651900984863,42361000
2017-07-21,67.5296401977539,67.98722008229042,66.96223862736724,67.2184822455693,46717100
2017-07-24,67.35572052001953,67.49299580621711,66.9255945482523,67.29165965074215,21394800
2017-07-25,67.89567565917969,68.00549031464735,67.26421346179318,67.53876406468606,22018700
2017-07-26,67.76754760742188,68.06954486399925,67.54790435267859,68.03293765487538,16252200
2017-07-27,66.95306396484375,68.10615976294073,66.18432645066709,67.50215819947736,36844200
2017-07-28,66.84323120117188,67.09032112189765,66.38565158477456,66.50461977147796,18306700
2017-07-31,66.53207397460938,67.20929683952724,66.26668393918936,67.08117510445865,23600100
2017-08-01,66.42224884033203,67.19097912929251,66.33988089102353,66.89812849795855,22132300
2017-08-02,66.1294174194336,66.40396103862668,65.37898702226025,66.39481447213186,26499200
2017-08-03,66.02875518798828,66.29415226422783,65.75420456233014,66.0653624035502,18214400
2017-08-04,66.51378631591797,66.8432442626706,66.1111139405287,66.25754279780196,22579000
2017-08-07,66.25752258300781,66.71510214921351,66.12940086303902,66.62358763239439,18705700
2017-08-08,66.61444854736328,66.92559936851784,65.66268200518388,65.97383282633844,22044600
2017-08-09,66.32160186767578,66.35820908099522,65.93723660098959,66.12026568547482,22213400
2017-08-10,65.35153198242188,66.06535515224923,65.29661767405014,65.79995810513952,24734500
2017-08-11,66.34905242919922,66.53208150512475,65.2325569125631,65.53456117174075,21443700
2017-08-14,67.34657287597656,67.46554805942901,66.76087145349469,66.86153954005673,20096600
2017-08-15,67.36495971679688,67.70536815368857,67.19935314611918,67.70536815368857,19181400
2017-08-16,67.76058959960938,68.17460260570824,67.31896964303431,67.47537393251068,18150400
2017-08-17,66.61054992675781,67.9630027947186,66.61054992675781,67.6961917442294,22977500
2017-08-18,66.6933364868164,67.01534733924184,66.17811912293571,66.49092765977467,18761500
2017-08-21,66.38054656982422,66.68415989555085,65.96652648402099,66.6749575773831,17734800
2017-08-22,67.30978393554688,67.3833814227027,66.56455059135556,66.56455059135556,14343700
2017-08-23,66.90495300292969,67.30056837320062,66.73014408929744,67.12575945956837,13766500
2017-08-24,66.87736511230469,67.03376942144119,66.3069407257156,66.92336266359145,17098300
2017-08-25,66.9969711303711,67.48458872257783,66.68416249360165,67.0337733851638,12794300
2017-08-28,67.00616455078125,67.24536864620006,66.74855582075394,67.21776871359877,14569700
2017-08-29,67.20856475830078,67.30976917767674,66.28852968710876,66.47253389362295,11478400
2017-08-30,68.09180450439453,68.27580872960878,67.0061627292834,67.17176933970075,16897800
2017-08-31,68.79103088378906,68.9658398232246,67.8986026091788,68.11020678072649,27652800
2017-09-01,68.02741241455078,68.7634364438979,67.75139901647543,68.73583650795283,21736200
2017-09-05,67.72379302978516,67.98140176800635,67.14417336878746,67.47537958984924,21556000
2017-09-06,67.53060150146484,68.11942361107054,67.4845969225559,67.84341017624334,16535800
2017-09-07,68.39540100097656,68.63461207502297,67.71457704179396,67.78818152908674,17471200
2017-09-08,68.06422424316406,68.4874396989155,67.93541282511397,68.3862352400061,14703800
2017-09-11,68.7818374633789,68.94744408965212,68.36781738803991,68.36781738803991,17910400
2017-09-12,68.70822143554688,69.2234388445184,68.42301280119632,68.78182592806016,14394900
2017-09-13,69.19584655761719,69.21425119243375,68.58862697558955,68.93823782467749,13380800
2017-09-14,68.79103088378906,69.45345737079556,68.56102207687357,69.00264207464848,15733900
2017-09-15,69.28785705566406,69.36146156521137,68.14701523493042,68.84624403700502,38578400
2017-09-18,69.14985656738281,69.89508291474294,69.03944980435038,69.21425875765699,23307000
2017-09-19,69.40747833251953,69.65588482174306,69.01186279833864,69.19586708522172,16093300
2017-09-20,68.94745635986328,69.50867852548288,68.36782955509798,69.32466723059184,21587900
2017-09-21,68.27583312988281,69.22346856509158,68.18383098439615,69.10386647789029,19186100
2017-09-22,68.45982360839844,68.5518257258896,67.94459911568701,68.07340348403696,14111400
2017-09-25,67.40178680419922,68.31261976904575,67.08897115790806,68.16541075448235,24149200
2017-09-26,67.40178680419922,67.90780199830856,67.15337334695151,67.77899762022166,18019600
2017-09-27,67.9446029663086,68.23901397055242,67.31897870487644,67.668596598193,19565100
2017-09-28,67.96302032470703,68.05502246463448,67.44779570634935,67.65940694556447,10883800
2017-09-29,68.533447265625,68.57945185159682,67.9722250094775,68.02743191650653,17079100
2017-10-02,68.6438217163086,69.01183717273621,68.35861307174991,68.73582382558774,15304800
2017-10-03,68.32183074951172,68.89224820498525,68.257428552303,68.69904161335909,12190400
2017-10-04,68.71745300292969,68.74505294454296,67.81581513411815,68.16542609340922,13317700
2017-10-05,69.89508819580078,70.03309490519062,68.96585050650958,69.20506166816445,21195300
2017-10-06,69.92269134521484,69.95029128449785,69.4994758978114,69.61907797447547,13959800
2017-10-09,70.1894760131836,70.42868709570189,69.79386065411163,69.89506507289589,11386500
2017-10-10,70.1894760131836,70.50228456629094,70.05146934944956,70.22627825813336,13944500
2017-10-11,70.30908966064453,70.34589191167446,69.8766719851825,70.25388979375548,15388900
2017-10-12,70.953125,71.10952931666715,70.2630985236672,70.37349826752057,16876500
2017-10-13,71.29354095458984,71.6431588978419,71.10953668289837,71.38554309043559,15335700
2017-10-16,71.44073486328125,71.58793684560895,71.16472149486346,71.22912367825273,12380100
2017-10-17,71.38552856445312,71.41313551697094,71.07271996236729,71.2751288316283,16824000
2017-10-18,71.4039306640625,71.6247371411834,71.1831241869416,71.45913052851489,13300700
2017-10-19,71.67996215820312,71.69835977790429,71.16473755550015,71.36714646877849,15092800
2017-10-20,72.50798034667969,72.65518936516744,71.96516288445885,72.05716501135753,22866400
2017-10-23,72.52638244628906,72.99559538285047,72.46198025778189,72.67358444031457,20627200
2017-10-24,72.55398559570312,72.86679423393524,72.18597006536761,72.59078785066792,17517200
2017-10-25,72.34236145019531,72.77477909457798,71.77194414850852,72.29636390419765,20410800
2017-10-26,72.46196746826172,73.069186992825,72.4527651517243,72.86677814486696,32120700
2017-10-27,77.108154296875,79.30703804672368,76.9241500492531,77.62337882497813,71066700
2017-10-30,77.18177032470703,77.58658815307761,76.46414382482328,77.0069613498537,31756700
2017-10-31,76.52852630615234,77.61416809582055,76.46412412453269,77.61416809582055,27086600
2017-11-01,76.52852630615234,77.06214839346464,76.25251294531871,76.9885438946675,22307400
2017-11-02,77.3289566040039,77.70616736272449,76.47332363994128,76.68492779209132,23992900
2017-11-03,77.41175842285156,77.77977389367078,76.73093436438835,77.35655855898763,17633500
2017-11-06,77.71537780761719,77.92698198189835,77.35656462573884,77.4669643621249,19860900
2017-11-07,77.53135681152344,78.11098343200648,77.2185482386305,77.99137437352664,17939700
2017-11-08,77.7981948852539,77.84419946517144,77.1265729420634,77.4117816834747,18034200
2017-11-09,77.36576080322266,77.53136742899511,76.27092362885486,77.38416543903732,21178400
2017-11-10,77.1633529663086,77.37495712660014,76.57453101347187,77.08974846737617,19397800
2017-11-13,77.21856689453125,77.22776921340164,76.78614915868694,76.97016043953167,14196900
2017-11-14,77.3289566040039,77.37495414958339,76.34451928142099,76.82293446745194,18801300
2017-11-15,76.72792053222656,77.38442512523125,76.45976957656627,77.18099977579504,19383100
2017-11-16,76.93134307861328,77.13476843929153,76.69093770195931,76.83887892954927,20962800
2017-11-17,76.19165802001953,76.8574114880529,76.0437096695385,76.8574114880529,22079000
2017-11-20,76.31185150146484,76.36732859887886,76.05294897411312,76.19164877221291,16315000
2017-11-21,77.41219329833984,77.52314749173608,76.50602740973729,76.50602740973729,21237500
2017-11-22,76.84813690185547,77.5786157619588,76.78341128410268,77.51389014420602,20553100
2017-11-24,76.98684692382812,77.1440367229409,76.54300901829089,76.75568296469844,7425600
2017-11-27,77.55087280273438,77.65258548977664,77.02381935831664,77.03306083563842,18265200
2017-11-28,78.48478698730469,78.65122532456326,77.68958238202089,77.7358179969233,21926000
2017-11-29,77.06080627441406,78.52176404218838,76.91286502383223,78.32758718260776,27381100
2017-11-30,77.82827758789062,78.15190570945194,77.06081157492812,77.21800842359843,33054600
2017-12-01,77.9114990234375,78.42005547639215,76.94985615303409,77.30122281441533,29532100
2017-12-04,74.9710922241211,78.06868767160667,74.61971851332228,78.05943913854256,39094900
2017-12-05,75.44265747070312,76.4505358827213,74.87862396675133,75.2114935386744,26152300
2017-12-06,76.54299926757812,76.8758758906853,75.29471545820792,75.40567668409805,26162100
2017-12-07,76.27484893798828,76.56149701043519,75.82176960707739,76.3210845461594,23184500
2017-12-08,77.81902313232422,78.20737681343752,77.0515572473412,77.32894971046665,24489100
2017-12-11,78.80840301513672,78.93785423990181,77.78203469409738,77.93922445923174,22857900
2017-12-12,79.13204193115234,79.56663126871504,78.66971404941562,78.88238092445889,23924100
2017-12-13,78.91935729980469,79.52038487547371,78.75291900276653,79.27997243429357,22062700
2017-12-14,78.3091049194336,79.40019908685795,78.16115659965068,78.99334826201913,19306000
2017-12-15,80.30635833740234,80.52827376384683,78.48478520286689,78.83615893718188,53936700
2017-12-18,79.87176513671875,80.9073821681136,79.7330724109388,80.55601550519793,22283800
2017-12-19,79.36318969726562,79.8440074922699,78.8453777781508,79.8440074922699,23524800
2017-12-20,79.07654571533203,79.7977830265608,78.32757691872675,79.70531182068048,23674900
2017-12-21,79.05805969238281,79.61285168282028,78.96559553640371,79.56662313211218,17990700
2017-12-22,79.06730651855469,79.17826068151072,78.52175601729078,78.96559383280317,14145800
2017-12-26,78.96560668945312,79.085809403747,78.62348150398975,78.88238399912359,9891200
2017-12-27,79.25222778320312,79.50188873679178,78.79914853075239,79.19675070665548,14678000
2017-12-28,79.26150512695312,79.45568202001836,79.1043153165524,79.42794347166114,10594300
2017-12-29,79.09505462646484,79.56663103975713,79.0580675494847,79.17827025874746,18717400
2018-01-02,79.47413635253906,79.80701289250342,79.05804420486439,79.64057462252124,22483800
2018-01-03,79.84402465820312,79.99197296820445,79.49265800379551,79.57587363724849,26061400
2018-01-04,80.5467758178711,81.05533938346264,80.04746078653521,80.06595080048189,21912000
2018-01-05,81.54540252685547,81.74882794472589,80.84266209818432,81.05533604993003,23407100
2018-01-08,81.62859344482422,81.90599294055109,80.99982736846393,81.55461930535543,22113000
2018-01-09,81.57311248779297,82.04468878627505,81.24023593057761,81.97071465032454,19484300
2018-01-10,81.20325469970703,81.54537981214952,80.82414957119295,81.240241770341,18652200
2018-01-11,81.44367980957031,81.48990836413721,80.66696531447342,81.48990836413721,17808900
2018-01-12,82.84912872314453,83.0155669899713,81.78577352144916,81.98919885363314,24271500
2018-01-16,81.69334411621094,83.94950668024973,81.37896450886227,83.31149187707643,36599700
2018-01-17,83.34845733642578,83.47790855934845,82.06318658414891,82.36832463299343,25621200
2018-01-18,83.31148529052734,83.83853880878675,82.90464153992117,83.03409278619093,24159700
2018-01-19,83.21903228759766,83.78307295968989,82.90465266292449,83.3484835512354,36875000
2018-01-22,84.70771026611328,84.71695879850284,82.97860154655272,83.21901400673879,23601600
2018-01-23,84.97586822509766,85.34573195076203,84.64299157745609,84.97586822509766,23412800
2018-01-24,84.90188598632812,86.39058222584349,84.67997059388154,85.57688775049724,33277500
2018-01-25,85.37348937988281,86.21492266369096,85.00362557240616,85.50294065431484,26383200
2018-01-26,86.97312927246094,86.97312927246094,85.60464252915904,86.1039575477901,29172200
2018-01-29,86.84365844726562,88.2583804873468,86.65873013591283,87.97173948838112,31569900
2018-01-30,85.7525863647461,86.6032751559416,85.16080715191032,86.2703984669009,38635100
2018-01-31,87.85155487060547,88.21217009014914,86.46457108634074,86.68648651654509,48756300
2018-02-01,87.15804290771484,88.83166736453137,86.52927678812455,87.64810926990558,47227900
2018-02-02,84.86492156982422,86.88992034842073,84.60601903375188,86.58478219323618,47867800
2018-02-05,81.36971282958984,86.21490739098292,81.36971282958984,83.7368294908083,51031500
2018-02-06,84.44881439208984,84.58751417051435,78.82690553585113,80.34334045628128,67998600
2018-02-07,82.8583984375,84.85565109549665,82.47928621158212,83.6720929197115,41107600
2018-02-08,78.60496520996094,83.10803293304778,78.37380133737335,82.950843192783,55628700
2018-02-09,81.5361328125,82.22962452714889,77.513882278449,79.79778278742265,63499100
2018-02-12,82.41454315185547,83.01557064488912,81.30495936053309,82.0539280669476,35720300
2018-02-13,83.06183624267578,83.21902604321755,81.18478600620905,82.22964457133075,26407700
2018-02-14,84.3624267578125,84.5296469204601,82.13283403944776,82.22573255476256,34960900
2018-02-15,86.0810775756836,86.13681526499444,84.18591817439184,84.73402435315407,27823900
2018-02-16,85.46796417236328,86.86146358821703,85.28216708533127,85.88601116203759,30596900
2018-02-20,86.1368179321289,86.45267429827331,84.54822994826206,84.9848607619224,30911700
2018-02-21,84.9941635131836,86.73139515515783,84.9941635131836,86.37837789156953,26922500
2018-02-22,85.21710968017578,86.14610898859817,84.87337738448669,85.51438917536285,24392800
2018-02-23,87.38167572021484,87.39096769817876,85.80237967606901,86.95433687400718,26329200
2018-02-26,88.64512634277344,88.6729951924059,87.55819868088709,87.69755001675279,30199800
2018-02-27,87.51172637939453,89.03528458001894,87.51172637939453,88.94238607270316,25869100
2018-02-28,87.11224365234375,88.91450419848849,86.98218434362204,88.10627241911723,31167300
2018-03-01,86.25757598876953,87.85545577803983,85.31928479386983,87.31663453045769,37135600
2018-03-02,86.44338989257812,86.53628840739391,84.40887910591134,85.07775975290876,32830400
2018-03-05,86.99149322509766,87.57676022808525,85.70947675239536,85.78379130917797,23901600
2018-03-06,86.6942138671875,87.78114134055299,86.34119668689932,87.64179002885692,22175800
2018-03-07,87.19588470458984,87.27020635802515,85.86741527217131,86.54558795628832,26716100
2018-03-08,87.72541046142578,88.34783833592734,87.11226747744323,87.57676716068964,25887800
2018-03-09,89.68559265136719,89.68559265136719,88.2549328887516,88.52434353440994,36937300
2018-03-12,89.89927673339844,90.3080387734474,89.221111080812,89.64844999190701,26073700
2018-03-13,87.70682525634766,90.3358878269818,87.29806330587786,90.11292998477191,35387800
2018-03-14,87.18657684326172,88.63582047043057,86.86142852834301,88.36640984158318,32132000
2018-03-15,87.49314880371094,87.86474991766327,86.23900124586082,86.88929787950111,27611000
2018-03-16,87.88333892822266,88.60795730232654,87.25161907351878,87.95766057882375,49081300
2018-03-19,86.29474639892578,87.23303769810835,85.57012806225696,87.08439440458534,33344100
2018-03-20,86.51770782470703,87.11226684794981,86.39694045950863,86.44339326257867,23075200
2018-03-21,85.91384887695312,87.37237733307128,85.66301512459252,86.33189568061894,24457100
2018-03-22,83.41485595703125,85.23569390825268,83.29408858808033,84.78977108311345,38604700
2018-03-23,80.99015045166016,84.03726669032281,80.89725194930121,83.14542830981432,44068900
2018-03-26,87.1215591430664,87.32594013699392,83.98154384716022,84.1766328628994,56396800
2018-03-27,83.1175537109375,88.38497710334019,82.22571539220009,88.19918011149107,56569000
2018-03-28,83.04325103759766,84.7526135211948,82.56017449588474,83.44272104020168,52501100
2018-03-29,84.78976440429688,85.73734767518887,82.12354090502936,83.7771585525324,45867500
2018-04-02,82.23502349853516,84.42746264232967,81.2967392107719,84.0465765751898,48515400
2018-04-03,83.34053039550781,83.65639385843618,81.64975187099252,83.2197630322219,37213800
2018-04-04,85.77450561523438,86.17397559096709,81.50111032525551,81.61258570323538,35560000
2018-04-05,85.82095336914062,86.46196515858759,84.9105380180298,85.8766981471592,29771900
2018-04-06,83.8235855102539,85.89524937593531,83.12683623846237,84.99411918371959,38026000
2018-04-09,84.32525634765625,86.55485590025206,84.18591213437655,84.57609010696288,31533900
2018-04-10,86.28546905517578,86.65707026430456,85.13351168580976,85.83026129503739,26812000
2018-04-11,85.3378677368164,86.66633688656455,84.98485058966779,85.47721903543083,24872100
2018-04-12,86.93575286865234,87.47457414308411,85.86740229698988,85.86740229698988,26758900
2018-04-13,86.47127532958984,87.49317336404089,85.87671621544729,87.37240598037883,23346100
2018-04-16,87.48384094238281,87.93905559097983,86.78709163811847,87.39094245268765,20288100
2018-04-17,89.24894714355469,89.68557787361806,88.14343589830494,88.25491834673632,26771000
2018-04-18,89.59270477294922,89.85282347198775,88.73801993477595,89.38832377007523,21043300
2018-04-19,89.28612518310547,90.17796367949042,88.57079173782539,89.59269665965408,23552500
2018-04-20,88.25492858886719,89.28611832150062,87.37238213805924,89.10032130692056,31154400
2018-04-23,88.58008575439453,89.4533474030741,87.91120509478485,88.94239493039935,22331800
2018-04-24,86.5083999633789,89.6205455747214,85.8488114436025,89.40687266012023,34524800
2018-04-25,85.75591278076172,86.67562708007543,83.87004556305395,86.67562708007543,33729300
2018-04-26,87.56746673583984,88.39427545832768,86.48982425978296,86.90787815316423,42529000
2018-04-27,89.01670837402344,90.94902852641466,87.24232348171266,90.67032591469795,48272800
2018-04-30,86.88002014160156,89.55554293039768,86.53629490221526,89.4905132563757,41523600
2018-05-01,88.25492858886719,88.52433922139953,86.20184110063987,86.59201908387905,31408900
2018-05-02,86.87071990966797,88.41285494458162,86.57344043982307,88.2456347998125,27471000
2018-05-03,87.3909683227539,88.18990832850069,85.88598682845596,86.35977848016684,31142500
2018-05-04,88.403564453125,88.5986534283755,86.32260120838384,86.69420229406627,22531300
2018-05-07,89.38832092285156,89.84352863166957,88.34783907213622,88.41286874482451,24242000
2018-05-08,89.00741577148438,89.33257117876971,88.31066633479027,89.04457659196561,23484600
2018-05-09,90.05718994140625,90.08505878499105,88.30138191854601,89.19322035176853,27327400
2018-05-10,90.95830535888672,90.9954590857411,90.15936556520495,90.54025151091798,22388100
2018-05-11,90.76322174072266,90.92115699613625,90.15008593584612,90.85612733368417,16778300
2018-05-14,91.06979370117188,91.68293659721171,90.40091311920176,90.96760321849857,19454100
2018-05-15,90.41021728515625,90.9025858111258,89.49979479524269,90.33589563542807,24594000
2018-05-16,90.64344024658203,90.87669665117004,90.14893780780275,90.8393747722255,17384700
2018-05-17,89.73843383789062,91.00734966658976,89.41187618750988,90.27959058333468,17246700
2018-05-18,89.9063720703125,90.43819652359427,89.57981444433639,89.57981444433639,17865800
2018-05-21,91.06333923339844,91.44588332308408,90.3169226793946,90.50352503828964,19422500
2018-05-22,90.97002410888672,91.5951497456238,90.6901134950288,91.13796905351695,15441200
2018-05-23,92.05235290527344,92.11766444360754,89.86906826103214,90.23294784866839,21251200
2018-05-24,91.72579193115234,92.3136029191653,90.32625280681533,92.11766829596903,26649300
2018-05-25,91.77243041992188,92.35090905521858,91.30591745809568,91.71645114239806,18363900
2018-05-29,91.44586944580078,92.25759741407722,90.71811039075736,91.28724963454513,28671000
2018-05-30,92.32292175292969,92.60283240606051,91.35258095716964,91.7257856701126,22158500
2018-05-31,92.22028350830078,93.29326479807118,92.00569152140065,92.64014946608393,34140900
2018-06-01,94.03965759277344,94.10496910456105,92.52815345343319,92.63078684601672,28655600
2018-06-04,94.86076354980469,95.03804078982365,94.0956824190627,94.47822654364587,27281600
2018-06-05,95.34591674804688,95.47653980148941,94.7301162517413,95.16863955333662,23514400
2018-06-06,95.62582397460938,95.72845739466818,95.07534210195108,95.61649884072972,21122900
2018-06-07,94.12364196777344,95.81242353907001,93.65712905872107,95.77510165213518,28232200
2018-06-08,94.82341766357422,95.12198566056895,93.80642287076867,94.31958283394138,22165100
2018-06-11,94.28226470947266,94.78609240276262,93.92771033173682,94.24494282137297,23490900
2018-06-12,94.52486419677734,94.65548727064028,94.00237190132559,94.32892958598293,18325200
2018-06-13,94.09565734863281,95.1779707721775,93.82507899274664,94.90739241629133,29492900
2018-06-14,94.62748718261719,95.19663356380008,94.23561800428817,94.84208627651519,25691800
2018-06-15,93.42387390136719,94.73011148853509,93.3678946293987,94.71145410401965,65738600
2018-06-18,94.10498046875,94.33823691307697,92.76142107153163,93.31190998172262,23586000
2018-06-19,94.10498046875,94.23560350809936,92.83606484213749,92.97602013241803,28653100
2018-06-20,95.0473403930664,95.65380146567729,94.34757104612594,94.58082749510609,26180800
2018-06-21,94.36624145507812,95.59783539095035,94.1236527214967,95.24328810219511,23198200
2018-06-22,93.68516540527344,94.02104829279118,92.95739898011391,93.68516540527344,38923100
2018-06-25,91.80044555664062,93.40525173001198,90.78345043422787,93.30261828042953,35433300
2018-06-26,92.44422149658203,93.37724753400795,92.13632119580978,92.20163273369265,26897200
2018-06-27,91.00735473632812,93.32125517514591,90.87673166889921,92.9107285854079,31298400
2018-06-28,92.02435302734375,92.47220864533867,90.74611194632789,90.85807051200895,26650700
2018-06-29,92.00570678710938,93.21864359739291,91.74446061096818,92.30427486247426,28053200
2018-07-02,93.31192016601562,93.35856718891912,91.43653615578458,91.52983732001414,19564500
2018-07-03,92.41622161865234,93.8903971845078,92.31358819642897,93.75044898913318,14670300
2018-07-05,93.07865905761719,93.22793948926052,92.39754706768208,92.83607034797181,18977400
2018-07-06,94.3849105834961,94.6368244634005,92.9946967623208,93.19996361475866,19234600
2018-07-09,95.02870178222656,95.401913625964,94.46888757583233,94.84209941956976,18212000
2018-07-10,95.2806167602539,95.64449632725744,95.03802800944376,95.16865107870537,19293100
2018-07-11,95.14998626708984,95.48586904868206,94.32891890330956,94.3755730465872,19644600
2018-07-12,97.21197509765625,97.41724194368088,95.84975807762908,95.88707285106717,24335900
2018-07-13,98.3689193725586,98.5275320646392,97.11866098466868,97.37991421202936,24635200
2018-07-16,97.88375091552734,98.73280078580724,97.51986426435285,98.34093161490883,21786900
2018-07-17,98.85411071777344,99.36727791116317,97.3332807640193,97.60385918249533,25901700
2018-07-18,98.0796890258789,98.94740343172332,97.70647722752443,98.84477000921527,29493900
2018-07-19,97.40788269042969,98.25693236004555,96.93203759912964,97.9023851632771,40171600
2018-07-20,99.15267181396484,100.95341231368171,98.97540171104927,100.8414537472979,56004000
2018-07-23,100.73880767822266,100.89742037298429,99.02203631866132,99.18065613184565,29707000
2018-07-24,100.44955444335938,101.53186059865146,100.07634272420223,101.29860416398094,26316600
2018-07-25,103.40727233886719,103.7058403713886,100.39359525443446,100.72948518082397,30702100
2018-07-26,102.2782974243164,103.56587054959827,102.16633175838749,103.32328183263013,31372100
2018-07-27,100.4682388305664,102.80080380423445,99.0313779525761,102.80080380423445,37005300
2018-07-30,98.31295013427734,100.32828255070758,97.74380371666166,100.01105713416025,34668300
2018-07-31,98.97537231445312,99.57250821922395,98.32225002469526,99.35790916668685,27655200
2018-08-01,99.16199493408203,99.32060763413263,98.3595920629258,98.92873845103482,23628700
2018-08-02,100.36559295654297,100.8507632787967,97.81842918904901,98.34092851888668,26104300
2018-08-03,100.80410766601562,100.81343991711636,99.66581505807143,100.58018346855145,18659600
2018-08-06,100.88809967041016,101.1586780669088,100.35627513065035,100.87877453559621,20265900
2018-08-07,101.58787536621094,101.79314223940148,100.92542771445673,101.28930731023124,16080200
2018-08-08,102.15699768066406,102.39958639329618,101.47589280076545,102.00771724718281,15487500
2018-08-09,102.32494354248047,102.78213133550183,102.25963201753774,102.36226543079378,13677200
2018-08-10,101.6998291015625,102.34361928844945,101.12135044679286,102.09169829426624,18183700
2018-08-13,100.96273040771484,102.24097843591244,100.86009699064088,101.9237459326595,18472500
2018-08-14,102.22232055664062,102.39959776460684,100.80412424818,101.28929460889933,16788300
2018-08-15,100.83613586425781,102.08183037898388,100.04937428808769,101.6135221287783,29982800
2018-08-16,100.81741333007812,101.96008676029236,100.49896710634907,101.435583734942,21384300
2018-08-17,100.76119995117188,101.06091693096086,99.927611877827,100.55514318772636,18061500
2018-08-20,100.09622192382812,101.06093591039223,99.73094200941682,100.69565599598093,17914200
2018-08-21,99.26262664794922,100.54578676796632,99.14086192124351,100.14304135940642,22881900
2018-08-22,100.2741470336914,100.53639847591755,99.0752792144771,99.14084207503363,18000600
2018-08-23,100.74246215820312,101.32316692441043,100.09620167274169,100.35845313302359,18167700
2018-08-24,101.52921295166016,101.6790678506294,100.74245150817093,100.8454798775066,17234000
2018-08-27,102.65316009521484,102.69062561020344,101.63225160858649,102.34407495592107,19662300
2018-08-28,103.27133178710938,103.49611773430098,102.83112091223919,102.97161480891509,19151500
2018-08-29,104.9197769165039,104.92914508230857,103.28069804571155,103.44928930111143,20818000
2018-08-30,104.85423278808594,105.47240321697662,104.37656343392648,104.59198126521767,22798700
2018-08-31,105.21012115478516,105.63159567336524,104.4514570171986,104.6106872348501,23222700
2018-09-04,104.6294174194336,104.86357151995487,103.23386098115522,103.82392674197509,22634600
2018-09-05,101.61351013183594,104.35779643987068,101.24823031146748,103.97378743586465,32872400
2018-09-06,101.84767150878906,102.08182562298259,100.69563726861412,101.38873144579836,23477600
2018-09-07,101.35127258300781,101.82894900814723,100.43339239677421,101.37000891503043,22498600
2018-09-10,102.44712829589844,102.69065062974799,101.49178244128566,101.94135443905,20727900
2018-09-11,104.18922424316406,104.51703861034544,101.98817675401231,101.997544920451,24301800
2018-09-12,104.6294174194336,104.76054314406022,103.50548059525784,104.36716597018032,18891100
2018-09-13,105.75337982177734,106.52140511951798,105.01345187766594,105.01345187766594,26055600
2018-09-14,106.18421936035156,106.52140188529935,105.31316569520595,106.17485119415383,19122300
2018-09-17,105.03217315673828,106.49329260198623,104.76992168152114,106.48393158202616,20736500
2018-09-18,106.03436279296875,106.49330291906088,104.63880608132351,105.07901701986427,22170900
2018-09-19,104.62008666992188,106.13740835643415,104.00192333929594,105.88452498159141,21728400
2018-09-20,106.37152099609375,106.58694590563832,104.83547071892254,105.16328501969399,23714500
2018-09-21,107.01779174804688,107.98250549566357,106.31532944881343,106.77426948348412,71229700
2018-09-24,107.40180969238281,107.61723462623164,105.10710218227763,105.86575924191418,27334500
2018-09-25,107.19575500488281,107.80455715585558,106.54012631664555,107.52357649481822,22668000
2018-09-26,106.75554656982422,107.76708690931181,106.53075347587901,107.21448663145021,19352000
2018-09-27,107.1583023071289,107.62661057947021,106.96160654442647,107.5048458553385,19091300
2018-09-28,107.12083435058594,107.30815479693361,106.4745666627976,106.95224309054625,21647800
2018-10-01,108.2822265625,108.34778942708131,107.45800667264689,107.47673585717742,18883100
2018-10-02,107.85137939453125,108.49763984841243,107.186382611079,107.99187328305011,20787200
2018-10-03,107.87010192871094,108.81608643088637,107.64531600842712,108.10425601320279,16648000
2018-10-04,105.64095306396484,107.48608831357014,104.55447472875584,107.34559443976686,34821700
2018-10-05,105.02281188964844,105.99689396573768,103.62725522153414,105.49112016781727,29068900
2018-10-08,103.82392120361328,104.92912878495042,102.40962851107994,104.58258530798715,29640600
2018-10-09,105.14456939697266,105.91259463461084,103.77711017609573,104.09555635339649,26198600
2018-10-10,99.43121337890625,104.4327421750558,99.08466269336486,104.1892198785722,61376300
2018-10-11,99.19705963134766,102.02563839378901,97.59543908465538,98.67254951798797,63904300
2018-10-12,102.62505340576172,104.18920099865099,100.33034620162194,102.10055053528764,47742100
2018-10-15,100.77993774414062,102.54078140339118,100.17113556718309,102.00691026423516,32068100
2018-10-16,103.96443939208984,104.34845561623312,102.0443725630081,102.59698005578205,31610200
2018-10-17,103.69281005859375,104.7230867615567,102.60633865326707,104.60132919116305,26548200
2018-10-18,101.62287902832031,103.52420917003575,100.99534775761133,103.12146383367612,32506200
2018-10-19,101.77275085449219,103.83330426649405,101.35126914807132,102.02563416169134,32785500
2018-10-22,102.68126678466797,103.53359125009766,101.37937039011554,102.39091794936716,26545600
2018-10-23,101.24822998046875,102.06308880945073,98.44774898486058,100.93914485783945,43770400
2018-10-24,95.83460235595703,101.61352458837928,95.15086914994741,101.53860069735359,63897800
2018-10-25,101.435546875,102.34405867211058,99.42182042611537,99.79646837057545,61646800
2018-10-26,100.18050384521484,101.85704830235628,98.11995032409172,98.99100398851006,55523100
2018-10-29,97.26763153076172,101.81022056722784,95.18834155574065,101.25762020861788,55162000
2018-10-30,97.15524291992188,97.76403799237653,93.76468826039141,97.08968004385056,65350900
2018-10-31,100.04000091552734,101.28570251123587,98.71000726916098,98.75684095007074,51062400
2018-11-01,99.20641326904297,100.51767773613729,98.84113342299894,100.26479443726699,33384200
2018-11-02,99.43121337890625,100.5176848283107,98.3260055974093,99.73093038003337,37680200
2018-11-05,100.6956558227539,100.91107364584752,99.1877024778274,99.62791343695496,27922100
2018-11-06,100.892333984375,101.9413399270377,99.54360389144634,100.57388064762594,24340200
2018-11-07,104.86358642578125,105.12583791231225,102.46585038227842,102.50331590118529,37901700
2018-11-08,104.6668930053711,105.09773573429341,103.88013858189994,104.7137266883087,25644100
2018-11-09,102.62505340576172,104.38588957507878,101.8663964472809,103.82392119302573,32039200
2018-11-12,100.09622192382812,102.99036388352044,99.37502311632636,102.48459004530068,33621800
2018-11-13,100.16177368164062,101.84767914271,99.88078586522056,100.73311033476229,35374600
2018-11-14,98.74137878417969,101.83616036770425,98.27104736741342,101.68565086952887,39495100
2018-11-15,100.91429901123047,101.40344766182095,97.74427012614555,98.76018044528102,38505200
2018-11-16,101.86436462402344,102.4193521721038,100.4627792107734,100.72616361845134,33502100
2018-11-19,98.41213989257812,102.11834626264437,97.40563103301402,101.8455532028221,44773900
2018-11-20,95.67481231689453,96.86004945176676,93.45484753962995,95.75947570058635,64052500
2018-11-21,96.99174499511719,98.23341964390164,96.17336574924349,97.45266777243812,28130600
2018-11-23,96.95411682128906,97.65020530041825,95.94760788835133,96.10751884576017,13823100
2018-11-26,100.1523666381836,100.30286895005918,98.3745145704858,98.57205289170918,32336200
2018-11-27,100.78260040283203,100.96132861112861,99.10822195674872,99.96422127591732,29124500
2018-11-28,104.52644348144531,104.72398179040619,101.45988102086649,101.48809975404846,46788500
2018-11-29,103.6516342163086,104.52645089039292,102.5604619446819,103.78332643161698,28123200
2018-11-30,104.3100814819336,104.38533621691376,102.87086876469903,104.13135328052734,33665600
2018-12-03,105.43888092041016,106.68996406136925,104.15958622278647,106.2948874410728,34732800
2018-12-04,102.08069610595703,105.95622837041937,101.78909301388839,105.29776746036576,45197000
2018-12-06,102.71096801757812,102.757996849088,98.76958879667562,99.54093196497264,49107400
2018-12-07,98.60026550292969,102.95553128993568,98.11112404885361,101.94902247191541,45044900
2018-12-10,101.20590209960938,101.57276717564733,97.72545278593303,98.58145933554282,40801500
2018-12-11,102.14657592773438,104.36654083854135,101.0648193863845,103.28478429719148,42381900
2018-12-12,102.60749816894531,104.66754478511174,102.56987079639461,104.31009551091134,36183000
2018-12-13,102.95552062988281,104.29126700121132,102.18417757048651,103.07781136325504,31333400
2018-12-14,99.73847198486328,102.77681587843539,99.23992186688257,101.82674447478709,47043100
2018-12-17,96.78478240966797,99.52211424871284,95.6748001620515,99.15525637825955,56957300
2018-12-18,97.80070495605469,98.30866369026091,96.4367396947545,97.5937580076721,49319200
2018-12-19,97.537353515625,100.53806375158068,95.3361982565726,97.49972613259023,68198200
2018-12-20,95.48667907714844,98.12053050741318,92.9186665765358,96.93530059330335,70334200
2018-12-21,92.40129089355469,96.88824836392871,91.67697666839467,95.5995380108209,111242100
2018-12-24,88.54457092285156,92.15671915982568,88.40347726947027,91.88392613547795,43935200
2018-12-26,94.5930404663086,94.71533121252241,88.38466797329676,89.49465026573576,51634800
2018-12-27,95.17623901367188,95.18564764883344,90.6798730823491,93.40779596764825,49498500
2018-12-28,94.43313598632812,96.33327882240764,93.61475678345971,96.03225984294457,38196300
2018-12-31,95.5431137084961,96.32386550096419,94.48016740153551,95.27972929096158,33173800
2019-01-02,95.11980438232422,95.7124192347654,93.0691596340107,93.64296439225572,35329300
2019-01-03,91.62054443359375,94.24499411374003,91.43240759575788,94.16033074254226,42579100
2019-01-04,95.88172149658203,96.42730742679093,93.05973421483432,93.80285839356338,44060600
2019-01-07,96.0040283203125,97.14222927222389,94.98811810669106,95.60895172742158,35656100
2019-01-08,96.70013427734375,97.80070798048162,95.67480814047346,96.92589132952112,31514400
2019-01-09,98.08291625976562,98.65672119608233,97.11403463254871,97.69724820722637,32280800
2019-01-10,97.45264434814453,97.5937451740949,96.3050348228878,97.09519514219824,30067600
2019-01-11,96.70013427734375,97.30215786760826,95.60896203455977,97.06699217838971,28314200
2019-01-14,95.99462890625,96.76597201309896,95.2515045313964,95.85352806958649,28437100
2019-01-15,98.77899169921875,98.81661906825462,95.83471286817226,96.42733495962857,31587600
2019-01-16,99.12703704833984,99.95482485337743,98.73196041958309,99.01416211251629,29853900
2019-01-17,99.8231201171875,100.30285288761121,98.5438183760184,98.76957539602286,28393000
2019-01-18,101.31877899169922,101.49750720200795,99.62559043042677,101.08361331568747,37427600
2019-01-22,99.40924072265625,100.74498011889754,98.6378975468435,100.4157495883715,32371300
2019-01-23,100.37812042236328,100.68854084989029,99.08940988112788,99.82313284892457,25874300
2019-01-24,99.89837646484375,100.65090950000453,99.08940596388634,100.51921729535442,23164800
2019-01-25,100.81080627441406,101.47867584036247,99.89836242989617,100.87665236748825,31225600
2019-01-28,98.84485626220703,100.16178571767907,98.44977957857186,99.95483873767355,29476700
2019-01-29,96.83182525634766,98.7413694802208,96.1075109238313,98.65670610130262,31490500
2019-01-30,100.06771850585938,100.06771850585938,98.13936383242702,98.41215693950242,49471900
2019-01-31,98.23340606689453,98.97653046123938,97.05757769166918,97.64079114938822,55636400
2019-02-01,96.6812973022461,97.92297160123316,96.27681211214575,97.62195986743889,35535700
2019-02-04,99.4656753540039,99.52211999811756,96.6719058893965,96.76597790402354,31315100
2019-02-05,100.85785675048828,100.90488557989966,99.67261972834298,99.76668456385265,27325400
2019-02-06,99.73847198486328,100.65091601664867,99.26814060160791,100.65091601664867,20609800
2019-02-07,99.02355194091797,99.32456369556773,98.10170658210333,98.94830438477027,29760700
2019-02-08,99.39981842041016,99.50329188387704,98.07348784357721,98.19577140190792,21461100
2019-02-11,99.00476837158203,100.25585172756635,98.74138391278287,99.89839523917755,18914100
2019-02-12,100.54743957519531,100.78260525989297,99.22110884537786,99.84194252110234,25056600
2019-02-13,100.47218322753906,101.38462721784958,100.37811839050116,101.12124280346862,18394900
2019-02-14,100.55684661865234,100.92370450683256,99.39042685050721,100.00185187968289,21784700
2019-02-15,101.79852294921875,101.87377769088145,100.98955241806276,101.5069197961348,26606900
2019-02-19,101.75149536132812,102.21242530963815,101.3846374362244,101.39404607388258,18038500
2019-02-20,101.22245788574219,101.96875590966104,100.41003255374629,101.89317978404839,21607700
2019-02-21,103.35746002197266,103.42358734504347,100.95797154472923,100.98631079642564,29063200
2019-02-22,104.83114624023438,105.04841861549842,103.74476274190371,103.96204232450457,27763200
2019-02-25,105.4168472290039,105.97421222698704,105.10510827852009,105.57744832103522,23750600
2019-02-26,106.14424133300781,106.97555710669761,105.02006986948562,105.10509481406153,21536700
2019-02-27,105.96475982666016,106.14425134309728,104.74612169327851,105.51131743727996,21487100
2019-02-28,105.8324966430664,106.63547318184376,105.54909697444064,105.84194546088814,29083900
2019-03-01,106.30484771728516,106.76773893611451,105.4924222759635,106.64493312097035,23501200
2019-03-04,106.04977416992188,106.98500531087676,104.6705422952536,106.76772574917203,26608000
2019-03-05,105.52075958251953,106.17259112880612,105.07676600947781,106.04033649728954,19538300
2019-03-06,105.56800842285156,106.42767083239418,105.2657110583906,105.68137263727606,17687000
2019-03-07,104.28323364257812,105.37906599687508,103.792003171321,105.23736254315226,25339000
2019-03-08,104.39659118652344,104.58552430787523,102.78118921475482,103.12127459905733,22818400
2019-03-11,106.5882568359375,106.70161383462825,104.84060010186273,104.85004171352885,26491600
2019-03-12,107.33455657958984,107.68408360722519,106.41821572068274,106.57880960945234,26132700
2019-03-13,108.16588592529297,108.63822603850386,107.48571500909519,107.81635164687518,35513800
2019-03-14,108.25088500976562,108.82714042504936,108.00527338255448,108.2036553309959,30763400
2019-03-15,109.49787139892578,110.76373924506186,108.25088677580136,108.95939683493822,54681100
2019-03-18,111.06603240966797,111.10382047628282,109.6301219149873,109.7434789074951,31207600
2019-03-19,111.14161682128906,111.8879149760128,110.51812448670825,111.55727117033899,37588700
2019-03-20,111.01880645751953,112.18076619650977,110.25361785339028,110.89600063443011,28113300
2019-03-21,113.56942749023438,114.13623403248229,110.61257456249179,110.6598114440692,29854400
2019-03-22,110.5748062133789,112.97428727339415,110.56535739452741,112.88926952574172,33624500
2019-03-25,111.15105438232422,111.48169094717156,109.88517941033315,110.11190059660895,27067100
2019-03-26,111.38722229003906,112.14296196584426,110.38585658877594,112.05794422534245,26097700
2019-03-27,110.31027221679688,111.67061362187481,109.12942230470446,111.3588675153218,22733400
2019-03-28,110.46144104003906,111.07548452793282,109.70569409996413,110.94322989452024,18334800
2019-03-29,111.4155502319336,111.77452600096684,110.48976075438848,111.53835602486546,25399800
2019-04-01,112.43582153320312,112.52084648941533,111.56671757712907,112.36969421496568,22789100
2019-04-02,112.59640502929688,112.87036307841795,111.96346398813081,112.47359202366633,18142300
2019-04-03,113.33328247070312,113.76783448909393,112.5586450105564,113.22936707420338,22860700
2019-04-04,112.75701904296875,113.57889333722271,111.83122935953311,113.4560803096422,20112800
2019-04-05,113.2576904296875,113.57888539396883,112.76645997573208,112.78535040547249,15826200
2019-04-08,113.29546356201172,113.3804812956418,112.07682559529621,113.18209937650242,15116200
2019-04-09,112.68143463134766,112.92705346113884,112.02016148268305,112.0673911605381,17612000
2019-04-10,113.54109954833984,113.69224461123034,112.92705606338053,113.13488683127478,16477200
2019-04-11,113.67333984375,114.16457024535748,113.28601760564702,113.87172176789933,14209100
2019-04-12,114.2590560913086,114.28740254868997,113.7111471066686,113.96620756440298,19745100
2019-04-15,114.35353088378906,114.85421019191583,113.90008125704301,114.24961549447929,15792600
2019-04-16,114.08899688720703,114.92031987409632,113.45606303661539,114.91087105633542,14071800
2019-04-17,115.03367614746094,115.10925227440889,113.87172382681474,114.532996919269,19300900
2019-04-18,116.54520416259766,116.68690043316371,114.589716348065,115.4304811876689,27991000
2019-04-22,116.91360473632812,117.14032592975076,115.78943317307387,115.83667005839962,15648700
2019-04-23,118.50067138671875,118.632926021159,116.979735883319,117.23479633335744,24025500
2019-04-24,118.09444427490234,118.88797198485345,117.63154590342805,118.83129349338155,31257000
2019-04-25,122.00543975830078,124.10263091583921,121.70314959564534,122.8651021835759,38033900
2019-04-26,122.70448303222656,123.29963603720415,121.88261605557955,122.5249915282065,23654900
2019-04-29,122.59112548828125,122.97843332634415,122.19436162499339,122.71392408415224,16324200
2019-04-30,123.37523651123047,123.46969587984121,122.23216715803905,122.6289311014254,24166500
2019-05-01,120.80567932128906,123.42243982621928,120.63563662804668,123.30908283561544,26821700
2019-05-02,119.22807312011719,120.91905134363124,118.57624155262006,120.90016091308712,27350200
2019-05-03,121.76925659179688,122.26993588121071,120.21054022508194,120.31445561050788,24911100
2019-05-06,121.06073760986328,121.44805987378629,119.13359673041934,119.39810598025139,24239800
2019-05-07,118.57622528076172,120.1443974722007,117.34814565848089,119.46422674855661,36017700
2019-05-08,118.56678771972656,119.37921308878768,117.84882890832307,118.50066040863257,28419000
2019-05-09,118.5573501586914,118.83130824704612,116.73411731417264,117.4142881256275,27235800
2019-05-10,120.09717559814453,120.85292254270308,116.97028684952406,117.99999188130168,30915100
2019-05-13,116.52629089355469,118.60459147362832,116.23344236387622,117.24424979993192,33944900
2019-05-14,117.8299560546875,118.91633244079364,116.85692946440633,117.01753056444882,25266300
2019-05-15,119.4892349243164,120.14347921899818,117.28946507870718,117.82044899593338,24722700
2019-05-16,122.2484359741211,122.67512713679861,119.90644519961685,120.18141735790614,30112200
2019-05-17,121.4330062866211,123.69914819581513,121.29077108982553,121.66055945264701,25770500
2019-05-20,119.67890167236328,120.97789952797895,119.24274112199441,119.96335043094311,23706900
2019-05-21,120.32364654541016,120.92099537073214,120.02023023562535,120.8261791303023,15293300
2019-05-22,121.05371856689453,121.59418623507555,119.96331390595746,120.0581373639631,15396500
2019-05-23,119.64097595214844,119.74527600244137,118.27559873668925,119.65993630946691,23603800
2019-05-24,119.69783782958984,120.81668674877486,119.4418332752237,120.33312178674828,14123400
2019-05-28,119.62200927734375,121.36665141916652,119.51770923255911,120.39951409863714,23128400
2019-05-29,118.46524047851562,118.89191724853657,117.61187970445707,118.88243345270908,22763100
2019-05-30,119.21427917480469,119.24272332301526,118.31350682204962,118.7686348954648,16829600
2019-05-31,117.27050018310547,118.16178863883843,116.92915597597433,117.79200028678208,26646800
2019-06-03,113.6294937133789,117.9247402960527,112.84251254013378,117.43168435467959,37983600
2019-06-04,116.7774658203125,116.89124241400611,114.39753987067775,114.99488868961531,29382600
2019-06-05,119.30911254882812,119.34704049656126,117.77306321870991,118.47471216673195,24926100
2019-06-06,121.19595336914062,121.33818133017274,119.09099980110626,119.88747204247733,21459000
2019-06-07,124.59042358398438,125.39637963729601,121.61314906205445,122.49496099422137,33885600
2019-06-10,125.72823333740234,127.13153077032348,125.15932154317673,125.53858642730852,26477100
2019-06-11,125.25416564941406,127.28326349692382,124.47665370031586,126.94191925771516,23913700
2019-06-12,124.67579650878906,125.1309174088704,123.93621962064469,124.59044958474736,17092500
2019-06-13,125.46279907226562,126.10755254664471,124.74217522674294,125.14040786704193,17200800
2019-06-14,125.5860366821289,126.8565903485817,124.81801565193031,125.40588074308828,17821700
2019-06-17,125.96533203125,126.79971803111059,125.66190841818492,125.7567319142763,14517800
2019-06-18,128.15557861328125,128.23143449276589,126.64798098710203,127.23584596807086,25934500
2019-06-19,128.6581268310547,128.88568002920402,126.87554961605065,128.0038824503125,23744400
2019-06-20,129.85281372070312,130.5260256346186,128.68656027313457,130.32690213477508,33042600
2019-06-21,129.87181091308594,130.59242025825006,129.38824582899292,129.50202244453632,36727900
2019-06-24,130.63980102539062,131.22766602367557,129.90022426366764,129.90022426366764,20628800
2019-06-25,126.51520538330078,130.45962377943985,125.85148461184174,130.13724718587798,33327400
2019-06-26,126.98931884765625,128.70553110297533,126.67643321835342,127.38756585737555,23657700
2019-06-27,127.19794464111328,127.7289359388001,126.59111191179043,127.18846807916715,16557500
2019-06-28,127.01776123046875,127.62459375949099,126.25921695218379,127.59614961500782,30043000
2019-07-01,128.6486053466797,129.6157496139507,127.97540800414944,129.54938476954524,22613500
2019-07-02,129.50201416015625,129.51149072150082,128.32626949196506,129.06584638175278,15237800
2019-07-03,130.3363800048828,130.60186833251913,129.22700049608187,129.71057988915632,13629300
2019-07-05,129.95713806152344,130.21314990406273,128.68658434645613,128.8951844451129,18141100
2019-07-08,129.8623046875,129.99504886465655,128.35469253575667,129.33131351084356,16779700
2019-07-09,129.3882293701172,129.87179439269815,128.76242912816653,128.95206161929445,19953100
2019-07-10,130.7061767578125,131.39834176594837,129.91918828312447,130.02348830911998,24204400
2019-07-11,131.22769165039062,132.00520373882412,130.72515899539155,131.0380591430758,22327900
2019-07-12,131.70172119140625,131.9198122218128,130.85784461382084,131.6543239368214,18936800
2019-07-15,131.70172119140625,132.30855362396176,131.2845356492958,132.21374464676566,16651500
2019-07-16,129.97610473632812,131.84401458147371,129.44512793186632,131.75868212390654,22726100
2019-07-17,129.2080535888672,130.78201604464186,129.1606418563614,130.56393943675053,20211000
2019-07-18,129.35031127929688,129.53994379547677,127.69100144366385,128.52540187649578,30381800
2019-07-19,129.53994750976562,133.38006756165908,129.37875914298928,132.9533907710118,48992400
2019-07-22,131.256103515625,131.9767271214024,130.21311774793935,130.2889736258122,25074900
2019-07-23,132.07156372070312,132.73529917380407,130.87686594757972,132.51720805382755,18034600
2019-07-24,133.42745971679688,133.44642730658364,131.6543734745802,131.70177074699927,20738300
2019-07-25,132.9249267578125,133.32315933412482,132.1000174545964,133.15247996254422,18356900
2019-07-26,134.01531982421875,134.33769649849393,133.02922221230898,133.0955870720568,19037600
2019-07-29,133.7213592529297,134.1764800192751,132.14738245378436,134.16700346073623,16605900
2019-07-30,133.07662963867188,133.90153888671296,132.5551294659898,132.87750612981839,16846500
2019-07-31,129.2080535888672,133.2093607494621,128.07972090816457,133.0576489926553,38598800
2019-08-01,130.90530395507812,133.6360581289414,129.83385940002145,129.90023872942893,40557500
2019-08-02,129.80540466308594,131.15182851868855,128.25039521157714,130.9337374267353,30791600
2019-08-05,125.35848236083984,126.98933342292425,124.00258178343755,126.39199177584625,42749600
2019-08-06,127.7099380493164,128.64862384046458,126.3066404084281,126.86606125923781,32696700
2019-08-07,128.26939392089844,128.62021480989594,124.99818589625956,126.85660486655514,33414500
2019-08-08,131.69232177734375,131.78714527811238,128.8857110901905,129.52100250287742,27496500
2019-08-09,130.57345581054688,132.15690960101506,129.38823460797795,131.42680928918358,23466700
2019-08-12,128.75291442871094,130.71564724452557,128.23142879099,129.96659397846946,20484300
2019-08-13,131.41732788085938,131.60696037266956,128.00388515614938,128.99947382319243,25154600
2019-08-14,127.45978546142578,130.25671106515367,127.1648741047164,129.72396609610297,32527300
2019-08-15,127.17438507080078,128.03059480412708,125.81398374553069,127.84983893210668,28074400
2019-08-16,129.50511169433594,129.81905367962318,128.16372717071022,128.31594410591723,24449100
2019-08-19,131.6741943359375,131.80738056779748,130.22816202130744,131.14144940849764,24355700
2019-08-20,130.5801239013672,131.95957007090064,130.56110766949774,131.4839029824291,21170800
2019-08-21,132.03565979003906,132.70160530547622,131.28411220152378,131.80734888527851,14970300
2019-08-22,131.0748291015625,132.42572196676846,129.65733587244935,131.91200786949062,18697000
2019-08-23,126.89850616455078,131.61713158951449,126.33722230321592,130.51358010484066,38508600
2019-08-26,128.85821533203125,128.962862675366,127.38364440911691,128.4206097262371,20312600
2019-08-27,129.1341094970703,130.06641294826667,128.10666681941788,129.7524709204111,23102100
2019-08-28,128.96287536621094,129.15313932294075,127.05069864933095,128.31597501008775,17393300
2019-08-29,131.3982391357422,131.70267296429256,130.24713319752038,130.57058325320222,20168700
2019-08-30,131.15093994140625,132.40669359968166,129.6383219717666,132.3781547335533,23940100
2019-09-03,129.41952514648438,130.5230765323082,129.09607493498078,129.96179272125005,18869300
2019-09-04,130.93215942382812,130.98923716580398,129.83811614318353,130.61821732674983,17995900
2019-09-05,133.23435974121094,133.54830177417006,132.00713047453368,132.34010325633494,26101800
2019-09-06,132.33062744140625,133.3580558703443,131.47441772900902,133.21536150971724,20824500
2019-09-09,130.82748413085938,132.9489553466287,129.81907219465174,132.79673838971223,25773900
2019-09-10,129.45755004882812,130.22812837091885,127.96394849814315,130.14251178317696,28903400
2019-09-11,129.49562072753906,129.63832958276805,128.51574755637984,129.29584865291176,24726100
2019-09-12,130.82748413085938,131.68367911015054,130.20910818696422,131.14142616092158,27010000
2019-09-13,130.63723754882812,131.34121566473092,129.92373679922292,131.07484321284176,23363100
2019-09-16,129.69541931152344,130.04740839112688,129.05802701127982,129.21975211586005,16731400
2019-09-17,130.70382690429688,130.82750501606137,129.79053953320957,130.29476009801473,17814200
2019-09-18,131.77882385253906,131.92151818299038,129.88566347670312,130.67527264302035,23982100
2019-09-19,134.20472717285156,135.44145006237719,133.25339294016516,133.47219574914467,35772100
2019-09-20,132.654052734375,134.75649333887543,131.52196263216297,134.14763998762805,39167300
2019-09-23,132.36866760253906,132.8348266835551,131.7027364269525,132.45428421449785,17139300
2019-09-24,130.6942901611328,133.84320387477334,130.21862308617304,133.52926186335506,29773200
2019-09-25,132.57794189453125,133.14874825202168,129.40999709449758,130.80845960576133,21382000
2019-09-26,132.74917602539062,133.3580293700971,131.70271705091227,132.6540513092792,17456600
2019-09-27,131.02723693847656,133.52925017901512,129.9997944045239,133.329463637883,22477700
2019-09-30,132.2639923095703,132.44474812967823,131.07482456276327,131.3316888606118,17280900
2019-10-01,130.3993682861328,133.42460366892203,130.33276793327855,132.8633200500331,21466600
2019-10-02,128.09718322753906,129.73347971106793,127.0792628720229,129.6193242174955,30521700
2019-10-03,129.6478271484375,130.09495539592123,126.73674673968516,128.38255088600567,24132900
2019-10-04,131.3982391357422,131.52191719311625,129.7809743411291,130.0949162832452,22897700
2019-10-07,130.4468994140625,131.4553110230832,130.35177473400964,130.46593015655438,15303700
2019-10-08,129.0675048828125,131.05578981084682,129.01993527115178,130.40888954412475,25550500
2019-10-09,131.51243591308594,131.95004148566036,130.3042374983396,130.77039644984504,19749900
2019-10-10,132.33062744140625,132.87288052800068,131.52198735462193,131.75031284783685,17654600
2019-10-11,132.8823699951172,134.16667712534039,132.71113678639924,133.30095941581837,25446000
2019-10-14,132.75872802734375,133.46270624389632,132.73018915457604,132.89191427233033,13304300
2019-10-15,134.68040466308594,134.88968485548526,133.00604699421544,133.2438805707064,19695700
2019-10-16,133.57688903808594,134.1286648247679,132.7397099801942,133.93838629981914,20751600
2019-10-17,132.89187622070312,134.537680315974,132.2544840510457,134.0905520823593,21460600
2019-10-18,130.7228240966797,133.18677596820183,129.91418429324725,132.95845055499342,32273500
2019-10-21,131.6931915283203,131.75979189272485,130.34229865302584,131.71222227760853,20078200
2019-10-22,129.7334442138672,133.19630022812208,129.62879686798826,132.20691901670997,27431000
2019-10-23,130.56109619140625,130.7608682219254,129.01041697412842,130.21861533716717,29844600
2019-10-24,133.12969970703125,133.5863360222599,131.92150130436104,132.6064630353074,37029300
2019-10-25,133.88125610351562,134.27130660416736,132.4257159583593,132.55890216392237,25959700
2019-10-28,137.17288208007812,138.58085264652038,136.52596726876703,137.37265413512725,35280100
2019-10-29,135.87905883789062,137.46778513172416,135.70781114189396,137.06822652934153,20589500
2019-10-30,137.5724334716797,137.94345321346762,135.84099833253117,136.5354827210682,18496600
2019-10-31,136.392822265625,137.87690175917712,136.03132502758822,137.84836288554823,24605100
2019-11-01,136.7257843017578,137.3917154939673,136.0122834852024,137.23949850254476,33128400
2019-11-04,137.515380859375,137.94347840635965,137.14436104982698,137.78175331155256,16912000
2019-11-05,137.4297637939453,137.96250869652005,136.9065270088416,137.91493907674518,18250200
2019-11-06,137.0491943359375,137.48681442890592,136.23104639220205,137.344105597713,16575800
2019-11-07,137.239501953125,137.82933918066462,136.77335736496386,136.8399432277533,17786700
2019-11-08,138.8567657470703,138.88530461578722,136.76381859976513,136.97311331449566,16732700
2019-11-11,138.99945068359375,139.29436198451626,137.68660474662627,138.26691923161243,14362600
2019-11-12,139.9127655029297,140.38843273123985,138.9519084113676,139.16120315312102,18641600
2019-11-13,140.14100646972656,140.28371527665144,139.16113363023487,139.5987536487848,16919200
2019-11-14,140.85455322265625,141.18752603198232,139.84614119378435,139.86517194419966,19729800
2019-11-15,142.67156982421875,142.6906005699143,141.05430482903375,141.6821742749299,23485700
2019-11-18,143.02359008789062,143.22337667091233,141.72977490528922,142.7667402877027,21534000
2019-11-19,143.07115173339844,143.96540821634284,142.89039591030863,143.53731072367168,23935700
2019-11-20,142.8229522705078,143.9875304138099,141.7156606399206,143.48160879351005,25696800
2019-11-21,142.68934631347656,142.99481619047285,141.7538703049849,142.61297884422748,18576100
2019-11-22,142.7943572998047,143.47210952165918,142.05934767999807,143.2525621394836,15901800
2019-11-25,144.35980224609375,144.4743606976768,143.1093162721196,143.18568371797463,22420900
2019-11-26,145.1234893798828,145.49577164480587,144.4457518398042,144.48392828709726,24620100
2019-11-27,145.40036010742188,145.57217601220702,144.63669987751504,145.40990058026304,15184400
2019-11-29,144.5030517578125,145.38125587154013,144.40758877270028,145.19034446692223,11977300
2019-12-02,142.75616455078125,144.93258631120233,141.58204573503937,144.91349080366052,27418400
2019-12-03,142.5270538330078,142.64159774035983,139.98789040561118,140.78974145388634,24066000
2019-12-04,143.04251098632812,143.3575066884707,142.4220309199464,143.31933024644187,17574700
2019-12-05,143.118896484375,143.4911933484042,142.68934222705553,143.23345496777054,17869100
2019-12-06,144.85621643066406,144.97076034279544,143.4434547738281,144.1307473778249,16403500
2019-12-09,144.48391723632812,145.2953086938829,144.05436305051785,144.20709795921564,16687400
2019-12-10,144.2643585205078,144.98982743115076,143.91115725132516,144.41707885154744,16476100
2019-12-11,144.80848693847656,144.9707623380976,143.50072870496317,144.65575200979637,18856600
2019-12-12,146.2785186767578,146.46943003332288,144.15936911799892,144.76073916289877,24612100
2019-12-13,147.50991821289062,147.85356450169564,145.88714973571282,146.04942512687023,23845400
2019-12-16,148.46449279785156,148.81767956466223,147.78675524177686,148.06357454659525,24144200
2019-12-17,147.6626434326172,148.6363102811984,147.43354106659726,148.3881124099428,25425600
2019-12-18,147.35719299316406,148.41676790626772,147.17582208357624,147.29038056445546,24129200
2019-12-19,148.63633728027344,148.69360924078092,146.7653706985989,147.0040135777836,24958900
2019-12-20,150.25909423828125,151.290033143907,149.18996431822254,150.2018222822361,53477500
2019-12-23,150.25909423828125,150.93683180562138,150.12545481897445,150.93683180562138,17718200
2019-12-24,150.23045349121094,150.54546380506363,149.98225560208854,150.32590189305478,8989200
2019-12-26,151.46185302734375,151.5191249849072,150.2495431850334,150.40227811560572,14520600
2019-12-27,151.73866271972656,152.3018563001232,151.03227470264446,152.20639334233292,18412800
2019-12-30,150.43089294433594,151.79593752529817,149.60996101493558,151.76730155054256,16348400
2019-12-31,150.535888671875,150.6027156532875,149.34267456609666,149.64814436866482,18369400
2020-01-02,153.3232421875,153.4282456163035,151.13728025317593,151.56683443806205,22622100
2020-01-03,151.41412353515625,152.68370535175205,150.87956583671692,151.12776374356721,21116200
2020-01-06,151.80548095703125,151.87230794316667,149.39995707140503,149.9440697335836,20813700
2020-01-07,150.42137145996094,152.41642230295344,150.17318812555376,152.0823310334366,21634100
2020-01-08,152.81735229492188,153.49510448810574,150.7745698093218,151.71004582761572,27746500
2020-01-09,154.7264862060547,154.85058515825207,153.71464277750457,154.48784333835496,21385000
2020-01-10,154.01058959960938,155.80518899854403,153.85785463680477,155.42336615714026,20725900
2020-01-13,155.86241149902344,155.89104747475955,153.93417326104023,154.41145894411306,21626500
2020-01-14,154.76466369628906,156.1678848009803,154.37328593172,155.96741840076578,23477400
2020-01-15,155.76695251464844,156.49243609343492,155.18467794940653,155.23239486645008,21417900
2020-01-16,158.62110900878906,158.68793599036624,156.5783270372863,156.8837968406073,23865400
2020-01-17,159.50888061523438,159.86206735862157,157.91473362097693,159.81433587734148,34371700
2020-01-21,158.93614196777344,160.54937000352857,158.86931497665745,159.1079578324649,29517200
2020-01-22,158.1724853515625,159.88117639299483,158.15338984431403,159.79525389317888,24138800
2020-01-23,159.14614868164062,159.22251614329255,157.76202303250872,158.64022699310001,19680800
2020-01-24,157.54248046875,159.919368845701,156.97928675619562,159.90027333654157,24918100
2020-01-27,154.90786743164062,155.95790194568534,152.92235689228698,153.82919693681342,32078100
2020-01-28,157.94338989257812,158.229749659442,155.66196483440646,156.33970237012244,24899900
2020-01-29,160.40615844726562,161.0839104943588,158.16292458122416,160.2152470960965,34754500
2020-01-30,164.9308624267578,166.14317230881892,163.03125990019,166.14317230881892,51597500
2020-01-31,162.49668884277344,164.56810707750614,161.87622324565402,164.38675074270793,36142700
2020-02-03,166.45819091796875,166.57273484253994,162.6589856761577,162.6876216573005,30107000
2020-02-04,171.9373779296875,172.4337590841562,168.30046360645028,169.09275953348234,36433300
2020-02-05,171.72738647460938,175.83204634656084,170.3050844317914,175.66977095885156,39186300
2020-02-06,175.28794860839844,175.4693195025829,171.88012176235213,172.74878522102316,27751400
2020-02-07,175.53614807128906,177.19710768250593,174.1901987949032,174.5434001454982,33529100
2020-02-10,180.12762451171875,180.26126392824392,174.92521317224083,175.24022348953673,35844300
2020-02-11,176.06118774414062,182.03680069987925,175.16388811214267,181.98906920689086,53159900
2020-02-12,176.3188934326172,177.40710426901245,173.58881858824256,177.1493659071914,47062900
2020-02-13,175.36431884765625,177.76982829589463,174.56246779930643,174.7629342027948,35295800
2020-02-14,176.9298095703125,176.98708152211782,174.35245521424756,174.92520386350716,23149500
2020-02-18,178.72439575195312,179.17304546668734,177.0729913396611,177.17799477429256,27792200
2020-02-19,179.26043701171875,180.12189205359857,178.48512455294917,180.00703527611827,29997500
2020-02-20,176.5229034423828,179.23172105937135,173.3450775850241,178.94456451309836,36862400
2020-02-21,170.9425506591797,175.64230186001902,169.65993463045433,175.32643111765134,48572600
2020-02-24,163.57228088378906,167.0755587186096,156.24028793473119,160.58588776840844,68311100
2020-02-25,160.87301635742188,167.35310504591126,160.47098848757176,166.74051131834014,68073300
2020-02-26,162.88311767578125,165.84079671755148,161.00705537187227,162.44282359860227,56206100
2020-02-27,151.40650939941406,159.87754615716182,151.2150765935854,156.32642160207112,93174900
2020-02-28,155.07249450683594,156.69970975635738,145.49114230137508,145.8835890194543,97012700
2020-03-02,165.39088439941406,165.5153222915378,155.35965672866865,158.23119253790156,71030800
2020-03-03,157.46543884277344,167.50624714378853,155.31178709378187,166.35763579873682,71677000
2020-03-04,163.246826171875,163.39039713117188,158.5279277026881,161.2750404354644,49814400
2020-03-05,159.150146484375,163.55316084627617,158.59498094638477,158.93956594908934,47817300
2020-03-06,154.6513671875,156.12541593642464,149.31987490003448,155.64682659379633,72821100
2020-03-09,144.1702423095703,150.99493069721586,143.57679622556182,144.53397486706558,70419300
2020-03-10,154.0291748046875,154.13446503233638,146.0463089805732,151.38736719102417,65354400
2020-03-11,147.0513458251953,150.94705494253753,144.67753249700462,150.4014707619274,56371600
2020-03-12,133.10525512695312,146.8982023979123,132.64581348380904,139.07805490937238,93226400
2020-03-13,152.02870178222656,154.97681406872138,134.7037606599893,141.18386485149557,92727400
2020-03-16,129.62110900878906,142.95461293283728,129.21909579673425,134.00498823365035,87905900
2020-03-17,140.29367065429688,141.18383971786494,129.21910753838486,134.0050004101769,81059800
2020-03-18,134.3878936767578,139.7481006393259,129.2382818177403,132.09067046730803,81593200
2020-03-19,136.59898376464844,143.72038128798528,133.04784422970064,136.65641215191422,85922700
2020-03-20,131.46852111816406,140.80101492188504,130.0423193712447,139.7481123428989,84866200
2020-03-23,130.15716552734375,134.55062719768026,126.84533515014516,131.14305849558977,78975200
2020-03-24,141.98788452148438,143.1939390281192,135.22063872307237,137.59443780402628,82516700
2020-03-25,140.6287078857422,147.72140631630424,138.25490854547172,142.53349896031997,75638200
2020-03-26,149.4251708984375,149.9516221166955,142.0166023310872,142.04531652432053,64568100
2020-03-27,143.28964233398438,148.2574019111521,142.81105300447516,145.25186150604966,57042300
2020-03-30,153.3687286376953,153.72289466440344,143.58636181693944,145.91231349541476,63420300
2020-03-31,150.9566650390625,157.72391111486942,149.85590072827637,152.57428483607072,77927200
2020-04-01,145.59642028808594,150.9949063722673,144.3616664658325,146.44830855757147,57969900
2020-04-02,148.611572265625,148.82215276585558,143.9214020813381,145.35717025269807,49630700
2020-04-03,147.2427978515625,150.64078508097487,145.67302540319514,148.45841886264432,41243300
2020-04-06,158.19293212890625,159.37025787232824,150.83222538941226,153.45490035648226,67111700
2020-04-07,156.48916625976562,162.7203949496014,156.26900462130646,162.32794813884126,62769000
2020-04-08,158.0589141845703,159.532962870213,156.4987083208587,158.5757842260487,48318200
2020-04-09,158.06849670410156,160.20300120701708,156.33600551975834,159.23625593654953,51385100
2020-04-13,158.42263793945312,158.48008092873175,155.35010255817997,157.31232177165464,41905300
2020-04-14,166.26193237304688,166.3097942277151,160.8060168647835,161.7631955365977,52874300
2020-04-15,164.5198974609375,166.13753197612417,161.9929460032736,163.86900827959028,40940800
2020-04-16,169.4589080810547,169.6886362235502,165.49618890668037,166.83624782982258,50479600
2020-04-17,170.95211791992188,172.29216222843243,168.33900961024494,171.813572888909,52765600
2020-04-20,167.56373596191406,171.095728441142,167.49674103369145,169.06651384608264,36669600
2020-04-21,160.63375854492188,166.2332459470786,158.99697631635922,166.07052729833796,56203700
2020-04-22,166.0896759033203,166.54911765561974,163.5052959642249,164.05088030656984,34620200
2020-04-23,164.0795440673828,167.5636733792408,163.59138826845415,166.65435668458446,32790800
2020-04-24,167.0755615234375,167.0851280534436,163.3999984573585,164.69218106687302,34277600
2020-04-27,166.5969696044922,169.3249203646585,165.879085519387,169.02819727967727,33194400
2020-04-28,162.5384979248047,168.14756518079076,162.13648466002041,168.07098913910997,34392700
2020-04-29,169.83218383789062,170.0714784764079,164.51985454711578,165.8024703042758,51286600
2020-04-30,171.53599548339844,172.67502582955896,168.68359253746573,172.2921602045926,53875900
2020-05-01,167.09469604492188,170.99040583781405,166.55866369356815,168.27202178019542,39370500
2020-05-04,171.18186950683594,171.33502163482007,166.3576943184621,167.01815009067673,30372900
2020-05-05,173.01962280273438,175.78586876142296,172.19644850678958,172.88561836411026,36839200
2020-05-06,174.72340393066406,176.31232417307075,173.85238236161905,174.28310988132503,32139300
2020-05-07,175.73800659179688,176.6473233913739,174.76168027590157,176.28359082938823,28316000
2020-05-08,176.77175903320312,177.0780632342487,175.5082907173606,177.0589155703363,30877800
2020-05-11,178.74354553222656,179.48056257343904,175.0201211851634,175.3072630945256,30892700
2020-05-12,174.69467163085938,179.0306897835958,174.49367229167643,178.80097625310097,32038200
2020-05-13,172.05284118652344,176.16871179662442,168.9802916713709,174.73294399812772,44711500
2020-05-14,172.79945373535156,172.9526058186347,168.15713162286323,169.93748442621697,41873900
2020-05-15,175.31686401367188,179.04985531053515,169.42063938623613,171.3924252817787,46610400
2020-05-18,176.9918975830078,178.22665154471989,176.08258083844325,177.79592409786156,35264500
2020-05-19,175.7667236328125,178.60954544769828,175.6327192033904,177.10676792703353,26799100
2020-05-20,178.20477294921875,178.38714578807864,176.55383887100115,177.38889908465646,31261300
2020-05-21,176.06427001953125,179.17417147943857,175.92989237505736,177.9551648606696,29119500
2020-05-22,176.14109802246094,177.0529622167296,175.21004747909987,175.83395533023466,20826900
2020-05-26,174.2789764404297,179.01100289158117,173.82784834456731,178.85742425340143,36073600
2020-05-27,174.50936889648438,174.6821485647097,169.5085860298065,172.9640182875617,39517100
2020-05-28,174.1157989501953,176.75537151482436,173.13676803502756,173.48231266569437,33810200
2020-05-29,175.89149475097656,176.870540186914,173.16554003905907,175.39237153809773,42130400
2020-06-01,175.4883575439453,175.65152933826198,174.17337537170522,175.2099944595918,22622400
2020-06-02,177.48484802246094,177.57123051143805,174.06780398409765,176.85134714449978,30794600
2020-06-03,177.91677856445312,178.47349013654497,176.20825651213138,177.3984689744724,27311000
2020-06-04,175.57476806640625,178.37751247051122,174.9796691160883,176.89935826789164,28761800
2020-06-05,179.6829071044922,180.19162357339377,174.70131126178967,175.2868170566097,39893600
2020-06-08,180.7963104248047,180.97868322299243,177.03372174610007,178.4734884946584,33211600
2020-06-09,182.1785125732422,183.04236687645738,179.7404990263667,180.45078932074512,29783900
2020-06-10,188.935791015625,190.5483374184694,183.33989572978047,183.4550870310254,43872300
2020-06-11,178.7902374267578,187.89915227221888,178.59827145778436,185.3747712203923,52854700
2020-06-12,180.20123291015625,184.02141036884822,177.7440183982765,182.88878610959796,43373600
2020-06-15,181.35302734375,183.1575397419374,176.6209862078857,177.16810461859515,32770200
2020-06-16,185.79710388183594,187.72638602296334,183.7718314338394,185.14440201646784,42556700
2020-06-17,186.44020080566406,188.43667912161857,185.9122834018671,187.19847151579805,25687800
2020-06-18,188.43667602539062,188.5998478300532,186.20982979362395,186.20982979362395,23061600
2020-06-19,187.31362915039062,191.28738438794804,186.5649516886815,190.6154962359095,44441100
2020-06-22,192.51600646972656,192.698364610736,187.39042602622092,187.9279365695545,32818900
2020-06-23,193.80223083496094,195.7603074164586,193.34149487196547,193.9749958365343,30917400
2020-06-24,189.89561462402344,195.0883763989473,188.66701495049006,193.50463898033323,36740600
2020-06-25,192.29527282714844,192.55443498241675,187.62083408877987,189.85727387105254,27803900
2020-06-26,188.4462890625,191.863333440495,187.054517343966,191.70975479189462,54675800
2020-06-29,190.47157287597656,190.55795537859805,185.77793316800526,187.91838261622823,26701600
2020-06-30,195.3379669189453,196.19222801680598,189.79967418886784,189.9340518454055,34310300
2020-07-01,196.4801788330078,198.063931147309,193.66784129759267,194.98282366026174,32061200
2020-07-02,197.97752380371094,199.66685951857852,196.76812499098386,197.4208122291355,29315800
2020-07-06,202.2392578125,202.65199861364175,199.73406277703288,200.44435306598547,31897600
2020-07-07,199.8876190185547,206.04981900940203,199.63806471877396,201.99927400934564,33600700
2020-07-08,204.28369140625,204.69641748025515,200.30993605944343,201.63452605706684,33600000
2020-07-09,205.7138671875,207.6911443883824,202.97830467804536,207.64314923722176,33121700
2020-07-10,205.08998107910156,205.48352085550894,202.60398723586235,205.04198592289438,26177600
2020-07-13,198.7550506591797,207.13449085673892,198.20793214566257,205.86748881242644,38135600
2020-07-14,199.98362731933594,200.4635496170583,193.91740244601345,197.85277114576334,37591800
2020-07-15,199.68606567382812,202.84396263388592,196.79693867821612,201.14503357793527,32179400
2020-07-16,195.73147583007812,197.43999775620557,194.1861257007085,197.15204149590082,29940700
2020-07-17,194.73324584960938,196.80649872151776,193.30307235279196,196.25939500336793,31635300
2020-07-20,203.1031036376953,203.77499186370676,194.85802818757483,196.76812403001048,36884800
2020-07-21,200.36753845214844,205.3491337275746,199.67644924364626,205.0803784404976,37990400
2020-07-22,203.2470703125,203.77498771005708,200.0219922473186,200.799463939146,49605700
2020-07-23,194.40689086914062,202.45039214661074,194.03255211484185,198.87017640461835,67457000
2020-07-24,193.21670532226562,194.71406043410218,189.5788863799343,192.37203745566444,39827000
2020-07-27,195.66432189941406,195.7794985613358,192.79438135598141,193.3798871308601,30160900
2020-07-28,193.9077606201172,196.480136460374,193.63900537251013,195.43390962889922,23251400
2020-07-29,195.86585998535156,196.43216470696157,193.8981758948436,194.36850495719972,19632600
2020-07-30,195.7123260498047,196.24985137785023,191.55621143877264,192.92878231267574,25079600
2020-07-31,196.7777557373047,196.86415289090476,191.01868756473098,196.1922498872503,51044000
2020-08-03,207.84475708007812,208.90059206881253,201.98971341783152,203.02634741238876,78983000
2020-08-04,204.72523498535156,206.14581544620071,201.86490236413317,205.56990286520076,49280100
2020-08-05,204.38929748535156,206.36657488271786,203.07431516004908,206.27058457085792,28806400
2020-08-06,207.66238403320312,207.68157037993976,203.0551270469576,203.81339783290838,32656800
2020-08-07,203.94776916503906,207.03846983746,202.46000715938482,206.22261074447047,27820400
2020-08-10,199.8876190185547,203.37185927330196,198.0639203097045,203.17028548212394,36716500
2020-08-11,195.2132110595703,199.31173720046735,194.98284306926817,198.84142269194282,36446500
2020-08-12,200.78988647460938,201.83611353320936,196.52817427157683,197.04648389132086,28013100
2020-08-13,200.31954956054688,202.86314634098838,199.79163214226165,201.02983978206382,22588900
2020-08-14,200.5115203857422,201.17381546778418,199.17733704875383,200.3771427347529,17958900
2020-08-17,201.83612060546875,202.7095827034484,200.53073136822354,201.18343330987926,20184800
2020-08-18,202.99752807617188,203.83258814350498,200.80908368545613,202.07607086878687,21336200
2020-08-19,201.7659454345703,204.07514964683784,201.3329742327292,203.48822856121845,27627600
2020-08-20,206.46133422851562,206.8654417016913,201.00586131843818,201.6120151874665,26981500
2020-08-21,204.9603729248047,208.0681614685284,204.796806652132,205.76858792441254,36249300
2020-08-24,205.60496520996094,207.36572827098124,204.3926283618832,206.66333750991583,25460100
2020-08-25,208.27980041503906,208.4145028900692,205.03730997086967,205.03730997086967,23043700
2020-08-26,212.78268432617188,213.687121352063,209.13608714209514,209.63641681882626,39600800
2020-08-27,218.0072784423828,222.40436346593435,211.09892829514644,214.4568883673728,57602200
2020-08-28,220.24916076660156,221.91370185709368,218.0073148897742,219.54676985088386,26292900
2020-08-31,216.99700927734375,220.04706969413533,215.82316713820393,218.4113925977586,28774200
2020-09-01,218.6711883544922,218.84437096358388,215.93862928769175,216.97776898664924,25725500
2020-09-02,222.88546752929688,224.04969338399036,218.74817068121502,219.34470815240513,34080800
2020-09-03,209.07843017578125,220.63402503378467,206.8269678928897,220.59554489864988,58400300
2020-09-04,206.14381408691406,210.09831211126607,197.4266031074665,206.96166006206397,59664100
2020-09-08,194.99232482910156,202.08347481385906,194.5497225545871,198.68703419320943,52924300
2020-09-09,203.29579162597656,206.7114795601628,198.87945877197268,199.7454158901792,45679000
2020-09-10,197.59974670410156,206.61523933169437,196.3874245474142,205.32592756084208,35461500
2020-09-11,196.3105010986328,200.7364654599557,193.62606751857373,199.36056203452765,33620100
2020-09-14,197.6382598876953,201.28485773932422,196.31046786776898,196.51252892007156,30375800
2020-09-15,200.88076782226562,201.8429326320979,199.10075705148796,200.5343879034672,21823900
2020-09-16,197.29190063476562,202.68001485495665,196.8974095322985,202.65115108467566,26328100
2020-09-17,195.2328643798828,196.5991366431224,192.39448113744643,192.4810724464651,34011300
2020-09-18,192.80819702148438,195.94484887575575,188.82483547440413,195.127017632901,55225300
2020-09-21,194.8768310546875,195.0404119726883,188.949907685648,189.72925874031986,39839700
2020-09-22,199.57220458984375,200.226484234231,194.43424850526944,197.30149526191477,33517100
2020-09-23,193.00062561035156,200.2264923513027,192.4618156939946,200.0340476542017,30803800
2020-09-24,195.50225830078125,197.79221510852776,191.6632156551125,192.28863155277108,31202500
2020-09-25,199.95712280273438,201.13095051039818,194.87687846530346,195.84867444076008,29437300
2020-09-28,201.51577758789062,204.52735780399723,200.18798560071832,202.9012971081629,32004900
2020-09-29,199.41827392578125,202.12196938367782,198.98530269607602,201.42920954356148,24221900
2020-09-30,202.37210083007812,203.95966669458358,198.72548843658865,199.87046676570856,33829100
2020-10-01,204.4215850830078,205.8936963781004,203.324717555655,205.41261387169178,27158400
2020-10-02,198.3887176513672,203.00711058451384,197.7633018637468,200.13023319697936,33154800
2020-10-05,202.42025756835938,202.44912134101398,199.14888807994913,199.37981294265722,21331600
2020-10-06,198.11932373046875,202.22775615570148,197.0705678007377,200.91922634489617,28554300
2020-10-07,201.8910675048828,202.16047250873837,198.89873400783478,199.22586655802058,25681100
2020-10-08,202.6126708984375,203.19959202978103,200.4381836761741,202.54531231348605,19925800
2020-10-09,207.64476013183594,207.69287130279915,203.23804407432561,203.23804407432561,26458000
2020-10-12,213.02330017089844,215.39023225345113,208.60696686184264,210.5120492278424,40461400
2020-10-13,214.42803955078125,216.6891326151677,212.0899715436211,214.29333707129456,28950800
2020-10-14,212.50372314453125,215.73659753325902,210.8391821135151,214.5627552760652,23421700
2020-10-15,211.34909057617188,212.0226028949855,207.83718079423278,208.88595142081485,22733100
2020-10-16,211.34909057617188,213.87957362267653,211.02195811867202,211.8205418586077,26057900
2020-10-19,206.11492919921875,213.88922196295366,205.63384683523614,212.08034757630915,27625800
2020-10-20,206.52867126464844,209.14576073086545,205.02769650520895,207.6351696086239,22753500
2020-10-21,206.67295837402344,208.71274262161515,205.05651421668412,205.05651421668412,22724900
2020-10-22,206.75958251953125,207.8853135151422,203.69027461830365,205.83589789977742,22351500
2020-10-23,208.04888916015625,208.0970003361188,205.0950508788664,206.894294344403,18879600
2020-10-26,202.13157653808594,208.15472270981957,200.2264944052897,205.75894182990785,37111600
2020-10-27,205.181640625,206.54791285941357,202.37212121151256,203.58444355660558,36700300
2020-10-28,195.0115509033203,200.9384894820073,194.45350824964038,199.81275844922078,51195600
2020-10-29,196.97434997558594,199.51446408564465,195.67542181459797,196.34894882042437,31432600
2020-10-30,194.8094940185547,196.56062619243986,192.0673186660171,195.80052251573846,36953700
2020-11-02,194.67481994628906,197.51320337704038,192.54842912333325,196.56065487022784,30842200
2020-11-03,198.61965942382812,200.2457201768542,195.43489649640725,196.1757674540073,27512000
2020-11-04,208.20281982421875,210.05980533830936,204.38302477274965,205.92249417257187,42311800
2020-11-05,214.8417510986328,215.64034956771135,212.78271921164216,213.63904521414136,36080100
2020-11-06,215.25550842285156,215.87129330242155,209.78078840779185,213.8507413668018,25231900
2020-11-09,210.1271514892578,219.4890100539561,209.63645277001197,215.9482509504058,44395000
2020-11-10,203.02642822265625,208.30871927623832,201.78524185171273,206.38438930601905,44045100
2020-11-11,208.3567657470703,209.79038173346626,204.17134348922855,204.35415712865384,29440800
2020-11-12,207.28878784179688,210.81993091272767,206.3458704441471,208.9918236566661,21593900
2020-11-13,208.31826782226562,209.19384119722386,206.0571896522407,208.1739489940715,18621100
2020-11-16,209.01104736328125,209.50176078856936,206.40358907707915,206.74033793525987,24953300
2020-11-17,206.3458709716797,209.44402814330667,205.9802436469447,207.92382066792086,24154100
2020-11-18,203.6254425048828,207.57099540862455,203.480731114143,206.1046720245794,28372800
2020-11-19,204.91812133789062,205.50657901685545,202.51605349033142,203.9148567100995,24792700
2020-11-20,202.9598388671875,205.75741620286792,202.58361274659725,204.7059143171039,22843100
2020-11-23,202.68968200683594,204.79268529534082,200.80855183594755,203.50001273892568,25683500
2020-11-24,206.30726623535156,206.68349230699746,201.48384751173435,202.18806252380884,33979700
2020-11-25,206.31692504882812,207.68677431464604,204.95673204200565,207.51313829161182,21012900
2020-11-27,207.62890625,208.63218572293246,206.48093008381176,207.26233638711614,14512200
2020-11-30,206.5098876953125,207.17550721564854,203.39394812779054,206.53882703446155,33064800
2020-12-01,208.57427978515625,209.6450793350196,205.81528367505194,206.93430563642607,30904500
2020-12-02,207.76394653320312,207.86042080174042,205.2847168067867,207.29126088912773,23724500
2020-12-03,206.67385864257812,208.73828134614044,206.10468402437849,207.03078693135419,25120900
2020-12-04,206.78961181640625,207.77359337524513,205.651277322866,206.65455667851904,24666000
2020-12-07,206.72207641601562,207.92793111579616,205.4679993041687,206.7992528831903,24620000
2020-12-08,208.38133239746094,209.28813748138452,205.3715237954218,206.41338401610594,23284100
2020-12-09,204.32000732421875,207.62886529655023,203.75084748313216,207.5613450929847,32440600
2020-12-10,203.0852508544922,205.5548391872999,202.9308979037148,204.29110568261373,26733300
2020-12-11,205.7284393310547,205.78633271742834,201.7250078879869,202.6318129157423,30979400
2020-12-14,206.63528442382812,208.57430844591977,205.3619093549052,205.574140986377,28798400
2020-12-15,206.56776428222656,207.81220001276031,204.74451233475608,207.57102904235464,27000600
2020-12-16,211.5358428955078,212.33653214174262,207.13688753009188,207.1658268638192,35023300
2020-12-17,211.67092895507812,213.08901539454547,210.2239031776549,212.1050337443236,32515800
2020-12-18,210.8702392578125,211.93139738087152,208.3910094174399,210.8702392578125,63354900
2020-12-21,214.7289581298828,216.0891657865848,209.60648963539475,209.8669583764434,37181900
2020-12-22,216.0312957763672,217.6616137780728,214.01511013682068,214.82544100823074,22612200
2020-12-23,213.2144317626953,215.664722300724,213.00220013500297,215.23061750586513,18699600
2020-12-24,214.88331604003906,215.71294469525253,213.38805320891043,213.60028482209808,10550600
2020-12-28,217.0153045654297,218.0475087218652,215.1438153757314,216.523306337677,17933500
2020-12-29,216.23385620117188,219.1568467796806,215.68399411922664,218.31757662938773,17403200
2020-12-30,213.85110473632812,217.6616176473018,213.64852937482797,217.27573528269446,20272300
2020-12-31,214.56497192382812,215.12449030176415,211.9217329770077,213.87039840086666,20942100
2021-01-04,210.0020294189453,215.12449830133912,207.22373522378638,214.67109571477062,37130100
2021-01-05,210.20460510253906,210.80271909929093,208.08230357575826,209.5872080271136,23823000
2021-01-06,204.75416564941406,208.844430841884,204.45511598409854,204.67698916805705,35930700
2021-01-07,210.580810546875,211.59373143430213,206.1625718994566,206.48090458530808,27694500
2021-01-08,211.86386108398438,212.78996405087463,209.36533346109607,210.9570559155459,22956200
2021-01-11,209.80908203125,211.1789312417317,209.07591293274825,210.75446802047415,23031300
2021-01-12,207.33949279785156,209.4328697056975,205.78636593059068,208.85405350778225,23249300
2021-01-13,208.6996612548828,209.10482662915626,206.37477008164043,206.46160279890978,20087100
2021-01-14,205.4969482421875,209.78014669114557,205.22683795440696,208.2848838495633,29480800
2021-01-15,205.13999938964844,206.9343118045268,204.54190015799108,205.97928428557796,31746500
2021-01-19,208.79615783691406,209.31708059671112,205.1207150230666,206.20115613666417,30480900
2021-01-20,216.41714477539062,217.81593324197758,209.61612152485435,210.01164538751647,37777300
2021-01-21,217.02491760253906,218.30794883439074,214.56497094658008,216.76444885263814,30709400
2021-01-22,217.97030639648438,221.94481374827697,217.82560971130675,219.06040382451215,30172700
2021-01-25,221.4238739013672,221.66504485405198,216.30140522152732,221.02835000618649,33152100
2021-01-26,224.125,225.90965628548417,221.95446134366796,223.67159741419584,49169600
2021-01-27,224.6748504638672,231.94857453738325,222.01232848295177,229.59474371719836,69870600
2021-01-28,230.49188232421875,234.07086552904022,226.787500240888,227.28913991464296,49111200
2021-01-29,223.76805114746094,229.6140323700672,223.17959346585073,227.6557255174755,42503100
2021-02-01,231.1864776611328,233.93583250847365,224.22145911978276,226.758582343544,33314200
2021-02-02,231.05140686035156,233.75252438846982,230.26037381506274,232.77819906978667,25916300
2021-02-03,234.4181671142578,236.43435275542583,230.8102443459254,231.10930869338551,27158100
2021-02-04,233.46310424804688,234.64967583453253,231.88102351930485,234.09015750462424,25296100
2021-02-05,233.64639282226562,234.68825300082415,231.92925698720768,233.67533215612235,18054800
2021-02-08,233.90689086914062,235.074150067436,232.30551216876293,234.56286881199966,22211900
2021-02-09,235.16094970703125,236.11597714944006,232.85535625247002,233.32804184480403,23565000
2021-02-10,234.24453735351562,237.23504842887988,232.38268988590397,236.34754106148685,22186700
2021-02-11,235.85552978515625,236.49220985804178,233.59815867616126,236.13528158931294,15751100
2021-02-12,236.33790588378906,236.63695552738434,234.1577109235517,235.31532862001077,16561100
2021-02-16,235.0934600830078,237.43764958042757,234.34100782949233,236.37649141782472,26728500
2021-02-17,236.1183319091797,236.22469210962927,232.96622513355865,233.3336539630768,21653500
2021-02-18,235.7218780517578,235.8572442274125,232.8888521063392,233.79774560879503,16925600
2021-02-19,232.9952392578125,235.7895957994359,232.23137558595567,235.68323559527133,25262600
2021-02-22,226.74903869628906,230.05585424921347,224.70886718440133,229.56273767902795,36446900
2021-02-23,225.55006408691406,227.05843439973523,221.160304582875,222.70735938022432,30228700
2021-02-24,226.78770446777344,227.41618718695392,221.42137560177235,222.39794491641797,26339700
2021-02-25,221.41171264648438,226.82637500725085,220.33844686945937,224.39944732848625,39542200
2021-02-26,224.6895294189453,227.58056773813183,221.9435062853108,223.86765375241166,37819200
2021-03-01,229.0986328125,229.61109163953674,225.4340520450375,228.09304264916807,25324000
2021-03-02,226.1302032470703,229.44669705806473,225.72410467397455,229.1662861777647,22812500
2021-03-03,220.02906799316406,225.84984468324723,219.7389933201918,224.47684030191002,34029500
2021-03-04,219.22650146484375,224.79588713553701,216.83824346443632,219.23617996323304,44727800
2021-03-05,223.9353485107422,225.55007913301998,218.96545419151897,221.92418304154947,41872800
2021-03-08,219.86468505859375,225.6467769747564,219.61329488965103,223.71296558772312,35267400
2021-03-09,226.04318237304688,227.59023718245513,224.00301103562117,225.17297326388478,33080500
2021-03-10,224.72821044921875,229.15664011730135,224.36078157928844,229.15664011730135,29746800
2021-03-11,229.28233337402344,231.25481433839158,226.55565245589904,227.18414995839444,29907600
2021-03-12,227.94801330566406,228.01570378486878,225.51140686906064,226.26559211666006,22653700
2021-03-15,227.03912353515625,227.4065524199136,224.13840645459197,227.18416824147047,26034900
2021-03-16,229.84315490722656,232.11537439525682,228.13172772834727,228.46047211752122,28092200
2021-03-17,229.19529724121094,230.65533414161612,225.5113892608555,228.33475184620352,29562100
2021-03-18,223.08445739746094,226.43962095239084,222.70736481006173,224.86356013012343,34833000
2021-03-19,222.7267303466797,224.77656567678991,221.75982466209032,223.37455538489735,46430700
2021-03-22,228.18003845214844,229.05991126043418,222.5236352716156,222.64933771014526,30127000
2021-03-23,229.71742248535156,233.07258592628708,229.22430596590922,229.63040452671018,31638400
2021-03-24,227.66761779785156,230.12355173222502,227.53225159286734,229.97852178181688,25620100
2021-03-25,224.6508331298828,229.09860458484349,223.9063264752013,227.5128800646398,34061900
2021-03-26,228.65382385253906,228.87622275520403,223.8869864994922,223.8869864994922,25479900
2021-03-29,227.45486450195312,228.96323478348515,224.20606129795812,228.7601781284446,25227500
2021-03-30,224.1770782470703,226.11088952458203,223.45189901800342,225.80147263835175,24792000
2021-03-31,227.96731567382812,231.1871127848177,224.69917033669375,225.20196533174683,43623500
2021-04-01,234.32958984375,234.80336416913414,230.17189260393687,230.5779912058987,30338000
2021-04-05,240.82717895507812,241.68772432777638,234.6679804018614,234.72599237582628,36910600
2021-04-06,239.65719604492188,241.14622401221698,238.70963279300682,239.41546967171243,22931900
2021-04-07,241.62973022460938,242.62564192229542,239.00942402134964,239.60890083833849,22719800
2021-04-08,244.8688201904297,245.72936550341456,243.6601883040011,244.40470967710712,23625200
2021-04-09,247.38282775878906,247.51819396582258,244.08567580070337,244.50143816737415,24326800
2021-04-12,247.4408416748047,249.14260515231663,246.1935250574183,246.28055778347118,27148700
2021-04-13,249.9354248046875,250.6122705431789,248.3303579311484,248.74614977442516,23837500
2021-04-14,247.13136291503906,250.26412716217328,246.71560064917628,248.9588283976093,23070900
2021-04-15,250.91200256347656,251.3277648885937,249.20059027856033,249.39395369349947,25627500
2021-04-16,252.1109619140625,252.3623668176979,249.07489361125147,250.8830023994161,24878600
2021-04-19,250.1772003173828,252.82654230705447,249.2876634947438,251.5792255476246,23209300
2021-04-20,249.71304321289062,251.58884238878173,248.3400243131991,249.28760239933078,19722900
2021-04-21,251.95620727539062,252.0529037211831,248.73642513454942,250.37049769332123,24030400
2021-04-22,248.6591033935547,253.1165236382329,247.17972438735143,251.59847490324208,25606200
2021-04-23,252.50741577148438,252.85551716485244,248.75581696222662,249.34564477879303,21462600
2021-04-26,252.89413452148438,253.754694623694,251.55982965034812,253.00050947582758,19763300
2021-04-27,253.3002471923828,254.47987313939635,251.51146602986665,252.92313986559907,31014200
2021-04-28,246.13546752929688,248.0499510872284,244.57874904739901,247.605153301247,46903100
2021-04-29,244.15333557128906,247.6245379994576,240.7595021178663,247.0057189857729,40589000
2021-04-30,243.83424377441406,244.70446765473707,241.33964034405656,241.47500653604348,30945100
2021-05-03,243.52484130859375,245.93244152740905,242.8093258640867,245.01386941830933,19626600
2021-05-04,239.58953857421875,242.89636879848177,237.62672133374875,242.66430613687115,32756100
2021-05-05,238.31324768066406,241.24297075441083,237.68476488082388,240.81752988826238,21901300
2021-05-06,241.46531677246094,241.59101921408728,236.5921193344772,238.2938677763207,26491100
2021-05-07,244.10498046875,245.88408313126567,242.8576640531263,243.80522735649544,27032900
2021-05-10,238.99972534179688,243.39914888697365,238.94171336489754,242.5676094591956,29299900
2021-05-11,238.08114624023438,238.43891132150725,234.54228318777075,236.45675201993078,33641600
2021-05-12,231.0904541015625,236.29241130423097,230.191238914293,234.15554329136458,36684400
2021-05-13,234.98709106445312,237.47204579500448,233.43037229747455,233.79780118465277,29624300
2021-05-14,239.93760681152344,240.9335183497134,237.36564925626627,237.45266721502668,23901100
2021-05-17,237.06588745117188,238.42922777033644,235.46083550669218,238.39055804135205,24970200
2021-05-18,235.03541564941406,238.2552130765147,234.86136496896637,238.11984688230368,20168000
2021-05-19,235.61691284179688,235.72351865268155,231.23641811133726,231.9244980642384,25739800
2021-05-20,238.87319946289062,240.29783391960277,236.33406189770037,236.43098164099266,21800700
2021-05-21,237.60362243652344,240.66610284863518,237.18690008815358,239.92956310394896,21863100
2021-05-24,243.0404815673828,243.4087588230103,239.87139544817546,240.14275296667708,21411500
2021-05-25,243.9514923095703,244.94970356838164,243.07927376097604,243.99995218179816,17704300
2021-05-26,243.72860717773438,245.13385481735335,243.0114394803578,243.67044645534367,17771600
2021-05-27,241.61585998535156,243.71888825894953,241.55771405514977,243.4184577609893,24426200
2021-05-28,241.97447204589844,244.3004131116158,241.8581801683701,243.25374185022477,18270200
2021-06-01,239.76480102539062,243.53474828754858,239.33839261028746,243.47660235766526,23213300
2021-06-02,239.66787719726562,241.57708061342217,238.2529289340702,240.47226366901623,19406700
2021-06-03,238.126953125,238.73750013395338,235.5005821018899,237.65207008436929,25307700
2021-06-04,243.05020141601562,243.8836609923926,239.87142879631688,240.11371338493953,25281100
2021-06-07,245.9770050048828,246.24836256289456,242.10045156142598,242.26520330822757,23079200
2021-06-08,244.77528381347656,248.1091221533289,244.71712308979068,247.28534862837452,22455000
2021-06-09,245.76377868652344,247.64390936023426,245.39551618717297,245.97699029619437,17937600
2021-06-10,249.30111694335938,249.51432854393602,245.84130103923167,246.44216202928786,24563600
2021-06-11,249.93106079101562,250.51252004156663,248.6905355211727,250.0279509489406,18999700
2021-06-14,251.8693389892578,251.92748491473486,248.87467594843733,249.9407338751007,19150500
2021-06-15,250.3865509033203,251.96625102602945,249.72754397352543,251.7530394221837,18038900
2021-06-16,249.43687438964844,252.53809987561704,246.56821789391338,251.39452353221162,27220000
2021-06-17,252.84815979003906,253.67193320557047,248.10908919664973,248.16723512473413,27565500
2021-06-18,251.42355346679688,254.2049757817465,250.76454649110775,251.61739296588433,37202200
2021-06-21,254.52479553222656,255.38731323668682,249.96016243709636,251.8015192852255,26696100
2021-06-22,257.3158874511719,257.5872449583469,254.30185233414724,254.61198364970446,24694100
2021-06-23,257.0833435058594,258.59519710722395,256.2692707647983,257.7811243661629,19518700
2021-06-24,258.45953369140625,259.5837378342105,257.2771836080912,257.94589149972273,21446900
2021-06-25,256.841064453125,259.00225386982646,256.5891085646179,258.01374328624,25611100
2021-06-28,260.4267883300781,260.60122608783234,257.7035126673972,257.9748701491529,19590000
2021-06-29,263.0241394042969,263.26642398915266,259.7097028458924,260.57222058858645,19937800
2021-06-30,262.5395202636719,262.9853155337439,261.27965249252287,262.33600953234,21656500
2021-07-01,263.21795654296875,263.45054026043147,261.27968002877276,261.28935129983205,16725300
2021-07-02,269.08123779296875,269.42044210645486,264.0901815611833,264.4003129092707,26458000
2021-07-06,269.0909118652344,270.7481298795678,265.83459218582897,269.44948826138983,31565600
2021-07-07,271.2908020019531,272.02735636997517,268.5965994579856,270.77716002839713,23260000
2021-07-08,268.8583984375,270.12796742500313,266.3870776755661,268.3544275213407,24618600
2021-07-09,269.36236572265625,269.46895676472104,266.82322750308236,267.21087700040283,23916700
2021-07-12,268.7615051269531,271.135876787852,268.0443225008631,270.5447164789614,18931700
2021-07-13,272.3084716796875,274.12075544543404,268.82926896816707,268.95523209497554,26120100
2021-07-14,273.791259765625,274.90576285138275,271.8917274782308,273.6361940946692,23113700
2021-07-15,272.35693359375,273.7912689162148,271.19395581058893,273.2969989220083,22604200
2021-07-16,272.0855712890625,275.3321904324174,270.8353746304237,273.3648409129834,26186800
2021-07-19,268.4610595703125,271.71735066385236,265.98006742977947,270.32178888783267,32935600
2021-07-20,270.69970703125,272.298779251892,267.7341463091132,269.44951038932874,26259700
2021-07-21,272.7155456542969,272.831837532653,268.7324009418103,270.2926996026849,24364300
2021-07-22,277.3091735839844,277.5805310527632,274.6731169262417,275.08013834153695,23384100
2021-07-23,280.73028564453125,281.04038740226895,277.65810442516977,278.50124995779606,22768100
2021-07-26,280.1294250488281,280.749687782131,277.79382767857606,280.08097996218163,23176100
2021-07-27,277.6969299316406,280.64308942099046,274.21772656817114,280.49772457377867,33604100
2021-07-28,277.38677978515625,281.1954864033692,275.0705249317499,280.07128236801464,33566900
2021-07-29,277.65814208984375,279.712710695351,277.2510909624528,277.4061566502324,18168300
2021-07-30,276.1171875,277.8131794690923,275.14804923194725,276.3691729139346,20944800
2021-08-02,276.0299987792969,277.91980086313254,274.98331277295944,277.52245058070406,16267400
2021-08-03,278.2589416503906,278.3655622265693,275.2352353463116,276.61142453637285,17879000
2021-08-04,277.6678161621094,278.71447248399744,275.8652035942845,277.38675778162667,16191300
2021-08-05,280.58489990234375,280.69152049091053,277.27046359767604,278.02639026152593,13900200
2021-08-06,280.5267028808594,280.5654766856176,278.74349234669677,279.60603944201995,16589300
2021-08-09,279.431640625,282.5522672188977,278.92769934256637,280.80783006175807,16117600
2021-08-10,277.5999755859375,280.323251828828,276.39825356437836,279.8871277657764,18616600
2021-08-11,278.0942077636719,279.7514257415527,277.03782113911234,278.34616357459697,13955900
2021-08-12,280.865966796875,281.0210324731041,277.50305573152406,277.784114118174,14561300
2021-08-13,283.8121643066406,283.86060939257436,280.37170550846537,280.54617288448674,18249000
2021-08-16,285.50811767578125,285.7213292613481,281.0694481878223,284.14162927406903,22507600
2021-08-17,284.0349426269531,284.37414683087655,282.0966666910975,283.36626463876706,20075300
2021-08-18,282.2969665527344,286.26832663173434,281.85028818269654,283.5689657375722,21813000
2021-08-19,288.1617126464844,288.8414199077273,280.26756086704006,280.3160986861139,29850500
2021-08-20,295.5316467285156,296.9687281617422,289.4143978901869,291.02625108853647,40817600
2021-08-23,295.8132019042969,296.54144712298415,293.09443160748054,294.45381675588874,22830200
2021-08-24,293.842041015625,296.7841500631077,293.2400298015823,296.1724194319452,18175800
2021-08-25,293.249755859375,295.7549060463655,291.705879753197,295.47330963483773,20006100
2021-08-26,290.4145202636719,293.65763586776285,290.27859654604237,292.25940248209304,17666100
2021-08-27,291.0262145996094,292.1428513577284,288.2200287600035,290.31737857564724,22605700
2021-08-30,294.7839050292969,295.39563565870895,292.3272927269257,292.3855499647393,16348100
2021-08-31,293.1235656738281,295.6675642771677,292.7545833483286,295.58989782397674,26285300
2021-09-01,293.07501220703125,296.3375664119576,292.74487790855,294.08485394098176,18983800
2021-09-02,292.41473388671875,294.5606215716799,291.47286885410915,293.4342950060203,16285600
2021-09-03,292.405029296875,293.8226716672976,291.55055018077155,292.2593565497962,14747900
2021-09-07,291.47283935546875,292.35644704982093,289.5502910738507,292.27878060336405,17180400
2021-09-08,291.501953125,291.89034460223945,288.8414403919211,291.08443302777687,15046800
2021-09-09,288.62786865234375,293.3760419262117,288.38512023463784,292.0943231689544,19927000
2021-09-10,287.13250732421875,291.2204116894065,286.81209247651026,289.76392129871317,19633400
2021-09-13,288.37530517578125,289.8803626458302,285.54971097490875,288.91905908051626,23652900
2021-09-14,291.09417724609375,292.6477729197862,289.45319570500504,290.870838052277,21853400
2021-09-15,295.9783020019531,296.4637988441718,293.06532094864116,294.46355422482094,28356300
2021-09-16,296.36669921875,296.454085096136,292.0360756003799,294.94905670941716,19550800
2021-09-17,291.17181396484375,295.66751857799704,290.84167973315334,295.3471037635937,41372500
2021-09-20,285.7633361816406,290.0551399039213,281.1219890706209,287.7344515322285,38278700
2021-09-21,286.2489013671875,288.90944398064477,285.5400950040545,287.1130998945458,22364100
2021-09-22,289.91925048828125,291.51169418527275,285.96732913269386,288.1229360686381,26626300
2021-09-23,290.8708801269531,292.1720081725724,288.899764035342,290.18148287396775,18604600
2021-09-24,290.66693115234375,291.1038604794902,288.3171136743252,289.5794230949498,14999000
2021-09-27,285.63726806640625,287.87054202290034,284.44293498761084,287.5501270971836,23571700
2021-09-28,275.296142578125,282.3455668198129,274.54848804403434,281.3939822590245,43186200
2021-09-29,275.7621765136719,278.4518180606054,274.8009023525503,276.8302753773472,26353700
2021-09-30,273.7425842285156,279.48113149103483,273.451268310052,277.42262938302645,32343600
2021-10-01,280.7142639160156,281.5687430502456,273.13080604828554,273.9367177216679,30086300
2021-10-04,274.8979797363281,279.40340419607827,272.1209523056505,279.0635505147171,31350700
2021-10-05,280.3841552734375,281.9765695608801,275.810753529912,275.810753529912,24993000
2021-10-06,284.6078796386719,285.1128152040101,277.2283530277822,277.4905105950678,28002600
2021-10-07,286.29742431640625,288.03551088688977,285.3944075207552,286.6178391162808,20430500
2021-10-08,286.29742431640625,288.03551088688977,285.23904501305685,287.6276806001356,17685700
2021-10-11,285.6954650878906,289.3269717647659,284.2583838545495,284.42346580912283,19298600
2021-10-12,284.3846130371094,286.87035430636377,283.86998760946784,286.7732490189577,17974100
2021-10-13,287.7151184082031,288.6569834089462,284.9769092762647,286.3557332608353,23416300
2021-10-14,293.96832275390625,294.47322877603534,289.1910210354,290.53099699177517,27262900
2021-10-15,295.385986328125,295.61904496704665,291.8030171906076,293.5702328432472,25384800
2021-10-18,298.37664794921875,299.2699455159141,293.9100712186177,294.76455037450006,22729300
2021-10-19,299.28936767578125,300.32830830606736,298.30865465847006,299.40588216647706,17682100
2021-10-20,298.4931335449219,300.7167170922215,297.23082413872754,300.2409100982718,16537100
2021-10-21,301.7460021972656,301.99844040130466,297.4736063458333,298.26013847986417,16918100
2021-10-22,300.1923828125,302.06639333549975,298.87181611698935,301.3964053856401,17449300
2021-10-25,299.19219970703125,300.4253506517072,297.5706276982483,300.38650261882316,17554500
2021-10-26,301.1148376464844,303.3384214837848,299.6486573311045,301.9790362502908,28107300
2021-10-27,313.7959899902344,316.6409939019804,306.8339533893283,306.8339533893283,52588700
2021-10-28,314.9418029785156,315.44670901956124,312.03851175347165,314.92236414038393,26297900
2021-10-29,322.0009460449219,322.3699284150111,314.5048730302175,314.72821226273936,34766000
2021-11-01,319.816162109375,321.87466383121,316.9031812654862,321.7484299201284,27073200
2021-11-02,323.46710205078125,323.7778271139183,320.4278873477877,320.7288929925852,26487100
2021-11-03,324.3118591308594,325.18574743557576,321.05902467717414,324.2147538453636,21500100
2021-11-04,326.6810607910156,326.77816606905924,319.9520828390182,323.23404566324655,23992200
2021-11-05,326.3121643066406,328.96298796908593,324.71974993106187,328.69111089850526,22570100
2021-11-08,327.215087890625,327.8559471522163,324.7390663351599,327.51609350301896,20897000
2021-11-09,326.20538330078125,328.8950254948912,324.826559048199,327.3317100472653,21307400
2021-11-10,321.2046813964844,324.92360359867104,320.3502318920936,324.8653463513802,25500900
2021-11-11,322.7874450683594,324.0885731369405,320.9231536632554,321.64167955559986,16849800
2021-11-12,326.9529724121094,327.44818863991225,324.1079682216262,324.2342021332131,23831000
2021-11-15,326.32183837890625,328.07933448956584,324.34100306430065,327.7492002091939,16723000
2021-11-16,329.66204833984375,330.7884044776103,325.7780739195618,325.9431262382948,20886800
2021-11-17,329.8857421875,332.872153072299,328.79624458842125,329.7106507204873,19053400
2021-11-18,331.977294921875,333.12518638695434,327.94030429261113,328.971438390112,22463500
2021-11-19,333.7671203613281,335.7029529636877,332.8819257327162,333.30994693317655,21963400
2021-11-22,330.57647705078125,340.1485617416483,330.30410258797383,335.23605452302024,31031100
2021-11-23,328.4849853515625,330.20680734992084,324.4771774711079,327.87213546649167,30427600
2021-11-24,328.708740234375,328.9519327535902,324.8176599269324,327.12312025923825,21661300
2021-11-26,320.70281982421875,328.7281726582677,319.18530093597997,325.24566897540836,24217200
2021-11-29,327.4635925292969,329.7982347536724,325.6250428524022,325.8196087405112,28563500
2021-11-30,321.5880432128906,328.58226215914226,320.0316052151952,326.1892561785547,42885600
2021-12-01,321.09197998046875,330.04147784635467,320.42079584278883,326.0044873854462,33337600
2021-12-02,320.5179748535156,324.40905481774183,318.8739911937033,321.3059161713447,30766000
2021-12-03,314.2145080566406,323.64065355721925,309.37010183120765,322.94996534910626,41779300
2021-12-06,317.307861328125,318.5335610767089,310.53739017038447,315.12886594094084,30032600
2021-12-07,325.80010986328125,326.65612244352707,321.1113517932559,322.6094257602038,31021900
2021-12-08,325.8487854003906,326.36435234032024,321.7923212227663,326.17952365557323,24761000
2021-12-09,324.02972412109375,327.32739930142947,323.0763987421778,325.3040505688048,22214200
2021-12-10,333.212646484375,333.6601123753168,325.6736789307053,325.85850760694785,38095700
2021-12-13,330.1580810546875,334.4285549444783,329.8467875780007,331.4032252748547,28899400
2021-12-14,319.3993835449219,325.5278539937052,315.2845546587356,324.14650716266874,44438700
2021-12-15,325.5375061035156,326.0628102666552,315.6638955841935,319.6619664219999,35381100
2021-12-16,316.0529479980469,327.59001493914315,314.2241357585092,326.56858868880596,35034800
2021-12-17,314.9829406738281,316.07246810239036,308.6113085114264,312.1424686589051,47750300
2021-12-20,311.1988525390625,314.0101423864705,308.922574314058,311.3350249012845,28326500
2021-12-21,318.3779602050781,318.805981458776,311.09189137730567,314.4868794889813,24740600
2021-12-22,324.1269836425781,324.52579322794156,316.879835094261,319.3603867790755,24831500
2021-12-23,325.5763854980469,327.23010633114734,323.6697646581755,323.6892093705167,19617800
2021-12-27,333.1251220703125,333.15430398492487,326.29625718515126,326.3254390997636,19947000
2021-12-28,331.9577941894531,334.44808325225506,331.0531251278716,333.80605142857513,15661500
2021-12-29,332.63873291015625,334.9247187951422,330.4305258810565,332.0064086237529,15042000
2021-12-30,330.08038330078125,333.78663529703925,329.5939982126992,332.59985449465546,15994500
2021-12-31,327.16204833984375,330.1192480801944,326.7048452037269,329.2924172414744,18000800
2022-01-03,325.6347961425781,328.79629901774877,320.80012748139205,326.21846414915797,28865100
2022-01-04,320.0510559082031,326.07250437069126,317.23973645782684,325.7125545466594,32674300
2022-01-05,307.7649841308594,317.19112801347296,307.37588205960316,316.9868249346307,40054300
2022-01-06,305.3330383300781,310.0217966395678,303.00810388727007,304.62290557551444,39646100
2022-01-07,305.48870849609375,307.8817144573573,301.6462550034294,305.5956989498197,32720000
2022-01-10,305.7124328613281,306.15019125836943,296.39330884640736,301.0625932107802,44289500
2022-01-11,306.4031066894531,307.9886968599788,301.45171092918275,304.84666874501306,29386800
2022-01-12,309.603515625,314.60356797191446,308.4459168812307,310.96541745526014,34372200
2022-01-13,296.50030517578125,312.14246451080345,295.7221009951654,311.7436252200972,45366000
2022-01-14,301.7533264160156,302.35643918716585,295.47894678254033,295.9653318801247,39846400
2022-01-18,294.4088439941406,301.3641437796384,293.5236197033921,295.7901905004896,42333200
2022-01-19,295.07037353515625,305.3622989395204,294.4575532420891,297.94979471937165,45933900
2022-01-20,293.387451171875,303.1637782382463,292.9399852639337,300.6540445871307,35380700
2022-01-21,287.9691162109375,295.82908513910786,287.56053972855347,294.44776829500927,57984400
2022-01-24,288.29986572265625,289.01970608679983,268.5331704445488,284.2434310873334,85731500
2022-01-25,280.63446044921875,286.95746663545754,277.40488600513294,283.5819529147249,72848600
2022-01-26,288.6306457519531,300.0996150409669,285.0508584412383,299.60349272546875,90428900
2022-01-27,291.6753234863281,298.9321786338753,289.8173294134559,294.4185417312964,53481300
2022-01-28,299.86614990234375,300.080160532773,286.43219588020236,292.05480642156255,49743700
2022-01-31,302.51202392578125,303.87389598233557,298.02753880893874,300.5373020221314,46444500
2022-02-01,300.35247802734375,302.17155319764396,296.82131813836816,301.9575426078095,40950400
2022-02-02,304.92449951171875,306.53930139921533,300.4692256286445,301.1988031851684,36636000
2022-02-03,293.04705810546875,302.7553165599209,291.7921760838247,301.062676020826,43730000
2022-02-04,297.6092529296875,300.3913608497898,291.80181490555054,292.0352702032978,35096500
2022-02-07,292.7552185058594,299.45759008889837,291.73379193177493,297.83308039647966,28533300
2022-02-08,296.26690673828125,297.23967699410343,291.7824501085052,293.04703956643715,32421200
2022-02-09,302.73577880859375,303.43617447800517,299.0198195356215,301.4322704184702,31284700
2022-02-10,294.14617919921875,300.7026390949377,292.5119328248421,295.76098086196566,45386200
2022-02-11,287.006103515625,296.00422709422884,286.2084248952271,294.9341740286448,39175600
2022-02-14,286.9671936035156,288.6792785633671,283.4165885013323,285.7706756345391,36359500
2022-02-15,292.2882385253906,292.60923960221265,288.9321697438567,291.84077258338215,27058300
2022-02-16,291.9470520019531,293.2824978641233,286.27381667328723,290.8455441746245,29982100
2022-02-17,283.398193359375,289.31509356138463,282.6865922626873,288.88618738639013,32461600
2022-02-18,280.6688232421875,286.44927025529336,279.0896820107594,285.65969963957934,34264000
2022-02-22,280.4641418457031,284.1878144144707,277.3253441421195,277.8127349051109,41736100
2022-02-23,273.2020568847656,284.3438343460479,273.03636065430806,282.8621471204411,37811200
2022-02-24,287.1608581542969,287.71649070941305,264.67264340429557,265.6376972494891,56989700
2022-02-25,289.81231689453125,290.12425414795905,284.29504943491895,287.6970574684167,32546700
2022-02-28,291.2549743652344,291.59615384176226,285.6109811188131,286.8879425112131,34627500
2022-03-01,287.5118103027344,292.40520263800084,284.7824043016217,288.9252256042664,31217800
2022-03-02,292.6196594238281,293.8673785477649,286.29333703933276,287.91144814315027,31873000
2022-03-03,288.4573059082031,295.48547100816484,286.6344398224137,295.25153300697923,27314500
2022-03-04,282.5501403808594,288.20389071093314,279.92800561542646,286.8684448672686,32356500
2022-03-07,271.8763427734375,282.38448735317786,271.5059210014731,281.2537371143296,43157200
2022-03-08,268.8934326171875,276.79889483000477,263.1909559552312,270.7942383391963,48159500
2022-03-09,281.22442626953125,282.29669173003094,273.699112875797,276.29203489919934,35204500
2022-03-10,278.3878479003906,279.3723867449448,273.50418301542686,275.88265227991445,30628000
2022-03-11,273.0070495605469,282.2089888863428,272.38317514959226,280.6980597805448,27209300
2022-03-14,269.4685974121094,278.2026312310251,268.8642376481267,273.2702392726219,30660700
2022-03-15,279.9085388183594,280.56165559889956,271.7008941610274,273.28003564033486,34245100
2022-03-16,286.9659423828125,287.1413959147173,276.0581349298359,281.81906746317213,37826300
2022-03-17,287.7750244140625,288.1551737681547,282.0725461188908,285.8937030703345,30816600
2022-03-18,292.8536071777344,293.4092397879423,285.3478072645001,287.92121502824654,43390600
2022-03-21,291.6156005859375,292.5708970455594,287.46302239668256,291.35242032316927,28351200
2022-03-22,296.39202880859375,297.3083257004259,291.23542689570303,292.2394505433956,27599700
2022-03-23,291.9372863769531,295.5829892215264,290.2119339230564,292.93158249273176,25715400
2022-03-24,296.4310607910156,296.5285448908371,290.79682489779265,291.59615286917006,24484500
2022-03-25,296.02166748046875,297.7957771219857,291.7423917495278,297.53259680073916,22566500
2022-03-28,302.8646545410156,302.96210890248284,296.6552707705214,296.6552707705214,29578200
2022-03-29,307.455810546875,307.85547449791466,301.25618526094905,305.9936384202282,30393400
2022-03-30,305.94488525390625,307.98220462024,303.72238478405603,305.8474309093087,28163600
2022-03-31,300.5348815917969,307.1926558891614,300.12549002106,305.98390660172134,33422100
2022-04-01,301.61688232421875,302.3089688081705,297.83472562662047,301.56812540407276,27110500
2022-04-04,307.02685546875,307.16330937657204,301.89949650816396,302.26991814762334,24289600
2022-04-05,303.0400390625,306.92940723508406,302.05550035296193,305.3697510832116,23156700
2022-04-06,291.9470520019531,299.25791307044943,289.2274033550409,297.4935609790899,40110400
2022-04-07,293.7698669433594,295.992367354406,288.87647500488833,289.1786548602699,31411200
2022-04-08,289.4808654785156,293.52620278513484,288.80826385848826,292.8633584995333,24361900
2022-04-11,278.066162109375,285.2307818696367,277.81270941652224,284.4314837001225,34569300
2022-04-12,274.9468688964844,283.4079652196335,273.4164547942549,281.945792962261,30966700
2022-04-13,280.3666687011719,281.3024506732569,274.2060420766694,275.6000023217637,21907200
2022-04-14,272.77313232421875,281.0392913131774,272.2760139180962,280.82483816317216,28221600
2022-04-18,273.4456787109375,275.3367570834857,271.32066231224934,271.87629487230055,20778000
2022-04-19,278.105224609375,278.9533097300375,271.3889937427332,272.33453324114623,22297700
2022-04-20,279.138427734375,282.39422425874454,278.17340352836885,282.101771947732,22906700
2022-04-21,273.72833251953125,285.90334135028814,272.9972465497491,281.3023724572072,29454600
2022-04-22,267.119384765625,276.0581445949156,266.4857827129163,274.5764576123665,29405800
2022-04-25,273.64068603515625,274.0208353820041,263.94159742532975,266.39806604300793,35678900
2022-04-26,263.40545654296875,271.34016243652076,263.1910034243338,270.5018646305653,46518400
2022-04-27,276.0776062011719,283.63216251371057,272.11999585469886,274.9858557260027,63477700
2022-04-28,282.325927734375,283.6418885091446,274.3619509995726,277.9978961517353,33646600
2022-04-29,270.52130126953125,282.5696138560068,269.5270350322061,281.33162254066934,37073900
2022-05-02,277.29608154296875,277.75423001648835,269.25413454359216,270.7065493914021,35151100
2022-05-03,274.6739196777344,276.96466206724233,273.0850211320763,276.7989361292909,25978600
2022-05-04,282.6671142578125,283.5444115470414,269.75126101959535,275.4634656066809,33599300
2022-05-05,270.35565185546875,279.12868525425324,267.42155005496926,278.33911462820026,43260400
2022-05-06,267.80169677734375,272.2076978652137,264.42893181498096,267.8796661979223,37780300
2022-05-09,257.9076232910156,265.4914206158651,256.6794190815071,263.2494355248238,47726000
2022-05-10,262.7035827636719,266.84640364213425,258.38530837575144,264.83835637264633,39336400
2022-05-11,253.9792938232422,264.5166788733009,252.76081701589987,258.97992740025,48975900
2022-05-12,248.91049194335938,253.32625148009697,243.71490413793356,251.19147735823302,51033800
2022-05-13,254.53492736816406,256.40652084056336,248.91044911305778,250.86001201232125,34925100
2022-05-16,254.90536499023438,259.1164282550163,249.32961356037617,253.404193134665,32550900
2022-05-17,260.0912170410156,261.5631169343919,255.8411540674959,259.399100730676,28828800
2022-05-18,248.24932861328125,257.55086612903364,246.9693931124063,256.96462907264123,31356000
2022-05-19,247.33090209960938,251.75696064928601,246.09982214872184,248.0734561306582,32692300
2022-05-20,246.76419067382812,252.60697094594747,240.78463865997372,251.3367857647458,39199300
2022-05-23,254.66856384277344,255.49906389536844,247.6142481517101,249.6269875262943,33175400
2022-05-24,253.66221618652344,255.33296663068452,247.6826631718346,251.97193543806088,29043900
2022-05-25,256.4956359863281,258.5083603731719,251.22934212125796,252.21617401226834,28547900
2022-05-26,259.7980651855469,260.98028950347117,255.4306424883963,256.2513624145197,25002100
2022-05-27,266.96966552734375,267.06737668588744,261.42001760227106,262.3189185167098,26910800
2022-05-31,265.6310119628906,268.4644556206849,262.75847789252555,266.2758695926918,37827700
2022-06-01,266.16845703125,271.31750913902687,263.843069041527,268.8846597665916,25292200
2022-06-02,268.2789001464844,268.34730093627996,255.59678544631987,258.3813893513853,44008200
2022-06-03,263.8235168457031,267.17482718772595,262.25047775674227,264.1068702171186,28059000
2022-06-06,262.5826721191406,267.8880562545602,261.0877840528828,265.81671120246483,22400300
2022-06-07,266.2466735839844,266.86222112303204,259.8372147630866,260.5211630991976,22860700
2022-06-08,264.2045593261719,266.73511970427035,263.42290005939776,265.474714635958,17372300
2022-06-09,258.71356201171875,266.4517957956073,258.55723014109145,261.6349374373484,26439700
2022-06-10,247.1843719482422,254.60017757455358,246.73492150280825,254.60017757455358,31422800
2022-06-13,236.7005615234375,243.30544117219935,235.98731789041443,239.4851650912723,46135800
2022-06-14,238.87940979003906,240.10072459035263,235.96778457187938,238.26386235992007,28651500
2022-06-15,245.98255920410156,249.44133097278552,240.76510609798785,242.61173342919113,33111700
2022-06-16,239.348388671875,241.74216268049113,237.44314057965514,240.33520565588944,33169200
2022-06-17,241.9668731689453,244.75147677232087,238.42995041110007,239.08457333039794,43084800
2022-06-21,247.91714477539062,248.90396178868318,243.7842046658451,244.51699356218077,29928300
2022-06-22,247.32113647460938,251.26843424817747,244.6244638607428,246.1095868286238,25939900
2022-06-23,252.91964721679688,253.4179532405101,247.8096847275751,249.70516784913139,25861400
2022-06-24,261.5567626953125,261.8303359897914,255.71398255656243,255.80191363508214,33923200
2022-06-27,258.811279296875,262.1429998718292,257.238210310739,262.0550687832511,24615100
2022-06-28,250.59425354003906,260.78489654166776,250.43792167575154,257.9221419564602,27295500
2022-06-29,254.2875518798828,255.95830237758284,249.89080316458814,251.6788100350008,20069800
2022-06-30,250.9362030029297,253.57425481431093,247.09639654943996,251.1511555936145,31730900
2022-07-01,253.6231231689453,253.80876541831714,248.76718886364193,250.506354989603,22837700
2022-07-05,256.8180847167969,256.9451062280484,248.89419361754275,250.2816054554039,22941000
2022-07-06,260.1009216308594,261.84007244359304,256.37835708328197,257.6973828261266,23824400
2022-07-07,262.2407531738281,262.88561107764684,258.93831261363266,259.0360237779557,20859900
2022-07-08,261.5177307128906,261.94763595988434,257.248018426269,258.7135963635859,19658800
2022-07-11,258.4399719238281,260.41360575508605,256.16342461352093,259.55379543105175,19455200
2022-07-12,247.84872436523438,259.83715393450507,246.25612518586624,259.7785332128201,35868500
2022-07-13,246.92054748535156,247.73150231895372,242.41633781014775,244.44860746990463,29497400
2022-07-14,248.24932861328125,249.28500115876392,240.29612738205486,244.81988208668008,25102800
2022-07-15,250.8287353515625,254.39496840213428,248.92348735319365,249.85168356689877,29774100
2022-07-18,248.41542053222656,254.85418832606308,247.48722430252386,253.789205440495,20975000
2022-07-19,253.5742645263672,253.75990676258039,247.85850526096056,251.66900149881295,25012600
2022-07-20,256.2514343261719,258.7917756583551,252.96855370040598,253.93582570312935,22788300
2022-07-21,258.76239013671875,258.81126061612775,251.13161811146432,253.82829056890776,22404700
2022-07-22,254.3851776123047,259.24112596994024,253.12480233167656,259.1531948911001,21881300
2022-07-25,252.8903350830078,255.49907682641225,250.91670094077966,255.01055086689712,21056000
2022-07-26,246.11935424804688,253.91623871980474,243.8428365645717,253.89667859982464,39348000
2022-07-27,262.57293701171875,263.85287270769817,252.90990852840943,255.16689619489284,45994000
2022-07-28,270.0668640136719,271.4640407887312,261.7228341456488,263.5596961126716,33459300
2022-07-29,274.2975158691406,275.5286106924797,270.28184723835176,271.3272998322268,32152800
2022-08-01,271.63018798828125,274.8251367286238,269.5099724039233,271.4445457557554,21539600
2022-08-02,268.5133972167969,271.5129535596286,266.12938831170163,269.66631124641907,22754200
2022-08-03,275.9878234863281,276.99418564890556,270.26228442614376,270.4088660501321,23518900
2022-08-04,277.1407470703125,277.2872988821304,273.7406257671143,275.33319521187644,18098700
2022-08-05,276.4177551269531,277.14076398755924,272.28481487787076,272.74403046110217,16774600
2022-08-08,273.88720703125,279.3587038597867,272.91015509105625,277.5315916851269,18739200
2022-08-09,275.8217468261719,276.5838461358811,271.23937090713224,273.22281494179157,23405200
2022-08-10,282.5243225097656,283.15940026226946,280.35526616412074,281.5570506992945,24687800
2022-08-11,280.4333801269531,284.52722930944947,279.9351040144919,284.175504994771,20065900
2022-08-12,285.2112731933594,285.2112731933594,280.35532321512545,281.8599917510288,22619700
2022-08-15,286.73541259765625,287.42911107438584,283.4525028196031,284.32209329350565,18085700
2022-08-16,285.9928283691406,287.2923239805232,283.75540118161075,285.2893498697751,18102900
2022-08-17,285.2388916015625,287.2265154763441,283.4275031724951,283.6918563410664,18253400
2022-08-18,284.11297607421875,285.8166455815832,283.04570254636616,284.13254783525645,17186200
2022-08-19,280.17681884765625,283.21211455626116,279.5991382584274,282.8694145780961,20570000
2022-08-22,271.9521484375,276.5638218680338,271.4332130398437,276.1917493413098,25061100
2022-08-23,270.66949462890625,273.03896194737587,269.65119559556206,270.66949462890625,17527400
2022-08-24,270.0330810546875,271.4430244316459,269.3672528796194,269.6610085134701,18137000
2022-08-25,273.0291748046875,273.1956094206998,268.7895442970541,271.54088479493174,16583400
2022-08-26,262.49383544921875,274.4881266505964,262.3861459525227,273.2544185652506,27549300
2022-08-29,259.69354248046875,261.81822869891334,258.34234411748866,260.30059568573864,20338500
2022-08-30,257.480712890625,261.47553300826064,255.2189346824592,261.10349030382076,22767100
2022-08-31,256.0119934082031,261.53424671982935,255.87490146998655,259.85017923118824,24791800
2022-09-01,254.96437072753906,255.4441627229061,250.07854219503247,253.46630934074653,23263400
2022-09-02,250.71490478515625,259.2137080265582,249.1580986293186,256.2371876448455,22855400
2022-09-06,247.96360778808594,252.44799078544023,246.6809553860228,250.85204083793536,21328200
2022-09-07,252.70254516601562,253.42708861317715,247.93420784755494,249.3833096821503,24126700
2022-09-08,253.12359619140625,254.99373009299137,249.4714610666313,252.1346994321278,20319900
2022-09-09,258.9395751953125,259.6935211105979,254.856637744598,255.0622457757917,22084700
2022-09-12,261.0838623046875,261.867180794142,259.62497457136203,260.2320277253486,18747700
2022-09-13,246.72988891601562,254.96432464482666,246.33822967440065,253.43689095320934,33353300
2022-09-14,246.95509338378906,248.92313072711704,244.64435605806372,248.23774570259533,23913000
2022-09-15,240.2578887939453,246.1522152354102,238.92627713488778,244.55625037262143,31530900
2022-09-16,239.63124084472656,240.17954887293567,237.00717607223177,239.16124972888457,39791800
2022-09-19,239.4158172607422,240.0228704060289,235.82242778090065,237.40860661356453,26826900
2022-09-20,237.3890380859375,238.4269090035508,234.63769708426776,237.01698045564265,26660300
2022-09-21,233.9620819091797,242.49027328915574,233.9131226363591,239.17103777962444,28625600
2022-09-22,235.94972229003906,238.76960926962832,232.61091479132295,232.9046405681356,31061200
2022-09-23,232.95361328125,236.09661373689661,230.29038985586033,234.5397923286239,34176000
2022-09-26,232.493408203125,236.40991123435145,231.95488604827668,232.10176387611173,27694200
2022-09-27,231.47511291503906,236.75259989953264,229.60497922142935,234.9705839342444,27018700
2022-09-28,236.03782653808594,237.27151947294985,229.8301585908498,231.86674172637478,29029700
2022-09-29,232.5423583984375,234.94121342333523,229.51686351062435,233.90334255103218,27484200
2022-09-30,228.03839111328125,235.51891157089977,227.87194152137735,233.31587853761883,35694800
2022-10-03,235.71475219726562,236.56658686861817,229.76166549682242,230.49600985220198,28880400
2022-10-04,243.68479919433594,245.13390098876755,239.86620015378074,239.9739045740591,34888400
2022-10-05,243.9981231689453,245.34932142534083,239.00459102796964,240.85513801638095,20347100
2022-10-06,241.638427734375,245.11432699777998,240.94325684585763,242.7546304477217,20239900
2022-10-07,229.3504180908203,236.28263010395378,228.30274638054547,235.8713841468346,37769600
2022-10-10,224.46456909179688,229.66372422317414,221.99716811850382,228.18524977908294,29743600
2022-10-11,220.7047576904297,224.2785610061986,219.4318911189659,222.868617415671,30474000
2022-10-12,221.0376434326172,223.1035994129206,219.28501487125726,220.69494343568198,21903900
2022-10-13,229.3504180908203,231.17159255986616,214.55582760214386,215.26079932824376,42551800
2022-10-14,223.7889404296875,232.28775824272495,223.5735316066201,230.62323280260927,30198600
2022-10-17,232.57174682617188,233.97190446953263,230.2316367945102,230.89745009814104,28142300
2022-10-18,233.52149963378906,238.83814547298792,230.45683114701563,238.16256123142458,26329600
2022-10-19,231.5436553955078,234.60832380326266,229.3993675920163,232.0919634303183,19985700
2022-10-20,231.22052001953125,236.27281204109534,229.96724036243702,230.84846242588492,21811000
2022-10-21,237.06591796875,237.92755339567935,229.60498465550126,229.83998021019283,26299700
2022-10-24,242.0888214111328,242.66650196958307,236.26302667463216,238.67166745134122,24911200
2022-10-25,245.42767333984375,245.79973097949443,240.69849399609458,242.0986367000862,34775500
2022-10-26,226.49136352539062,233.32565671091658,225.25765558472068,226.3444857065967,82543200
2022-10-27,222.01675415039062,228.8118889501119,221.06700101900176,226.21719686136822,40424600
2022-10-28,230.9463653564453,231.6611378474482,221.33135911449682,221.5173953809148,40647700
2022-10-31,227.28445434570312,230.01620848488474,226.3249003992289,228.88041908310257,28357300
2022-11-01,223.40711975097656,230.81910882214837,222.58465770971134,229.70290606892462,30592300
2022-11-02,215.5055694580078,226.47177415281237,215.4468093670209,224.67018647629374,38407000
2022-11-03,209.77767944335938,215.80909728979998,209.51331132332834,215.49576989713026,36633900
2022-11-04,216.76864624023438,216.96446839951057,208.97479880274778,213.00880699714827,36789100
2022-11-07,223.11337280273438,223.64210905753552,216.66093790033182,217.35612373452656,33498000
2022-11-08,224.09249877929688,226.81446708596394,221.12574904260384,223.92604919971197,28192500
2022-11-09,219.8235321044922,223.85754063557675,219.64729662851667,222.6238325426508,27852900
2022-11-10,237.90794372558594,238.25064367555294,230.09452530489162,230.51554215858724,46268000
2022-11-11,241.9517822265625,242.81341772993616,236.87990270480543,237.91778862490293,34620200
2022-11-14,236.50782775878906,238.81856512501489,234.21667709082797,236.93864547897454,31123300
2022-11-15,236.9190673828125,241.84406888595643,235.01956096953973,240.5320439197712,31390100
2022-11-16,237.35107421875,239.38358350898213,236.06480717183115,238.39186999771098,24093300
2022-11-17,237.30197143554688,238.8435381539188,233.3253489732536,233.4726257376434,23123500
2022-11-18,236.85031127929688,239.3246657828085,234.6999806378717,239.09882143559938,27613500
2022-11-21,237.665283203125,240.23781728148245,236.8208614471362,237.05650427423635,26394700
2022-11-22,240.59129333496094,240.8662199512073,236.34955769689049,239.17737646147847,19665700
2022-11-23,243.0950927734375,243.78240928452703,239.84505578484715,240.66983559815458,19508500
2022-11-25,243.0067138671875,244.19478627730362,242.26047170971742,242.82996678375363,9200800
2022-11-28,237.38052368164062,242.1819409644526,236.43792242620464,241.62227427823314,24778200
2022-11-29,235.9764404296875,238.3918693092864,233.89484887777672,237.02704966267706,17956300
2022-11-30,250.51815795898438,250.70471852080405,235.51495518026599,236.21210017721677,47594200
2022-12-01,250.07632446289062,251.480412997738,246.37461335279977,249.27117147020317,26041500
2022-12-02,250.4003448486328,251.42149877038435,245.16689541650894,245.29454527511953,21528500
2022-12-05,245.66761779785156,249.22205159608075,243.56638455022468,247.4448272057783,23435300
2022-12-06,240.67965698242188,247.29756756690452,239.3639346203721,246.2764137142749,22463700
2022-12-07,239.94325256347656,241.70083524943195,237.82239217411686,240.39492629319693,20481500
2022-12-08,242.91835021972656,244.23408754539898,238.65697278896897,240.40472694227282,22611800
2022-12-09,240.97422790527344,243.81187510910007,239.73705813217018,240.26726946853532,20609700
2022-12-12,247.93580627441406,247.96526162942584,242.692543329028,242.96746996405648,30665100
2022-12-13,252.2659149169922,259.13911012222144,248.48565156116547,256.94949571953015,42196900
2022-12-14,252.56051635742188,257.83323517087837,249.70322678422994,252.47215028378815,35410900
2022-12-15,244.4991912841797,249.5951770987246,242.8594450460343,249.1238764690628,35560400
2022-12-16,240.25746154785156,245.314163694285,239.09882936779724,244.0475385389959,86102000
2022-12-19,236.09423828125,240.76802033194576,234.38576802042482,240.42435459914438,29696400
2022-12-20,237.41983032226562,238.50972342913573,234.1010537480817,235.06329699213606,25150800
2022-12-21,240.0021514892578,241.1705970760226,235.76041593639175,237.3117960868346,23690600
2022-12-22,233.87521362304688,237.60637998766668,229.63346281298368,236.8895930796324,28651700
2022-12-23,234.4053955078125,234.5428588047953,229.7021730774097,231.83286167183076,21207000
2022-12-27,232.66748046875,234.60178017051703,231.55794560399602,234.37595081143152,16688600
2022-12-28,230.281494140625,235.37747982698158,229.92801493167607,232.5987434032064,17457100
2022-12-29,236.6441192626953,237.53763828702606,231.38121460067237,231.38121460067237,19770700
2022-12-30,235.4756622314453,235.61312552884607,232.37290211025564,233.89482682014858,21938500
2023-01-03,235.2400360107422,241.29826533020105,233.099518684118,238.6766338893005,25740000
2023-01-04,224.9498748779297,228.6515707937887,221.86675636636124,228.07226219993836,50623400
2023-01-05,218.28285217285156,223.42793497169325,217.74281242583197,223.0842692283964,39585600
2023-01-06,220.8553924560547,221.67035882828523,215.37648717687478,218.9603615409851,43613600
2023-01-09,223.00572204589844,227.05109853622983,222.30859206839725,222.34786087714497,27369800
2023-01-10,224.70440673828125,227.11983564696362,223.21193722037137,223.63414061358225,27033900
2023-01-11,231.49903869628906,231.67577081089505,226.92345084138603,227.100182955992,28669300
2023-01-12,234.1894073486328,235.55422702400872,229.32907915113603,230.99828080713587,27269500
2023-01-13,234.89637756347656,235.03384088361543,230.66445501236748,232.7067778989866,21333300
2023-01-17,235.99607849121094,236.54593172373328,232.79512362957803,233.65918727061418,29831300
2023-01-18,231.53829956054688,237.98929120508885,231.25355950265987,237.19396675189898,30028700
2023-01-19,227.72862243652344,231.25360161671026,226.5012659624361,229.54511601112426,28623000
2023-01-20,235.86843872070312,236.37902316517145,230.26186823597817,230.60553401218095,35389800
2023-01-23,238.18568420410156,240.728762962326,235.30875313249115,236.73249848259866,31934000
2023-01-24,237.65545654296875,239.53086062869244,236.08444941515683,238.1071302689207,40234400
2023-01-25,236.25135803222656,238.89263116418337,226.7172477839659,230.23239799467638,66526600
2023-01-26,243.50750732421875,243.81188931119357,237.61619666314894,239.236301101992,33454500
2023-01-27,243.6645965576172,245.30434278619185,242.35868764883875,244.47956294350342,26498900
2023-01-30,238.31333923339844,241.1509865733433,237.81256824363442,240.0807204276458,25867400
2023-01-31,243.32093811035156,243.45840142159702,238.5489760451487,239.03991858279355,26541100
2023-02-01,248.17144775390625,250.55742124700228,241.02332574913956,243.507493740727,31259900
2023-02-02,259.8067932128906,259.8951592726371,252.5899320193859,254.13149875716766,39940400
2023-02-03,253.6699981689453,259.41403146682933,252.4426419072074,254.83844372730002,29077300
2023-02-06,252.11862182617188,253.62090480368727,250.1646801008737,252.77649801588666,22518000
2023-02-07,262.71319580078125,263.90126847590375,255.36868388280342,255.81054419875986,50841400
2023-02-08,261.898193359375,271.74649858000214,261.38759398871423,268.2509904236017,54686000
2023-02-09,258.8445129394531,269.0168568866588,258.0393600664708,268.8400948175214,42375100
2023-02-10,258.333984375,259.30604106753316,255.938182254322,256.7924175253064,25818500
2023-02-13,266.4050598144531,269.62564159022224,262.3105859582913,262.79173001037145,44630900
2023-02-14,267.23968505859375,269.9889513959728,264.40202269183845,267.7306276163226,37047900
2023-02-15,265.1036376953125,266.49156688669603,262.01278189893924,264.11929330764815,28922400
2023-02-16,258.0458679199219,262.5640049267377,257.79978182996587,259.88658706642394,29603600
2023-02-17,254.0199432373047,256.0181614019457,251.99219593879457,255.32913826506194,30000100
2023-02-21,248.71429443359375,251.49015281418258,247.65120069336206,250.4959553706836,28397400
2023-02-22,247.57244873046875,250.35814511839848,246.42076761233298,250.1120590242694,22491100
2023-02-23,250.78140258789062,252.81898748724595,246.55855711170582,251.55902797945566,29219100
2023-02-24,245.31829833984375,247.07043006861863,244.21583748216142,246.04671856075686,24990900
2023-02-27,246.2436065673828,248.86196635972186,245.48565714962064,248.50760176361655,21190000
2023-02-28,245.51516723632812,247.55276726085282,244.83596722815324,245.17065572399935,22491000
2023-03-01,242.4145050048828,247.00153859615037,241.9420088680049,246.8342018468034,27565300
2023-03-02,247.17872619628906,247.46417946735576,241.76483192375827,242.69011807533903,24808200
2023-03-03,251.29327392578125,251.61810937843563,247.4543367942358,248.24181531401277,30760100
2023-03-06,252.8485565185547,256.0476760120962,251.97249055035027,252.41544255316742,24109800
2023-03-07,250.171142578125,253.6557304344605,249.42304618349874,252.28747719365353,21473200
2023-03-08,249.72816467285156,250.55501034221174,246.88341003286706,250.06283815522548,17340200
2023-03-09,248.36978149414062,255.49642520187024,247.6413612448282,251.81498682862087,26653400
2023-03-10,244.69815063476562,248.83239377023597,243.72365937177543,247.14917339603343,28333900
2023-03-13,249.9447021484375,253.87224130152137,241.88291995099803,243.52677312497195,33339700
2023-03-14,256.7071838378906,256.98279906760126,251.85435814781437,252.7304240608025,33620300
2023-03-15,261.284423828125,262.3081505872303,255.1519463716988,255.9099109124936,46028000
2023-03-16,271.8759460449219,272.23029562382413,259.1582026765928,261.05798023414945,54768800
2023-03-17,275.05535888671875,278.89429618396935,271.9940621060292,273.9036927174477,69527400
2023-03-20,267.9680480957031,273.1358554487767,265.6253039559413,272.64368331991255,43466600
2023-03-21,269.4937744140625,270.69467563118206,265.3004581897297,270.5765591245479,34558700
2023-03-22,268.02716064453125,276.64017464446556,267.91886713354575,269.1197685728432,34873300
2023-03-23,273.3130798339844,276.65984491000785,270.8916009314238,273.5886950746026,36610900
2023-03-24,276.1775207519531,276.2365790138879,270.9703303661151,272.8996370155353,28172000
2023-03-27,272.0531005859375,277.0535567459473,271.20654881077553,276.1085945660647,26840200
2023-03-28,270.9211120605469,271.8168690429862,267.79087413033056,271.4723425051547,21878600
2023-03-29,276.118408203125,276.7385498713233,274.0512793223978,274.592656630297,25087000
2023-03-30,279.6029968261719,280.00658160899906,277.07325471108254,279.7802016370314,25053400
2023-03-31,283.7864990234375,284.7413143620683,278.5694853421409,279.288067620429,32766000
2023-04-03,282.7332763671875,283.7569729997611,279.5046276679569,282.0343701563342,24883300
2023-04-04,282.68402099609375,285.90284644844036,281.1976813612138,282.7332562405726,25824300
2023-04-05,279.888427734375,282.65443254812493,278.49067578511693,281.3747970971364,22064800
2023-04-06,287.03485107421875,287.50731719041386,277.61466736506213,278.7761866204537,29770300
2023-04-10,284.85943603515625,285.06613994489004,280.25268148244174,284.68223121557776,23103000
2023-04-11,278.4021301269531,281.5028392047115,277.23078785734424,281.27642916480585,27276600
2023-04-12,279.0517883300781,282.51669989305793,277.5457425781535,280.331454092245,27403400
2023-04-13,285.3023376464844,285.3613958990932,278.7367782331064,279.1501860013685,24222700
2023-04-14,281.6603088378906,283.96367102936733,279.2486531464038,282.5068305661248,20987900
2023-04-17,284.27862548828125,287.03480758768944,281.6799721234841,285.390939367987,23836200
2023-04-18,283.8554382324219,287.192380736636,282.51674403921857,287.0053528655543,20161800
2023-04-19,283.9341125488281,284.52469507035653,280.0853229045868,281.51260405135076,17150300
2023-04-20,281.6307373046875,284.50503591954333,280.6168638626968,280.7842156136177,23244400
2023-04-21,281.2862548828125,281.78825008105144,278.6285130858529,280.54799661030216,21676400
2023-04-24,277.35870361328125,280.48894155472334,274.35646528671094,277.67370102270286,26611000
2023-04-25,271.1081237792969,277.19136442128627,271.05888853978684,275.1340884128389,45772200
2023-04-26,290.7458190917969,294.88007785035614,288.1471653314123,292.05501404925786,64599200
2023-04-27,300.0577087402344,300.42194142413604,290.62770202416357,291.336431237466,46462600
2023-04-28,302.4496765136719,304.0935148750173,298.5615040334557,299.2505571443168,36446700
2023-05-01,300.77630615234375,303.76872187468587,300.37272129835924,302.1642355165898,21294100
2023-05-02,300.6286315917969,304.33959922450805,299.1521149683054,302.9418469765617,26404400
2023-05-03,299.6344299316406,303.77851145251077,299.32928557023496,301.81967570546,22360800
2023-05-04,300.6286315917969,302.9418469765617,298.65008970357985,301.44562423928016,22519900
2023-05-05,305.7865295410156,307.08587113629045,299.5064085369893,300.93371968874146,28181200
2023-05-08,303.8179016113281,305.34365349819655,301.29798227952045,305.27474217870144,21318600
2023-05-09,302.19378662109375,305.1862025609974,301.51458645644766,303.1781312029214,21340800
2023-05-10,307.42059326171875,308.09979329228884,302.85325092434726,303.78836006860274,30078000
2023-05-11,305.25506591796875,306.24926349994644,301.4653635324245,305.2452428998002,31680200
2023-05-12,304.13287353515625,305.78656482552327,301.79998224342324,305.68812438304315,19758100
2023-05-15,304.6152038574219,305.04831778842316,302.77448467056973,304.26085429922443,16336500
2023-05-16,306.8595275878906,308.7986873456042,304.97942609367624,304.97942609367624,26730300
2023-05-17,309.75982666015625,310.1840128280389,306.54383920821226,308.07292647953415,24315000
2023-05-18,314.21875,314.73174727715974,309.48358041459244,310.28263990581155,27276000
2023-05-19,314.0412292480469,314.4456963446299,312.09783032838016,312.46282914333904,27529500
2023-05-22,316.8428955078125,318.23385899609656,313.7157188876359,314.2977481307369,24115700
2023-05-23,311.0028076171875,318.3620609809565,310.99293302124596,315.70838374356634,30797200
2023-05-24,309.61181640625,312.2260251295259,308.38854073338916,310.4799378174826,23384900
2023-05-25,321.5188293457031,322.485576277812,315.67875905674543,318.8749968584438,43301700
2023-05-26,328.39471435546875,328.89780691493297,319.50637450410005,319.64446830879535,36630600
2023-05-30,326.7373962402344,331.20622279832344,326.05671145740513,330.70313021071354,29503100
2023-05-31,323.95550537109375,331.403539726326,322.9097916897827,327.80283457515725,45950600
2023-06-01,328.0888671875,329.0260505461007,320.3350221149729,321.5286739937124,26773900
2023-06-02,330.870849609375,332.94249783924806,328.0593291620814,329.73638489709236,25864000
2023-06-05,331.4035949707031,333.9882106590151,330.1408808136087,330.693316375745,21307100
2023-06-06,329.174072265625,330.8412533912164,327.68448335101743,330.8017851103892,20396200
2023-06-07,319.01318359375,329.9731432176181,318.1450620184974,327.17149729188003,40717100
2023-06-08,320.8677978515625,322.229167569566,318.9835862960409,319.5656155034306,23277700
2023-06-09,322.37713623046875,325.53390634602147,320.0292702055803,320.6014248165846,22514900
2023-06-12,327.3687744140625,327.6153984673946,320.76911233845874,324.1429125289751,24260300
2023-06-13,329.77587890625,332.42955654153445,325.92854909660264,329.95344102696913,22951300
2023-06-14,332.78466796875,334.46172377002256,328.31584080318265,329.82517898213644,26003800
2023-06-15,343.3993225097656,345.1158162103727,332.6465202868888,332.9227380100379,38899100
2023-06-16,337.70721435546875,346.7238036323781,337.332371106431,346.57583523072196,46533600
2023-06-20,333.4850769042969,337.4606559646964,331.3246475034231,334.7280719309583,26375400
2023-06-21,329.0556945800781,333.1693972869812,327.5858247663164,331.82774670017375,25117800
2023-06-22,335.12261962890625,335.52708668833833,328.838643577594,329.6081094184592,23556800
2023-06-23,330.49591064453125,333.3962115699487,328.9471346567787,329.8448196096955,23084700
2023-06-26,324.16265869140625,331.571224712544,324.05412845410723,329.2135144395698,21520600
2023-06-27,330.0520324707031,331.61068318067953,324.85317836133345,327.3786061607091,24354100
2023-06-28,331.31475830078125,333.4160000459161,329.30229760192987,330.14082540190753,20259500
2023-06-29,330.5255432128906,331.57122678735186,328.1283646472187,330.19013811405165,16997000
2023-06-30,335.9414367675781,338.1018659336961,332.64654295071426,333.18910383853483,26823800
2023-07-03,333.4258728027344,336.29658063116784,332.0250649242067,334.60968039782284,12508700
2023-07-05,333.58367919921875,337.0364158494364,330.2098791029289,330.5650032791807,18172400
2023-07-06,336.66156005859375,338.3583347909345,330.9694876074592,332.7451687923729,28161200
2023-07-07,332.6662902832031,337.1745856915764,332.44925988855226,334.7379385766014,21185300
2023-07-10,327.3490295410156,330.7031407949626,323.1662951750732,330.0816433554904,32791400
2023-07-11,327.98040771484375,328.36512559547043,322.58427205153635,326.58944439701025,26698200
2023-07-12,332.6465759277344,337.03646655154864,331.13723774065795,332.0546721061305,29995300
2023-07-13,338.03277587890625,339.0981784792485,334.4419154262678,334.9746317791757,20567200
2023-07-14,340.5779724121094,346.68438690739697,339.6605380799491,342.8962447343513,28302200
2023-07-17,341.0613708496094,342.3043356947929,337.57904017391905,341.0120279721599,20363900
2023-07-18,354.6355285644531,361.827094682559,337.5494363326708,341.15998612794135,64872700
2023-07-19,350.28509521484375,357.5654427726351,347.6807606209098,356.86503882465547,39732900
2023-07-20,342.1859130859375,353.1360263193054,340.7061688680628,348.7954493013007,33778400
2023-07-21,339.1277770996094,345.56959587744933,335.2409797862232,344.43513130446024,69368900
2023-07-24,340.44970703125,342.2352929441679,337.6875295682125,341.1797347293557,26678100
2023-07-25,346.240478515625,347.1381937516986,340.41028183220885,342.42271258678073,41637700
2023-07-26,333.2088317871094,340.01568008356725,328.611755590644,336.82928631733375,58383700
2023-07-27,326.2540283203125,336.7207386752654,324.6065664004519,335.8822409797451,39635300
2023-07-28,333.80072021484375,335.418588461766,328.6709579484161,329.16420605704235,28484900
2023-07-31,331.3838195800781,333.1397816268532,328.85836158947654,332.3703157885018,25446000
2023-08-01,331.7981872558594,333.9684913237122,329.1938524799162,330.66372244536,18311900
2023-08-02,323.0775451660156,329.1247724313431,321.9529249093119,329.1247724313431,27761300
2023-08-03,322.2488708496094,325.42539000063243,321.5484669368351,321.597779707483,18253700
2023-08-04,323.35369873046875,330.61432586715995,322.820982393301,327.3983388650913,23727700
2023-08-07,325.6522521972656,326.638748415641,323.09723060433043,323.9357584110446,17741500
2023-08-08,321.6470947265625,324.31064668065517,318.6382931645677,322.54480993915706,22327600
2023-08-09,317.8786926269531,322.69276896492516,316.7146041895466,322.0614270294025,22373300
2023-08-10,318.5692138671875,323.8272555255074,316.84284549970266,321.6174835434037,20113700
2023-08-11,316.6751708984375,318.05625962756983,314.8994595848591,315.9352987108156,24342600
2023-08-14,319.66424560546875,319.6839646920239,315.7576988733088,317.0500366268224,18836100
2023-08-15,317.5137023925781,320.7000964574307,316.5666743212441,318.63832268798944,16966300
2023-08-16,316.74261474609375,320.716745588524,316.1494577370067,317.1380426957456,20698900
2023-08-17,313.26275634765625,318.19578484702873,312.60039125699797,316.88098033707746,21257200
2023-08-18,312.8673095703125,314.74561454363595,307.99356387048624,310.90000542142724,24744800
2023-08-21,318.20574951171875,319.0855744872302,313.4210016585765,314.3008266340879,24040000
2023-08-22,318.779052734375,322.357724957099,317.7904679139887,321.7843590357293,16102000
2023-08-23,323.2672424316406,325.44214114565574,319.76764365334907,320.1235498834675,21166400
2023-08-24,316.3174743652344,329.1789720519846,316.30757886325165,329.0504512030628,23281400
2023-08-25,319.29315185546875,321.64595850158366,315.16084417438077,317.8003790491066,21684100
2023-08-28,320.0049133300781,322.42692799992096,318.0475045559713,321.9425310997952,14808500
2023-08-29,324.6611633300781,325.2246639510212,318.20570528498234,318.20570528498234,19284600
2023-08-30,325.0368347167969,326.0451804445671,322.72354969246516,324.91820935696705,15222100
2023-08-31,324.01861572265625,327.1326523087655,323.0497916021966,325.44218047674366,26411000
2023-09-01,324.9083251953125,328.20029972236824,323.0497807085255,327.52806921372286,14931200
2023-09-05,329.74249267578125,331.0276711915423,324.9083280364007,325.24444329366247,18553900
2023-09-06,329.0801086425781,330.64205933119945,326.41091765065016,329.5744010359564,17535800
2023-09-07,326.14404296875,329.27784015884396,325.27408344304047,327.5082949368657,18381000
2023-09-08,330.4542541503906,332.32269403883413,325.699163331797,326.3219766279449,19530100
2023-09-11,334.0824279785156,334.5569596545834,331.60106989515236,333.3904063887361,16583300
2023-09-12,327.9827880859375,332.94550339059816,327.69612019842117,331.9865748697913,17565500
2023-09-13,332.2238464355469,333.0048369712179,327.38968185551636,327.5280680565873,16544400
2023-09-14,334.83367919921875,336.9689957887937,332.7279887772519,335.2785242515413,20267000
2023-09-15,326.45050048828125,333.54853269059,325.88699986571044,333.07403125618623,37666900
2023-09-18,325.3037414550781,326.6284415872305,322.63455018467687,324.058114839662,16834200
2023-09-19,324.89837646484375,325.6299497048408,320.8056512322667,322.446705559853,16505900
2023-09-20,317.10833740234375,325.82766263304757,316.85132586781475,325.74858912301113,21436500
2023-09-21,315.88250732421875,321.6360782353787,311.40421928226147,315.6156002828941,35529500
2023-09-22,313.39129638671875,317.78061558235316,312.54109771841047,317.6520947233704,21447900
2023-09-25,313.915283203125,314.0438040776846,311.4042689048914,312.97611540381934,17836000
2023-09-26,308.5768737792969,312.27417127506453,306.48104866233854,311.5327326754824,26297600
2023-09-27,309.219482421875,310.71222512078947,306.15486316727345,308.73505530094553,19410100
2023-09-28,310.0597839355469,311.87877653956156,305.9176107720618,307.4400098031896,19683600
2023-09-29,312.1456298828125,315.823166301502,311.3844304982505,314.1227993515873,24140300
2023-10-02,318.1265563964844,318.2155555717482,311.58213026261114,312.669579507487,20570000
2023-10-03,309.8126220703125,317.7213009072656,307.657484158639,317.1676656330005,21033500
2023-10-04,315.31903076171875,316.38671934680445,310.4156581127954,310.4453144529802,20720100
2023-10-05,315.71441650390625,316.327364401189,311.3053368933147,315.4475094779053,16965600
2023-10-06,323.5242614746094,325.4322228400408,312.6893506739022,312.93649686639475,25645500
2023-10-09,326.0550537109375,326.5295551178962,319.49083600200555,321.0429214154338,19891200
2023-10-10,324.64141845703125,327.3204751601556,323.92963610326484,327.1820587892371,20557100
2023-10-11,328.6253967285156,329.020824643838,325.3828395521265,327.42918731045415,20063200
2023-10-12,327.3797607421875,329.82156651499986,324.9676113079431,326.7964993042076,19313100
2023-10-13,323.98895263671875,330.019296623983,322.6345659293272,328.5858665652145,21072400
2023-10-16,328.8428649902344,332.3029118179807,326.8261435346823,327.27098859672117,22158000
2023-10-17,328.26947021484375,329.653482917614,323.6725568735075,325.827664522765,18338500
2023-10-18,326.3417053222656,331.75916074567095,324.55236929454276,328.6945419118804,23153600
2023-10-19,327.5379638671875,333.0344936244933,327.13264042852785,328.35847607866697,25052100
2023-10-20,322.9410705566406,328.1311417316229,321.73499566730453,327.93341266679295,25012600
2023-10-23,325.560791015625,328.9318691915997,320.68707463176605,321.7547330640911,24374700
2023-10-24,326.7569580078125,328.0520017824309,323.86041156041205,327.5181575017648,31153600
2023-10-25,336.78118896484375,342.24806157017446,333.765987296064,341.08150860571766,55053800
2023-10-26,324.1470947265625,337.7302406507204,323.20792706940125,336.6526868052071,37828500
2023-10-27,326.0451965332031,332.876322086507,324.65128814798715,326.6581143687127,29856500
2023-10-30,333.4595642089844,335.5751503381647,328.04210819348634,329.60408920215934,22828100
2023-10-31,334.2503967285156,335.1302516935357,330.86945356194263,334.9819700053902,20265300
2023-11-01,342.11956787109375,343.45416345864317,335.7728398301243,335.9112561909914,28158800
2023-11-02,344.3438720703125,344.84802981392585,340.834377854448,343.27618356893754,24348100
2023-11-03,348.772705078125,350.3445814577073,343.3651450199177,345.6389081595281,23624000
2023-11-06,352.4601745605469,353.45865496757824,349.3164818069367,349.41534633116447,23828300
2023-11-07,356.41448974609375,358.3224512391216,353.5475997552972,355.29738405424604,25833900
2023-11-08,359.05401611328125,359.7163510431648,356.43424222372255,357.55134788937477,26767800
2023-11-09,356.5726623535156,360.62586616316025,356.2464124670446,358.1642694379123,24847300
2023-11-10,365.4501647949219,365.8752490282028,356.9483292832311,357.36351801413326,28042100
2023-11-13,362.4942932128906,364.2638685791425,361.7231982203745,364.0167223614231,19986500
2023-11-14,366.0433044433594,367.70414993309754,363.15665355329156,366.77487775321134,27683900
2023-11-15,366.19189453125,369.6193319212851,363.65595302337914,367.78673199342217,26860100
2023-11-16,372.6307678222656,372.8090670130161,366.6971049772861,367.4697650343208,27182300
2023-11-17,366.3702392578125,370.84770155077825,363.5470476915022,370.0948424049753,40157000
2023-11-20,373.8887939453125,375.3053322916461,367.5093833628424,367.7273146646205,52465100
2023-11-21,369.5599365234375,372.6802933507884,367.62827122388927,372.13548017935176,28423100
2023-11-22,374.2949523925781,376.2167020543969,371.4420444315091,374.44353505087355,23345300
2023-11-24,373.8788757324219,374.4138035112927,371.61044336899096,373.7798105540461,10176600
2023-11-27,375.0477600097656,377.05868938301023,372.6604615641083,373.2349912204299,22179200
2023-11-28,379.0993347167969,379.3965000397917,374.6020413692927,374.7902561506727,20453100
2023-11-29,375.2855529785156,380.68425789892774,373.88881549531266,380.1493603159181,28963400
2023-11-30,375.344970703125,376.5138612366037,371.9373340529728,374.92890903622725,30554400
2023-12-01,370.9863586425781,374.60201085324076,367.8164543800959,373.2151890748226,33020400
2023-12-04,365.6669006347656,366.0432999492324,359.4855901354516,365.6272685167618,32063300
2023-12-05,369.01507568359375,369.5698044164444,362.1800014727598,363.002209215325,23065000
2023-12-06,365.3301086425781,370.659495392555,364.56736412162047,370.02553259484574,21182100
2023-12-07,367.45989990234375,367.95519561310016,362.8734567838674,364.76549002661096,23118900
2023-12-08,370.708984375,370.93680102116286,364.765436714598,365.7263114622475,20144800
2023-12-11,367.8065490722656,368.10374460980563,362.6554922898368,365.0131044942587,27708800
2023-12-12,370.8575744628906,370.8972065792804,366.9744432787704,367.3607883950642,24838300
2023-12-13,370.8476867675781,374.086939898613,367.28155178547297,372.48215648382853,30955500
2023-12-14,362.4870910644531,370.24343838413614,360.70403869901645,369.79766017755225,43277500
2023-12-15,367.241943359375,368.8962139906386,362.8337997442001,363.39844407099264,78478200
2023-12-18,369.14385986328125,369.4905728812435,365.2112110016812,365.9739856872879,21802900
2023-12-19,369.7481384277344,369.7481384277344,366.3603026960237,367.9947723838569,20603700
2023-12-20,367.1329345703125,372.49203701128664,367.04378498295705,371.47172920429006,26316700
2023-12-21,370.0255126953125,370.88732235937965,366.5584428639484,369.0547222595686,17708000
2023-12-22,371.0556945800781,371.6500554361655,369.20329359245756,370.16416841117154,17091100
2023-12-26,371.13494873046875,373.393495737859,369.98585916804944,371.47174615266005,12673100
2023-12-27,370.5505065917969,371.53118233613856,369.3023518404904,370.17407704899347,14905400
2023-12-28,371.7491149902344,372.9180055102288,370.6396575319042,371.83826458273074,14327000
2023-12-29,372.501953125,373.6114105209222,369.9660418684788,372.4623210093037,18723000
2024-01-02,367.380615234375,372.3632885983454,363.319184585885,370.3424737462839,25258600
2024-01-03,367.1131591796875,369.7481357898977,365.04282689247566,365.5381225658885,23083500
2024-01-04,364.4781494140625,369.58960392636413,363.7154050293527,367.18247442785434,20901500
2024-01-05,364.2899475097656,368.5593935584056,363.0517083951845,365.4984700948147,20987000
2024-01-08,371.1646728515625,371.66988411040546,365.53812127674354,365.8253710003868,23134000
2024-01-09,372.2543029785156,372.4524030948654,367.69757707621847,368.50986917545833,20830000
2024-01-10,379.1686096191406,380.5554615818058,372.77931406448965,372.828831535822,25514200
2024-01-11,381.01116943359375,387.00423522356067,376.8011560453087,382.3682747948277,27850800
2024-01-12,384.81500244140625,385.0230181492978,381.03093643070736,381.8630294927209,21645700
2024-01-16,386.59808349609375,390.32271672497956,383.9730224089054,389.9562027545636,27202300
2024-01-17,385.80560302734375,386.4395657529972,381.1894438434919,384.32963163268903,22234100
2024-01-18,390.1642150878906,390.2830812145117,386.4494974787357,388.0344497047316,23392100
2024-01-19,394.9190368652344,394.9190368652344,389.79766667261197,392.0364126276258,29272000
2024-01-22,392.7794189453125,396.8507352261163,389.8868786582818,396.2563743199646,27016900
2024-01-23,395.1468811035156,395.6223758316309,390.22364091426874,392.02652441578425,20525900
2024-01-24,398.7724609375,401.81358370975624,396.68232764982235,397.7620686193911,24867000
2024-01-25,401.06072998046875,403.18061005906736,398.74274976275865,400.5159168098495,21021200
2024-01-26,400.1295471191406,402.34849224643625,398.6436601299057,400.5654097210854,17803300
2024-01-29,405.86505126953125,406.12261467024774,400.5257498805,402.2394836390935,24510200
2024-01-30,404.7457275390625,409.16375662074074,402.6258777098208,408.3812111979871,33477600
2024-01-31,393.83929443359375,411.41240548584386,393.47278047208044,403.1310461052013,47871100
2024-02-01,399.9809875488281,404.161284395668,398.01960572688716,398.0493222591689,30657700
2024-02-02,407.3509826660156,408.7675210638453,399.7630491761005,400.0106970175581,28245000
2024-02-05,401.8333740234375,407.29154202131053,400.18898875911304,406.0433872498531,25352300
2024-02-06,401.6748352050781,404.1315123814108,399.11912308836935,402.0611803021498,18382600
2024-02-07,410.15435791015625,410.4020057606588,403.5669311328783,403.60656325348486,22340500
2024-02-08,410.2137451171875,411.6501145817078,408.6486241783777,410.15431205814707,21225300
2024-02-09,416.5931701660156,416.8606491715924,411.18454998916735,411.34304822902254,22032800
2024-02-12,411.35296630859375,416.78138746189904,410.847755055397,416.6030882773996,21202900
2024-02-13,402.4970703125,406.21178774325523,399.59464501524405,401.1300494611104,27824900
2024-02-14,406.38739013671875,406.7347443342126,401.5046846687993,404.9781660710295,20401200
2024-02-15,403.4795837402344,406.03011869599004,401.22679392364836,405.0476293953427,21825500
2024-02-16,400.99853515625,405.19649639829663,400.3832375883185,404.86897976610464,22281100
2024-02-20,399.7381591796875,401.4252604899609,394.9943773768075,400.1847314590158,24307900
2024-02-21,399.1327209472656,399.2419032387698,394.21031077919827,397.1379710817067,18631100
2024-02-22,408.531005859375,409.70205797134184,405.4743557171247,407.08207646174907,27009900
2024-02-23,407.2309265136719,412.7090915973696,405.87131159465224,412.5205590554713,16295900
2024-02-26,404.4521789550781,409.0371695148512,404.27351975281573,408.34246112673543,16193500
2024-02-27,404.3926086425781,405.2262404801438,400.7901076502163,404.89872387010075,14835800
2024-02-28,404.6307678222656,406.1987830728558,402.24895832016676,405.0872739909664,13183100
2024-02-29,410.5059509277344,411.06170550216336,402.84444253870316,405.5438348800808,31947300
2024-03-01,412.3518371582031,412.71902889421233,407.76684684717014,408.153876143975,17800300
2024-03-04,411.7762451171875,414.18782621068357,409.19593875466035,410.307447886493,17596000
2024-03-05,399.59918212890625,411.1112969231929,397.6044321579871,410.8234857245891,26919200
2024-03-06,399.04339599609375,402.09014214632543,395.3714487406788,399.916733159736,22344100
2024-03-07,406.0400695800781,406.6752047214003,399.1923248157397,403.04293193355477,18718500
2024-03-08,403.14215087890625,407.3103404061873,401.2664565057241,404.8689575439801,17971700
2024-03-11,401.45501708984375,402.6062316222378,398.21973809181884,400.70079606171487,16120800
2024-03-12,412.13348388671875,412.4212950799544,403.70782104780903,404.5315189350478,22457000
2024-03-13,411.95489501953125,415.0115452878592,408.3325562328795,414.9321647542621,17115900
2024-03-14,421.9981994628906,424.5785058716351,414.8229687362819,417.05592096351893,34157300
2024-03-15,413.264892578125,419.39806083838096,409.6623914264508,416.1131423873529,45049800
2024-03-18,414.1580505371094,417.54221722990445,410.6448639845401,411.111304092611,20106000
2024-03-19,418.2170715332031,418.4751112612702,412.40145573236146,414.6641794557911,19837900
2024-03-20,422.00811767578125,422.7325672103819,417.472736496582,418.8025799169323,17860100
2024-03-21,426.11676025390625,427.55578606152034,423.9235133811952,426.57326646256405,21296200
2024-03-22,425.49151611328125,426.6030252593982,422.8417631107263,426.44426419825527,17636500
2024-03-25,419.65606689453125,424.1716107025241,418.41553787360243,422.0180389961963,18060500
2024-03-26,418.4552001953125,422.76231287812396,418.15748537548563,422.3851872487767,16725600
2024-03-27,418.23687744140625,421.2340147133464,415.83523039825434,421.2240807902947,16705000
2024-03-28,417.53228759765625,418.6735682140503,415.94440442920035,417.7704594727013,21871200
2024-04-01,421.3531494140625,424.6480018954086,419.02094870327977,420.73785184065474,16316000
2024-04-02,418.2468566894531,419.17973696688534,414.6741269340057,416.9269168072685,17912000
2024-04-03,417.26434326171875,420.0530500088036,415.91463197146663,416.54979735190346,16502300
2024-04-04,414.71380615234375,425.4220608182633,414.4061573873391,421.76992047315406,19370900
2024-04-05,422.2959289550781,423.2784485638512,415.1504997519638,416.8276974614869,16544300
2024-04-08,421.3729553222656,424.0425761054586,420.09272093696904,421.9485777283347,14272400
2024-04-09,423.0501403808594,424.49906970382636,418.42544485426635,423.2089317196758,12512300
2024-04-10,420.05303955078125,420.8171944866389,416.5200154975315,418.9911394928746,16216600
2024-04-11,424.6876525878906,426.1167444183971,419.15984809671994,422.5936541739285,17966400
2024-04-12,418.703369140625,421.9585162359949,416.58950274190113,420.8370731015467,19232100
2024-04-15,410.5059509277344,423.5860815606245,410.2975202475589,423.36774724307367,20273500
2024-04-16,411.4388122558594,415.2298762897989,410.59527673352017,411.4289086182102,16765600
2024-04-17,408.7195739746094,415.70624190109544,407.22100522560083,414.0885872118868,15855500
2024-04-18,401.2069091796875,408.76919927263555,400.88935677884103,407.5187363707615,21029900
2024-04-19,396.095947265625,402.4077746386735,394.7561698730406,400.9687488676842,30276500
2024-04-22,397.9219970703125,399.7976914523607,392.7514806878664,397.04865981007964,20286900
2024-04-23,404.48193359375,405.10716505974153,400.0060952402287,401.1771473553241,15734500
2024-04-24,405.96063232421875,409.3447990752087,403.6979086365787,406.45684392489727,15065300
2024-04-25,396.01654052734375,396.8601062584313,385.0899520019121,391.0444908759172,40586500
2024-04-26,403.2414245605469,409.87080464048637,402.6856699602139,409.04710666417816,29694700
2024-04-29,399.2022399902344,403.24140976178137,396.1654273618807,402.1795096483343,19582100
2024-04-30,386.3800964355469,399.11290256766176,386.221335381575,398.4479657229549,28781400
2024-05-01,391.9476318359375,398.6762601059751,387.35270744745037,389.635268755834,23562500
2024-05-02,394.82562255859375,396.8997833087663,391.6597902856064,394.6469936602289,17709400
2024-05-03,403.57879638671875,404.0650740320478,398.8151471589616,399.23197820235123,17446700
2024-05-06,410.4067077636719,410.7937370714025,403.29101993493754,405.66292597330005,16996600
2024-05-07,406.238525390625,411.52815821970637,405.99041958064737,411.5182242956741,20018200
2024-05-08,407.4294128417969,409.1066104061556,403.6284151762591,405.07737479693975,11792300
2024-05-09,409.1959228515625,409.5928860565961,406.0003190785622,407.45918232898305,14689700
2024-05-10,411.5975646972656,412.23273004632824,408.6798382335046,409.8112151541409,13402300
2024-05-13,410.5853271484375,415.18025140614657,407.7073059282806,414.84283115281045,15440200
2024-05-14,413.40380859375,414.3267549073316,408.43175863614476,408.8981987547859,15109300
2024-05-15,420.6317138671875,421.3575004372611,414.85533751236306,415.48169669269,22239500
2024-05-16,418.5538330078125,422.9582208339026,417.91755229509,419.35914332573157,17530100
2024-05-17,417.7783203125,420.4726599302369,415.6109428181483,420.09485405964773,15352200
2024-05-20,422.878662109375,424.30037978174784,417.55961512858175,417.778343258253,16272100
2024-05-21,426.5572814941406,430.46453247000767,422.3915253519068,424.36004826198655,21453300
2024-05-22,428.0286865234375,429.9077641693655,424.6583193119375,427.60118209872775,18073700
2024-05-23,424.529052734375,431.09086617504613,422.95820916796526,430.4645069803894,17211700
2024-05-24,427.6707763671875,428.565562226306,421.95405016489985,424.71796179341015,11845800
2024-05-28,427.829833984375,428.32694058725485,424.1313596453095,427.1438244451224,15718000
2024-05-29,426.6865234375,428.44627000677747,423.22665032702537,423.22665032702537,15517100
2024-05-30,412.2704162597656,421.84466424386284,411.84288150879064,421.84466424386284,28424800
2024-05-31,412.7277526855469,414.3383733012913,402.1692127903504,414.3383733012913,47995300
2024-06-03,411.1270446777344,414.02020882309534,406.553688084388,413.1254229827006,17484700
2024-06-04,413.6623229980469,414.03017705380546,407.30928563189894,410.04337212748766,14348900
2024-06-05,421.5563659667969,421.6259378345122,413.89096003424896,415.39223173706347,16988000
2024-06-06,422.0633850097656,422.848821948627,418.14618249774657,421.5563568996983,14861300
2024-06-07,421.3973083496094,423.81323935854607,420.55222098628695,423.73371564550735,13621700
2024-06-10,425.3940124511719,425.6027887352665,421.4370631899479,422.24237348386436,14003000
2024-06-11,430.1761779785156,430.3153823959729,422.78918087724,423.01786084549974,14551100
2024-06-12,438.5076904296875,440.8341457768561,430.7428874309175,432.8009161252906,22366200
2024-06-13,439.0246887207031,440.8242426789463,436.8274858579273,438.2989324414096,15960600
2024-06-14,440.00897216796875,440.5756810111054,434.19281849694386,435.74378876375306,13582000
2024-06-17,445.775390625,448.3305259626429,438.16966532085047,440.0288392462003,20790000
2024-06-18,443.75714111328125,447.53516969127554,442.3155500964385,447.10763493198164,17112500
2024-06-20,443.120849609375,443.946033241849,438.7164619327626,443.7173532757514,19877400
2024-06-21,447.17724609375,447.97260457820744,443.9261796037789,444.79114029939626,34486200
2024-06-24,445.0794982910156,450.1300886970985,443.82677977625036,447.1971472141421,15913700
2024-06-25,448.3404541015625,448.80773551860256,444.1647465305247,445.65606632861267,16747500
2024-06-26,449.54345703125,450.9751265075422,445.59642930053803,446.4017395883299,16507000
2024-06-27,450.2294616699219,453.53025683427376,449.15569440393773,449.56332546408174,14806300
2024-06-28,444.3636474609375,452.74485831487965,443.82676378238773,450.4482280145607,28362300
2024-07-01,454.0870361328125,454.72331684606445,443.0810879907853,446.0637277902953,17662800
2024-07-02,456.62225341796875,456.9304570935814,450.48794440717063,450.57745029839504,13979800
2024-07-03,458.1036376953125,458.3521910129211,455.23037712106725,455.5385808076234,9932800
2024-07-05,464.8543395996094,465.6397765538939,456.3140515175161,456.95033221316646,16000300
2024-07-08,463.5419921875,464.99356542878803,461.77229375422786,463.8501958785038,12962300
2024-07-09,456.8807678222656,464.6256672353131,455.3496709136752,464.29759021110544,17207200
2024-07-10,463.55194091796875,463.7607172108967,456.20469022907776,458.55104934272356,18196100
2024-07-11,452.0687561035156,462.0904118522062,448.9369602373819,460.30084022096906,23111200
2024-07-12,450.9254150390625,453.71915189160546,448.0422026334216,451.70090017355875,16324300
2024-07-15,451.33306884765625,454.61399099803907,448.8177103695207,450.6768844175797,14429400
2024-07-16,446.91876220703125,451.671100679191,444.0753266658107,451.5915769633523,17175700
2024-07-17,440.9534606933594,442.2757813397234,436.63857872187197,440.0288496296795,21778000
2024-07-18,437.8216857910156,442.07691730431753,431.886231451246,441.7687136228689,20794800
2024-07-19,434.5805358886719,438.58724438350157,429.5001207828966,430.59376141790096,20940400
2024-07-22,440.3768310546875,442.0272287343498,436.37015276462773,439.23349185507885,15808800
2024-07-23,442.2757873535156,445.7953108894537,440.53591409904936,441.33127259326983,13107100
2024-07-24,426.4180603027344,438.9252800797557,425.11564336198785,437.90124163761953,26805800
2024-07-25,415.97882080078125,427.3128458662045,415.0939867790631,426.31863260886945,29943800
2024-07-26,422.8090515136719,426.4379540941027,414.8553456338981,415.7799870015666,23583800
2024-07-29,424.2606201171875,429.6492388018038,422.2423684855505,429.0825299821325,15125800
2024-07-30,420.4726867675781,426.5671885866718,414.9448331085773,425.2448982961915,32687600
2024-07-31,415.92913818359375,419.33928250485553,409.8246539863894,418.0666907004293,42891400
2024-08-01,414.6962890625,424.9864026383823,410.69956257647107,418.3550170132677,30296400
2024-08-02,406.12615966796875,412.59849761680636,402.0001807599968,410.1030126570464,29437900
2024-08-05,392.86334228515625,398.71927263220283,383.34871462184185,386.9179667314658,40709200
2024-08-06,397.29754638671875,403.3225066578681,396.1939842314513,397.6853041219084,24946500
2024-08-07,396.1243896484375,407.70696828580475,395.1699533956427,406.27532907710327,20650900
2024-08-08,400.3597412109375,403.51138026295973,397.62565473832814,400.11118789524573,20203000
2024-08-09,403.6704406738281,405.68869229684987,399.93221959838144,401.6919660750819,19276700
2024-08-12,404.4559020996094,406.39463013243375,401.9007666876047,404.7044554196647,16762900
2024-08-13,411.6142272949219,412.5487901543895,407.19991814538804,407.21979148714996,19414300
2024-08-14,414.4477233886719,415.30276256625774,410.0632696291805,412.3996465083127,18267000
2024-08-15,419.34808349609375,419.42775054091777,415.991550712489,418.1229861127925,20752100
2024-08-16,416.7983093261719,419.6568394696199,415.6329698343419,418.919805326896,22775600
2024-08-19,419.8460998535156,420.06522222853687,414.7963458443911,417.2863590170559,15234000
2024-08-20,423.10302734375,424.15879050030776,419.9556774327427,420.015435317403,16387600
2024-08-21,422.4456787109375,424.69662989295495,420.03533264675815,422.38589043229285,16067300
2024-08-22,413.8899841308594,425.0851042062188,412.953736731063,422.66478826233237,19361900
2024-08-23,415.1250305175781,417.58516466451346,410.44379375355777,415.3142739439322,18493800
2024-08-26,411.83819580078125,415.6130641605339,409.6967906199474,414.70669574720716,13152800
2024-08-27,412.1867980957031,412.70470986954564,408.6111429903849,411.21070203411466,13492900
2024-08-28,408.95977783203125,413.3421950254565,405.68291191971673,413.22267925405737,14882700
2024-08-29,411.4696960449219,420.3640158924635,408.95977368399144,413.2824329478728,17045200
2024-08-30,415.4736328125,415.822210323597,410.48363692465733,413.93977626013776,24308300
2024-09-03,407.80438232421875,418.20267931936957,405.4040060811421,416.2405478075573,20313600
2024-09-04,407.26654052734375,409.5971891641853,402.7546379619835,404.2884945573242,15135800
2024-09-05,406.7585754394531,411.44975138862225,404.50759397621573,405.9916319874654,14195500
2024-09-06,400.0953063964844,409.0095348193582,399.19887738785627,407.4258901774711,19609500
2024-09-09,404.0992431640625,407.01753119323797,400.5434971977151,405.6131601713445,15295100
2024-09-10,412.5453796386719,414.66684525245614,406.0713456246143,406.56934824108026,19594300
2024-09-11,421.3500671386719,422.29625388353406,407.9438146629927,413.84017908445105,19266900
2024-09-12,425.29425048828125,425.6627675750461,418.07321227741465,421.6189886086143,17418800
2024-09-13,428.8699035644531,430.10494036688726,423.76039168984255,424.12890877471926,15874600
2024-09-16,429.6169128417969,431.79816683164466,426.50938123863534,428.87987866290234,13834700
2024-09-17,433.41168212890625,440.08492951868885,430.5431821213062,438.47140586333086,18874200
2024-09-18,429.0890197753906,434.28816840172493,428.6906237541022,433.2622842089649,18898000
2024-09-19,436.93756103515625,439.73633345516527,435.1547030637013,439.46742297057807,21706600
2024-09-20,433.53118896484375,437.4853309751932,432.4853956233,435.47341133704515,55167100
2024-09-23,431.77825927734375,434.7164566201473,428.6707276626035,432.5451724016005,15128900
2024-09-24,427.4555969238281,431.6188916752313,424.39785343692114,431.27028375011014,17015800
2024-09-25,430.3838195800781,431.38979462226376,426.8579828341436,428.11292879639643,13396400
2024-09-26,429.5870361328125,433.56108748494046,427.41575191106693,433.3519348863203,14492000
2024-09-27,426.3101501464844,430.1248672217253,425.762359424982,429.7961684722898,14896100
2024-09-30,428.5810546875,428.7006008520287,423.67075601092984,426.49940732473704,16807300
2024-10-01,419.00946044921875,426.7683500314763,417.1369656739266,426.73847108913304,19092900
2024-10-02,415.4636535644531,421.13092557899313,415.0453180067373,420.89186366215563,16582300
2024-10-03,414.87603759765625,417.8739927473743,412.63502577299244,415.9616796785687,13686400
2024-10-04,414.39794921875,418.07321108796054,413.3123071245128,416.5692334072243,19169700
2024-10-07,407.90399169921875,415.4437282135342,407.3661403625253,414.3381769946468,20919800
2024-10-08,413.0533447265625,413.99956190900485,406.5394920239681,409.25856700863125,19229300
2024-10-09,415.7923278808594,418.70067647812056,412.6449477589923,414.19871346026423,14974300
2024-10-10,414.1788330078125,415.68281071093077,411.49957636636015,413.57128437543724,13848400
2024-10-11,414.6568908691406,415.4636526469778,411.59914761969196,414.47761722865823,14144900
2024-10-14,417.4656677246094,422.3460875183581,415.8521136383557,416.10111495840073,16653100
2024-10-15,417.0672302246094,420.7923105426525,413.60115139482065,420.4934907291295,18900200
2024-10-16,414.45770263671875,414.6967341717602,408.84024879356656,413.51151588006746,15508900
2024-10-17,415.0552978515625,420.81220682616237,413.9298070859751,420.6727515049861,14820000
2024-10-18,416.48956298828125,417.97360109842316,414.5971590742364,415.47364856596283,17145300
2024-10-21,417.1070861816406,417.2863598354636,412.09718088424023,414.457708513249,14206100
2024-10-22,425.8022155761719,428.85992860317606,416.3700446113444,416.8182287379404,25482200
2024-10-23,422.9038391113281,429.3579337373482,420.8421009299413,429.13881136450993,19654400
2024-10-24,423.0333251953125,424.27833177082186,420.71261591698874,423.6309040350223,13581600
2024-10-25,426.43963623046875,430.79217425375066,424.8659613297776,425.0552047565001,16899100
2024-10-28,424.8858642578125,430.21449827781026,424.5970142324742,429.9356180313113,14882400
2024-10-29,430.2244873046875,431.43961494644003,424.09903059516625,426.29025434116863,17644100
2024-10-30,430.8021545410156,436.7483071680008,430.3738795735308,435.69254402246366,29749100
2024-10-31,404.72674560546875,414.4975548257246,404.67692710480617,413.70073237613923,53971000
2024-11-01,408.7306823730469,413.8401943287888,405.8721520793777,407.37612978056814,24230400
2024-11-04,406.82830810546875,408.78050033889826,403.9498686523884,408.1629515330161,19672300
2024-11-05,409.8163146972656,413.24257521436044,406.4498120639611,406.73866209939297,17626000
2024-11-06,418.50146484375,418.77040570560524,408.8800507986786,410.77248502778195,26681800
2024-11-07,423.7304992675781,425.14484007349097,418.2026823789465,419.5970836269586,19901800
2024-11-08,420.85205078125,424.7962229099081,420.095077093531,423.6209440547306,16891400
2024-11-11,416.34014892578125,423.11297221775334,414.3381687204943,420.83211176857736,24503300
2024-11-12,421.340087890625,422.744458901271,415.533390819855,416.57918414479684,19401200
2024-11-13,423.5014343261719,427.6149103778975,416.5393371261829,419.9556581526565,21502200
2024-11-14,425.1846923828125,426.4595778768523,418.3222016749388,423.30222788535474,30246900
2024-11-15,413.3421936035156,421.1110226744225,411.98764100476023,418.14294637599176,28247600
2024-11-18,414.0991516113281,416.72858966014985,410.45376875637714,413.21269235073834,24742000
2024-11-19,416.12103271484375,416.27042741990954,409.9059394231008,411.4597051471197,18133500
2024-11-20,413.8302001953125,415.62302783332285,408.93981090505724,415.2046922657536,19191700
2024-11-21,412.0437927246094,418.9399686403921,409.4689690149979,418.6605301722443,20780200
2024-11-22,416.16552734375,416.56472079906104,410.2374116400306,410.5467888521348,24814600
2024-11-25,417.95196533203125,420.23736087052777,414.0198472532827,417.54278213072394,27691100
2024-11-26,427.133544921875,428.18146205416855,418.01185069672323,418.75036014607525,23458900
2024-11-27,422.1435546875,426.37509083138485,421.17549451394376,424.2593075311874,18332400
2024-11-29,422.61260986328125,424.0297817162198,416.9639323784013,419.24935840992123,16271900
2024-12-02,430.1175842285156,432.13353107658475,420.4669212999132,420.72641076442574,20207200
2024-12-03,430.3371276855469,431.60457529422956,426.88402964452257,428.9798333762607,18302000
2024-12-04,436.544677734375,438.79017518476684,431.7642546343851,432.1634480898198,26009400
2024-12-05,441.7342529296875,443.770179142923,435.2971785217715,437.0436765362191,21697800
2024-12-06,442.682373046875,445.2073090094776,440.88595677867977,441.4148949698492,18821000
2024-12-09,445.12744140625,447.4328163406456,439.6184986530788,441.7143023543043,19144400
2024-12-10,442.4428405761719,448.7202622082635,440.71632196493806,443.500747434082,18469500
2024-12-11,448.0915222167969,449.4488165759074,443.1614051498909,443.1614051498909,19200200
2024-12-12,448.6603698730469,455.24716851093444,448.2112581986308,448.2112581986308,20834800
2024-12-13,446.37493896484375,450.5266178755225,444.6883184556146,447.5426110314286,20177800
2024-12-16,450.6863098144531,451.27512549789225,444.38893932865295,446.37494735046533,23598800
2024-12-17,453.5505676269531,454.3789237624039,448.67036888572403,450.10748972576295,22733500
2024-12-18,436.5147399902344,451.7441820228141,436.1454548251872,450.4168569277278,24444500
2024-12-19,436.15545654296875,442.29314366547726,435.4468858542376,440.73626782337294,22963700
2024-12-20,435.726318359375,442.85201454579715,427.7722660445124,432.2432815476765,64263700
2024-12-23,434.3790283203125,436.7742196281346,431.96385754199804,435.86603695951885,19152500
2024-12-24,438.4508361816406,438.7203153724094,433.32113775673025,433.7802087154167,7164500
2024-12-26,437.2332763671875,440.0576302640168,435.7562575113133,438.20133650274425,8194200
2024-12-27,429.66845703125,434.3490742197977,425.49682901810996,433.73031978660106,18117700
2024-12-30,423.9798583984375,426.6944166190143,421.05572893712207,425.2074080072107,13158700
2024-12-31,420.6565246582031,425.8760697244736,419.81820926028456,425.24732556190753,13246500
2025-01-02,417.74237060546875,425.2174031564215,414.01985416103116,424.67847521686525,16896500
2025-01-03,422.5028381347656,423.1814700735548,418.7004647827294,420.2373611517797,16662900
2025-01-06,426.99383544921875,433.450889550372,424.6285829292995,427.1435291929144,20573600
2025-01-07,421.5247802734375,429.7882097463078,419.957914728963,428.1415176926379,18139100
2025-01-08,423.7104187011719,426.11559975123726,420.69647292951623,422.61261379874435,15054600
2025-01-10,418.11163330078125,423.86008600637365,414.1894746460312,423.7802594986814,20201100
2025-01-13,416.35516357421875,417.66253969684465,411.4649750549722,414.4090535363967,17604800
2025-01-14,414.8382263183594,418.9000587938386,409.89811945983064,416.9739281792526,16935900
2025-01-15,425.4569091796875,427.29322350331137,417.4329894853562,418.29128437786517,19637800
2025-01-16,423.7303466796875,428.6305247845027,423.5407549144398,427.84212760615685,15300000
2025-01-17,428.1714782714844,433.61058460419247,427.31321381371214,433.22135040368397,26197500
2025-01-21,427.64251708984375,430.03770829379437,424.7483264493822,429.33912735658424,26085700
2025-01-22,445.30712890625,446.37496460039233,435.1275277712005,436.68440364505375,27803800
2025-01-23,445.8160705566406,445.85599903960934,440.61650492666485,441.1155043659929,18389300
2025-01-24,443.17138671875,445.7562002010948,440.5167060042179,444.2691915941594,15549500
2025-01-27,433.6903991699219,434.32913308449037,422.6525337820519,423.16152296669173,35647800
2025-01-28,446.30511474609375,447.4827461239755,430.51676503368185,433.73032267022137,23491700
2025-01-29,441.44482421875,445.98573732495043,439.51869372032735,445.79611510422404,23581400
2025-01-30,414.1595458984375,422.0137922192137,412.33322134699057,417.9319804505241,54586300
2025-01-31,414.22943115234375,419.84816997012905,414.0797374049759,418.141600337115,34223400
2025-02-03,410.09771728515625,414.57872255523336,407.8422300476431,410.7763492208031,25679100
2025-02-04,411.5447998046875,413.09171636714575,408.9200578355856,411.86416676091864,20532100
2025-02-05,412.4629821777344,413.0018796658512,409.5787506797878,411.5248607564065,16316700
2025-02-06,414.9879150390625,417.36315732347487,413.1715497090401,413.1715497090401,16309800
2025-02-07,408.9300537109375,417.8122379259866,407.2833615993766,415.6465973451397,22886800
2025-02-10,411.3951110839844,414.62861779989964,410.0977246861568,412.8821197108573,20817900
2025-02-11,410.6166687011719,411.6645553606299,408.48093644203584,408.8202828688126,18140600
2025-02-12,408.2214660644531,409.92803560329327,403.56079794352274,406.3951110778186,19121700
2025-02-13,409.7184753417969,410.17754630619044,405.54681680905935,406.185550721702,23891700
2025-02-14,407.6126708984375,408.0917213200678,405.06778596420224,406.9739674594389,22758500
2025-02-18,408.8202819824219,409.7783523938356,405.6865508328786,407.18354917543536,21423100
2025-02-19,413.94000244140625,414.6585628844229,406.8342549807474,407.06380569744374,24114200
2025-02-20,416.1300048828125,419.30999755859375,412.5400085449219,415.2900085449219,23508700
2025-02-21,408.2099914550781,418.04998779296875,407.8900146484375,417.3399963378906,27524800
2025-02-24,404.0,409.3699951171875,399.32000732421875,408.510009765625,26443700
2025-02-25,397.8999938964844,401.9200134277344,396.70001220703125,401.1000061035156,29387400
2025-02-26,399.7300109863281,403.6000061035156,394.25,398.010009765625,19619000
2025-02-27,392.5299987792969,405.739990234375,392.1700134277344,401.2699890136719,21127400
2025-02-28,396.989990234375,397.6300048828125,386.57000732421875,392.6600036621094,32845700
2025-03-03,388.489990234375,398.82000732421875,386.1600036621094,398.82000732421875,23007700
2025-03-04,388.6099853515625,392.5799865722656,381.0,383.3999938964844,29342900
2025-03-05,401.0199890136719,401.6700134277344,388.80999755859375,389.3399963378906,23433100
2025-03-06,396.8900146484375,402.1499938964844,392.67999267578125,394.2799987792969,23304600
2025-03-07,393.30999755859375,394.79998779296875,385.5400085449219,392.32000732421875,22034100
2025-03-10,380.1600036621094,386.3999938964844,377.2200012207031,385.8399963378906,32840100
2025-03-11,380.45001220703125,386.0,376.9100036621094,379.0,30380200
2025-03-12,383.2699890136719,385.2200012207031,378.95001220703125,382.95001220703125,24253600
2025-03-13,378.7699890136719,385.32000732421875,377.45001220703125,383.1600036621094,20473000
2025-03-14,388.55999755859375,390.2300109863281,379.510009765625,379.7799987792969,19952800
2025-03-17,388.70001220703125,392.7099914550781,385.57000732421875,386.70001220703125,22474300
2025-03-18,383.5199890136719,387.3699951171875,381.1000061035156,387.07000732421875,19486900
2025-03-19,387.82000732421875,389.67999267578125,384.0,385.5299987792969,19185500
2025-03-20,386.8399963378906,391.7900085449219,383.2799987792969,385.739990234375,18470500
2025-03-21,391.260009765625,391.739990234375,382.79998779296875,383.2200012207031,39675900
2025-03-24,393.0799865722656,395.3999938964844,389.80999755859375,395.3999938964844,21004500
2025-03-25,395.1600036621094,396.3599853515625,392.6400146484375,393.9200134277344,15775000
2025-03-26,389.9700012207031,395.30999755859375,388.57000732421875,395.0,16108400
2025-03-27,390.5799865722656,392.239990234375,387.3999938964844,390.1300048828125,13766800
2025-03-28,378.79998779296875,389.1300048828125,376.92999267578125,388.0799865722656,21632000
2025-03-31,375.3900146484375,377.07000732421875,367.239990234375,372.5400085449219,35184700
2025-04-01,382.19000244140625,382.8500061035156,373.2300109863281,374.6499938964844,19689500
2025-04-02,382.1400146484375,385.0799865722656,376.6199951171875,377.9700012207031,16092600
2025-04-03,373.1099853515625,377.4800109863281,369.3500061035156,374.7900085449219,30198000
2025-04-04,359.8399963378906,374.5899963378906,359.4800109863281,364.1300048828125,49209900
2025-04-07,357.8599853515625,371.0,344.7900085449219,350.8800048828125,50425000
2025-04-08,354.55999755859375,373.6499938964844,350.25,368.260009765625,35868900
2025-04-09,390.489990234375,393.2300109863281,353.1000061035156,353.5400085449219,50199700
2025-04-10,381.3500061035156,383.8999938964844,367.79998779296875,382.05999755859375,38024400
2025-04-11,388.45001220703125,390.04998779296875,378.8900146484375,380.6400146484375,23839200
2025-04-14,387.80999755859375,394.6499938964844,384.2099914550781,393.2200012207031,19251200
2025-04-15,385.7300109863281,391.8900146484375,384.1600036621094,388.510009765625,17199900
2025-04-16,371.6099853515625,381.6099853515625,368.0,380.6700134277344,21967800
2025-04-17,367.7799987792969,374.32000732421875,366.8900146484375,373.75,20943700
2025-04-21,359.1199951171875,364.4800109863281,355.6700134277344,362.82000732421875,20807300
2025-04-22,366.82000732421875,367.7699890136719,359.8599853515625,363.3800048828125,19485000
2025-04-23,374.3900146484375,380.3900146484375,373.0199890136719,376.05999755859375,20545500
2025-04-24,387.29998779296875,388.45001220703125,375.19000244140625,375.70001220703125,22232300
2025-04-25,391.8500061035156,392.1600036621094,384.6000061035156,387.0,18963600
