Price,Date,Close,High,Low,Open,Volume
Ticker,,POWERGRID.NS,POWERGRID.NS,POWERGRID.NS,POWERGRID.NS,POWERGRID.NS
0,2010-01-04,37.1025390625,37.35010933165195,36.34332536130692,36.376333387372505,4353415
1,2010-01-05,37.21805953979492,37.76271304317002,37.053012752276366,37.300582933554196,4374738
2,2010-01-06,37.482147216796875,37.76272550501615,37.30059524289555,37.498652348713556,5549959
3,2010-01-07,37.81222915649414,38.0432964680571,37.2015573378234,37.59766921128911,4535147
4,2010-01-08,37.9112663269043,38.2248526145025,37.64718871519965,37.99378974109042,3809958
5,2010-01-11,38.09360885620117,38.54118469923211,37.9941495563091,38.45830045040262,3041300
6,2010-01-12,37.54656982421875,38.29252798641815,37.39737864145465,37.86153173585052,2569224
7,2010-01-13,38.11017990112305,38.292523409161305,37.06583724985095,37.54656533612923,3322262
8,2010-01-14,38.9058837890625,39.287150507781575,38.14334585486519,38.292539330205294,6747297
9,2010-01-15,39.33687210083008,40.26517837426355,38.905875810964766,39.237412802171384,11273753
10,2010-01-18,38.988746643066406,39.78443424882122,38.82297820450262,39.370013152411765,4085821
11,2010-01-19,38.541175842285156,39.41974777862611,38.342252791456175,38.95559699119667,4992784
12,2010-01-20,38.756683349609375,39.104799897264186,38.42514634999052,38.54118519920879,3697700
13,2010-01-21,37.6791877746582,38.93903106035837,37.48026692563646,38.62406911474375,3555527
14,2010-01-22,37.89468002319336,38.11018263493407,36.38618872155402,36.469072957836566,4943166
15,2010-01-25,38.226219177246094,38.78983381523924,37.14872629168827,37.89468221295786,2912852
16,2010-01-27,37.56314468383789,38.92244478659045,37.19845315108205,38.22621631437611,8252922
17,2010-01-28,37.76206588745117,39.10479320414325,35.905460356387046,38.4251397731981,11600411
18,2010-01-29,37.364227294921875,37.69576428472739,36.817192161094425,37.430534243207155,3996285
19,2010-02-01,37.44710922241211,37.67918465122237,37.132149551285394,37.21503379360184,2078776
20,2010-02-02,37.69575500488281,38.29252188929801,37.2979111647322,37.59629348275052,3466800
21,2010-02-03,37.44710922241211,37.87810773213344,37.29791803591829,37.79522348981699,2006355
22,2010-02-04,37.13213348388672,37.878091341952285,37.03267198646905,37.29790189679018,2254939
23,2010-02-05,35.607086181640625,36.800620424706636,35.47447226502416,36.66800650809017,4391981
24,2010-02-08,35.97175979614258,36.12095093965754,35.40814756043142,35.97175979614258,1831316
25,2010-02-09,35.83915328979492,36.1375356379664,35.65680752218845,35.83915328979492,1113258
26,2010-02-10,35.57392883300781,36.021502425045114,35.49104458466248,35.97177277538957,1023345
27,2010-02-11,35.49103546142578,35.8888793015388,35.45788087125864,35.64022662042085,640478
28,2010-02-15,34.77823257446289,35.971766439773184,34.74507798161254,35.57392256746267,1575236
29,2010-02-16,35.391578674316406,35.64023138870143,34.745079818212275,34.81138900741803,1192982
30,2010-02-17,35.50761795043945,35.72311607291257,35.37500181875079,35.64023183374923,989784
31,2010-02-18,35.85573196411133,36.28673048157197,35.20923531210986,35.55734958576573,1713670
32,2010-02-19,35.52419662475586,35.85573361524201,35.308698480291504,35.85573361524201,1267093
33,2010-02-22,35.474464416503906,35.922040220724966,35.39158017486142,35.60707830378032,835164
34,2010-02-23,35.34184646606445,35.54076953514343,35.15950069413853,35.47446259491005,801182
35,2010-02-24,35.22581100463867,35.44130912935516,35.0268879292243,35.20923370695766,906081
36,2010-02-25,35.292118072509766,35.47446385089169,34.84454227542495,35.47446385089169,1650113
37,2010-02-26,35.65681457519531,36.10438818598371,35.142931764249326,35.474468771520385,1548385
38,2010-03-02,35.65681457519531,36.30331128969804,35.474468771520385,35.673391875234714,780476
39,2010-03-03,36.038082122802734,36.13754367711234,35.32527619056663,35.32527619056663,1578097
40,2010-03-04,36.07123565673828,36.30331111100988,35.90546715391868,36.13754260819028,1157814
41,2010-03-05,35.8889045715332,36.353055670418726,35.80602028613364,36.137557427731906,766252
42,2010-03-08,36.485652923583984,36.701151054330126,35.97177017136745,36.13753865605801,1998979
43,2010-03-09,36.07123565673828,36.601693516733484,35.97177410537068,36.469079613829486,1368556
44,2010-03-10,36.17069625854492,36.3696171076788,35.85573431275275,36.10438706045447,1572349
45,2010-03-11,35.40816116333008,36.53538606780301,35.17608346383931,36.137542116128984,4256779
46,2010-03-12,35.24238204956055,35.60707356358956,34.99372935773494,35.15949781895201,7813231
47,2010-03-15,34.69535446166992,35.30869879895645,34.54616326428051,35.30869879895645,2420100
48,2010-03-16,34.79481887817383,34.894280434093616,34.33066570000793,34.49643421041447,1690093
49,2010-03-17,35.25896453857422,35.42473527258595,34.84454332449234,34.84454332449234,2067076
50,2010-03-18,35.17607498168945,35.44130496830921,33.866504592704025,34.9937292253647,2257266
51,2010-03-19,35.8723030090332,36.220417222003334,35.01030612438134,35.14292224037781,3363560
52,2010-03-22,35.65681457519531,36.170697386141306,35.35842991962382,35.474468771520385,2178427
53,2010-03-23,35.7894287109375,36.10438842021248,35.40816204945399,35.723121758728965,1381649
54,2010-03-25,35.292118072509766,35.95519199507754,35.1429268896078,35.95519199507754,3128139
55,2010-03-26,35.391578674316406,35.64023138870143,35.093194068027074,35.32526948511065,2059990
56,2010-03-29,35.391578674316406,35.68996103222689,35.17607830615541,35.623654091399985,1977720
57,2010-03-30,35.374996185302734,35.640226158063456,35.30868925420718,35.39157348017125,1369034
58,2010-03-31,35.52419662475586,35.67339006917791,34.91085229300483,35.47446697553458,1719363
59,2010-04-01,35.358428955078125,35.67339090209713,35.308699304695736,35.640236302922766,928358
60,2010-04-05,35.65681457519531,35.88889003060921,35.39158451970262,35.806005778791445,1444077
61,2010-04-06,35.540775299072266,35.80600535139909,35.44131374840231,35.80600535139909,2818200
62,2010-04-07,36.651424407958984,36.800615606715034,35.50762221965702,35.50762221965702,3932498
63,2010-04-08,36.8503303527832,37.430519862028255,35.85571976550597,37.13213758519638,4525961
64,2010-04-09,36.35303497314453,36.94980193793353,36.236998388677605,36.86691769972336,2218499
65,2010-04-12,35.955196380615234,36.63484768382162,35.839159779039974,36.17069678076219,854787
66,2010-04-13,35.72311782836914,36.203845989463986,35.6070789884867,35.64023358513282,1196945
67,2010-04-15,35.68996047973633,36.10438166396267,35.573923897180244,35.97176778436177,1834504
68,2010-04-16,35.77284622192383,35.872307759999316,35.507618451561086,35.57392539415177,3410045
69,2010-04-19,35.65681457519531,35.77285117871265,35.30870026788486,35.60708267507712,1997149
70,2010-04-20,35.7894287109375,36.08781336844478,35.32527554871927,35.64023750637349,2663183
71,2010-04-21,36.485652923583984,36.866919539020685,35.772847090387195,35.80600168667689,4408329
72,2010-04-22,36.0214958190918,37.016106616834875,35.6733838385847,36.369610047977616,3257926
73,2010-04-23,36.35303497314453,36.46907380599031,35.938613782093675,36.13753685314963,1225052
74,2010-04-26,36.6016845703125,36.916646447388096,36.36960917276627,36.46907069982284,1204934
75,2010-04-27,37.529991149902344,38.010719276010946,36.50222795759753,36.55195760056852,11718037
76,2010-04-28,38.09360885620117,39.950216929333536,35.83915908674221,37.297920966789675,8993805
77,2010-04-29,36.61826705932617,37.76206916174116,36.33646198247612,37.76206916174116,5294606
78,2010-04-30,36.485652923583984,36.96638107951082,36.402768681238705,36.96638107951082,1318467
79,2010-05-03,36.253570556640625,36.45249135117331,36.17068633015737,36.45249135117331,1557313
80,2010-05-04,35.64023208618164,36.452497186059645,35.52419325117954,36.27015140893302,1045708
81,2010-05-05,35.557342529296875,35.70653368886221,35.20922832472539,35.47445830194074,1404451
82,2010-05-06,35.391578674316406,35.64023138870143,34.94400288907183,35.30869443618807,1322298
83,2010-05-07,35.14292907714844,35.391581813589234,34.827967145620185,34.97716058618791,5243780
84,2010-05-10,35.83915328979492,36.021496809022615,35.209231751552444,35.2423840966944,1121466
85,2010-05-11,35.391578674316406,36.10438222286859,35.29211713888663,36.10438222286859,838559
86,2010-05-12,35.42473220825195,35.68995996361826,35.17607725293316,35.67338491519195,1266616
87,2010-05-13,35.92204284667969,36.004927094381145,35.30869851433726,35.64023550514309,1612426
88,2010-05-14,35.22581100463867,35.93861456951219,34.97715828456016,35.557347964743364,1711958
89,2010-05-17,34.36381912231445,35.109777393547795,34.164896017300535,34.81139498440616,1851642
90,2010-05-18,34.4798583984375,34.794818111595056,34.18147373725197,34.794818111595056,1361316
91,2010-05-19,34.04885482788086,34.47985333178501,33.84993174965465,34.47985333178501,2450689
92,2010-05-20,34.513004302978516,34.67877277876377,33.568125340029866,33.89966229160038,2116627
93,2010-05-21,34.26435089111328,34.54615819355751,33.269740056668425,33.534970062196145,1432024
94,2010-05-24,34.0654296875,34.496425912175866,33.84992932678329,34.34723473837431,3809046
95,2010-05-25,33.452083587646484,33.89965933255,33.17027630405855,33.81677510189221,2621138
96,2010-05-26,34.214637756347656,34.47986788984149,33.94940762285382,34.11517617523998,1674436
97,2010-05-27,33.60126876831055,34.64561123761423,33.220002274544946,34.64561123761423,4522469
98,2010-05-28,34.164894104003906,34.44670144559536,33.60128166920011,33.60128166920011,1223573
99,2010-05-31,34.247779846191406,34.36381869741127,33.866513189404806,34.23120479462789,3962642
100,2010-06-01,34.49642562866211,34.81138751878422,34.09858175233479,34.81138751878422,2173677
101,2010-06-02,34.61246109008789,34.695345316610705,34.14831032091158,34.61246109008789,1067731
102,2010-06-03,35.01031494140625,35.12635379107914,34.61247098998076,34.778239490439645,855327
103,2010-06-04,35.06005096435547,35.19266488096903,34.74508897773422,35.142935224333804,730766
104,2010-06-07,34.629051208496094,34.79481972292718,33.816785937459635,34.61247390737711,1110289
105,2010-06-08,34.164894104003906,34.8113930349044,34.0322802070074,34.62904724024988,1369731
106,2010-06-09,33.965972900390625,34.43012378336373,33.86651135450236,34.16489374378806,2036943
107,2010-06-10,33.800209045410156,34.38039885294076,33.65101783029245,34.08201417432595,2079894
108,2010-06-11,33.617855072021484,34.14831509528399,33.551548131208385,33.982546619061814,1791437
109,2010-06-14,34.164894104003906,34.264355650940836,33.717320515356384,34.13174175394434,1700881
110,2010-06-15,34.247779846191406,34.314089045962305,33.98255204062467,34.181472894799725,1047592
111,2010-06-16,34.032283782958984,34.54616662248025,33.94939952653231,34.24778195031661,1289944
112,2010-06-17,34.09858703613281,34.26435553098767,33.899666191334454,34.032280087866695,662067
113,2010-06-18,34.09858703613281,34.44670132500383,33.78362734558441,34.01570278870538,1111519
114,2010-06-21,34.28092956542969,34.396968400128856,34.098583788779095,34.21462262347826,1131800
115,2010-06-22,34.01569366455078,34.39696244947528,33.849925214160606,34.314078224280195,1139377
116,2010-06-23,33.916236877441406,34.09858264799152,33.78362299797522,33.81677759203118,1355354
117,2010-06-24,33.634437561035156,34.082011166893906,33.48524635908224,33.84993571403612,2329371
118,2010-06-25,33.60126876831055,33.88307600170477,33.45207762937523,33.51838455241557,1672844
119,2010-06-28,34.231204986572266,34.396973490170595,33.61786062390675,33.61786062390675,2401306
120,2010-06-29,33.99913024902344,34.72851352719319,33.84993903244487,34.39697649107219,1542276
121,2010-06-30,34.513004302978516,34.64562043263403,33.68416192405223,33.81677805370775,2708253
122,2010-07-01,34.231204986572266,34.49643279362621,33.982552231174765,34.38039619013492,1450319
123,2010-07-02,34.330657958984375,34.56273561992712,34.18146678293461,34.34723525596297,1534161
124,2010-07-05,33.84992980957031,34.44669676166672,33.15370357244017,34.148314409807924,1409644
125,2010-07-06,33.83335494995117,33.96597108684779,33.7504707075329,33.84993224811062,765539
126,2010-07-07,34.04885482788086,34.7450811049147,33.99912293413484,34.14831636699396,4099698
127,2010-07-08,33.81678009033203,34.47985403340686,33.767048195574034,34.47985403340686,2147848
128,2010-07-09,33.800209045410156,34.04886182006613,33.70074748587189,33.98255486316708,2076435
129,2010-07-12,33.468658447265625,33.98254108961406,33.38577422264099,33.86650227578817,4188571
130,2010-07-13,33.485233306884766,33.63442445068452,33.2365806510924,33.418924133304145,3777184
131,2010-07-14,33.385780334472656,33.81677883109802,33.302896094674665,33.78362423582726,2928502
132,2010-07-15,33.402366638183594,33.70074908255585,33.33605742976353,33.65101942462031,3552196
133,2010-07-16,33.26974105834961,33.634432607977665,33.15370447319805,33.634432607977665,1309829
134,2010-07-19,33.1702766418457,33.617852391307075,32.85531701181447,32.85531701181447,3056097
135,2010-07-20,33.10396957397461,33.36919956339585,33.05423993462379,33.31946992404504,2241425
136,2010-07-21,33.120548248291016,33.26973942093115,33.021086717071334,33.26973942093115,1373142
137,2010-07-22,33.634437561035156,34.048858815559484,33.15370935546278,33.385784808320565,5819774
138,2010-07-23,33.485233306884766,33.94938403167918,33.35261720810185,33.94938403167918,1826820
139,2010-07-26,33.485233306884766,33.63442445068452,33.153696432494954,33.485233306884766,1879489
140,2010-07-27,33.53496551513672,33.750463600695184,33.203428615275385,33.203428615275385,2785906
141,2010-07-28,33.568119049072266,34.01569250078599,33.40235060435346,33.65100327143167,3199899
142,2010-07-29,33.26974105834961,33.80020108537608,33.07082023449884,33.22001141448163,2312762
143,2010-07-30,33.286312103271484,33.55154206696398,33.203427880141234,33.319466691874965,1285466
144,2010-08-02,33.33604049682617,33.61784774432981,33.25315627678138,33.48523389160949,778568
145,2010-08-03,33.120548248291016,33.41893059357129,33.05424131027082,33.41893059357129,1708893
146,2010-08-04,33.203433990478516,33.31947282356656,32.706128560179245,33.31947282356656,1886451
147,2010-08-05,32.75586700439453,33.4189410896087,32.656405441936506,33.004519786349846,1508701
148,2010-08-06,33.004512786865234,33.56812743847138,32.82216700242672,32.90505124550068,3922176
149,2010-08-09,33.86649703979492,33.94938125160508,33.352614476896264,33.40234635300925,3155186
150,2010-08-10,33.65100860595703,34.1317367221733,33.50181518335648,34.1317367221733,2033594
151,2010-08-11,33.203433990478516,33.684162123425374,33.15370434680013,33.48524130033298,1383082
152,2010-08-12,33.0708122253418,33.22000336919318,32.98792575833733,33.02108034513912,746648
153,2010-08-13,33.78363037109375,33.88309192658981,33.03767207744224,33.269747541346845,2838836
154,2010-08-16,34.91085433959961,35.64023756013139,33.949397910177524,33.949397910177524,10437835
155,2010-08-17,34.8113899230957,35.57392538360991,34.67877378957472,35.292118067209366,4272775
156,2010-08-18,34.463279724121094,35.22581527446691,34.03228117406657,35.02689217494046,2042150
157,2010-08-19,34.595890045166016,35.14292738807089,34.19804613565816,35.14292738807089,2150678
158,2010-08-20,34.214637756347656,34.84455735606312,34.14833078506917,34.645636442227655,1350531
159,2010-08-23,34.595890045166016,34.778235826134306,33.916238815218165,34.38039191662645,1558660
160,2010-08-24,34.164894104003906,34.79481573568506,33.999125608568725,34.79481573568506,1419761
161,2010-08-25,34.164894104003906,34.47985604403404,33.932818660070474,33.982550557728494,1708531
162,2010-08-26,34.960575103759766,35.20922778199534,34.148310137865934,34.44669245239721,6819779
163,2010-08-27,34.595890045166016,35.308695871064074,34.38039191662645,35.10977279212067,3318728
164,2010-08-30,36.05465316772461,36.30330588616743,34.8113895755105,34.94400345932846,12599675
165,2010-08-31,36.07123565673828,36.71773236805889,35.64023709973147,36.104388008274675,7251681
166,2010-09-01,35.8723030090332,36.369608385168064,35.573920682703736,36.0712260588386,4105554
167,2010-09-02,35.67338562011719,36.17069104382421,35.49103984841552,36.17069104382421,2077611
168,2010-09-03,35.805999755859375,36.170691301864416,35.739692815234505,35.93861363710911,2025354
169,2010-09-06,35.82258987426758,36.07124267688956,35.47447550092088,35.47447550092088,1657041
170,2010-09-07,35.70545959472656,36.30780130209817,35.55487473522923,36.30780130209817,2364772
171,2010-09-08,35.63853454589844,35.83931587882529,35.387559014431055,35.70546090041328,2119627
172,2010-09-09,34.96927261352539,35.805857865582674,34.852149770484274,35.77239354774729,4325702
173,2010-09-13,35.320621490478516,35.63852556573792,35.086378174009816,35.40427997988746,2223035
174,2010-09-14,35.1533088684082,35.58833352112613,34.98599186885377,35.170041022240056,2096762
175,2010-09-15,35.755645751953125,35.906230568034715,35.153301948863536,35.153301948863536,3700295
176,2010-09-16,35.354087829589844,36.10701427762187,35.23696502992099,35.772380300718744,1645185
177,2010-09-17,35.22024154663086,35.62180193800781,35.13658303720307,35.554875584342035,3999245
178,2010-09-20,35.354087829589844,35.55486912348447,35.270429335364064,35.404282018372555,1658444
179,2010-09-21,35.354087829589844,35.80584460616182,35.23696502992099,35.655257501049896,4168036
180,2010-09-22,35.42102813720703,35.73893235611658,35.2369789234654,35.38756608795215,2530696
181,2010-09-23,35.1533088684082,35.554871482844476,35.03618833034933,35.337358021794486,1296047
182,2010-09-24,35.320621490478516,35.40427997988746,34.95252549870821,35.15330451166062,2212027
183,2010-09-27,35.42102813720703,35.83932304264681,35.2369789234654,35.83932304264681,1731020
184,2010-09-28,35.77237319946289,35.85603167708143,35.33734866197017,35.47120358778871,3076594
185,2010-09-29,36.35798263549805,36.960324129763706,35.839301888445696,35.839301888445696,11684464
186,2010-09-30,35.63853454589844,36.742827338231415,35.52141172346072,36.408193296274895,5236368
187,2010-10-01,36.307796478271484,36.55877196721672,35.77238119410221,35.77238119410221,3875195
188,2010-10-04,36.70935821533203,36.97706586768924,36.09028668047439,36.55877337006299,4550532
189,2010-10-05,37.445560455322266,37.679806118905866,36.67590391285908,36.70936595809779,10282420
190,2010-10-06,37.395355224609375,38.031158859849526,37.127647594736,37.64633070210657,5975746
191,2010-10-07,36.558773040771484,37.612869217542396,36.27433323719482,37.39535802848872,5825104
192,2010-10-08,36.64244079589844,37.04400123756568,36.35800092046858,36.64244079589844,2872678
193,2010-10-11,36.77628707885742,37.39536092548019,36.642434378206,37.34516673008145,2923343
194,2010-10-12,36.625701904296875,36.85994526308788,36.20740938167645,36.809751068126296,1328063
195,2010-10-13,36.75954818725586,37.1443763093828,36.575499066915384,36.742816036428245,2785869
196,2010-10-14,35.78911209106445,37.07745379684938,35.47121027010172,36.943598845814314,6206210
197,2010-10-15,35.72218704223633,36.29106436391033,35.370820903461166,35.805845538640796,3825540
198,2010-10-18,35.72218704223633,36.3747228603148,35.40428294039378,36.274332210753045,2661071
199,2010-10-19,35.253700256347656,35.97316473104729,35.06965109912765,35.872774075347095,2506333
200,2010-10-20,34.885589599609375,35.554857331447934,34.71827266664974,35.40427027627934,1611212
201,2010-10-21,35.33735275268555,35.80584164321138,35.20350008075343,35.57159606325761,5077785
202,2010-10-22,35.77237319946289,36.408178990992695,35.37081296077017,35.78910534886289,7613777
203,2010-10-25,34.71828079223633,36.107010753072046,34.58442585291206,35.83930541318686,4373958
204,2010-10-26,34.19960403442383,34.93579839369514,34.065749070404074,34.80194569905748,3559839
205,2010-10-27,34.082489013671875,34.550978090734716,33.99883049305879,34.417123096124214,4326267
206,2010-10-28,33.446678161621094,34.36692169568227,33.19570265233168,34.36692169568227,12789477
207,2010-10-29,33.59725570678711,34.13267091791846,33.46340303869509,33.49686507102727,2557085
208,2010-11-01,33.68092346191406,34.0322896490915,33.56380064306082,33.731117658918436,3644082
209,2010-11-02,33.49687194824219,33.61399475890532,32.81087177731978,33.463409909039946,8722079
210,2010-11-03,33.61399841308594,33.66419261203698,33.14550938888603,33.46341354685047,5792586
211,2010-11-04,33.965354919433594,34.91906031297141,33.46340399566157,33.73110933950129,7578044
212,2010-11-08,32.91126251220703,33.26262867565258,32.22526233964803,32.54316419442939,23828591
213,2010-11-09,34.735015869140625,35.13657847779211,32.927993207736996,33.02838385989987,37552410
214,2010-11-10,34.1326789855957,35.22023954639195,34.015556171295536,34.80194702300878,23142609
215,2010-11-11,33.881690979003906,34.701543568669585,33.731103910603366,34.13266640049634,9305659
216,2010-11-12,33.31283187866211,34.115955079366884,33.12878266999751,33.74785666203769,8655373
217,2010-11-15,33.86497116088867,34.400384226725556,33.46341079416546,33.46341079416546,6781511
218,2010-11-16,33.51361083984375,34.04902626853643,33.42995232094693,34.04902626853643,5839719
219,2010-11-18,33.9318962097168,34.2163360211575,33.27936035513281,33.83150555453878,11698558
220,2010-11-19,34.09922409057617,34.550981048310426,33.563808605067635,33.63073724279331,13151040
221,2010-11-22,33.948631286621094,34.0992161476617,33.02838769546128,33.79804642558049,16159489
222,2010-11-23,32.94472122192383,33.59725697492034,32.45950017566683,33.16223238312876,29650997
223,2010-11-24,32.49296951293945,32.87779770988895,32.12487120068874,32.292188202733236,29495589
224,2010-11-25,32.30891418457031,32.54315748880672,31.221353879046912,31.790231123444364,297127250
225,2010-11-26,32.27545928955078,32.37584767829358,31.2715572470656,32.04121366413185,108003635
226,2010-11-29,31.405406951904297,32.124869106031255,31.12096715922233,32.04121061046384,47311917
227,2010-11-30,31.773515701293945,31.823709907407604,30.71941694846302,31.154441722517877,56380039
228,2010-12-01,32.409305572509766,32.5431582439274,31.58945285396794,31.65637918967676,49377032
229,2010-12-02,33.1287727355957,33.16223704327524,32.30891989126756,32.593359698397464,69791050
230,2010-12-03,33.39647674560547,33.580525879000575,32.54315968668764,33.12876912152002,70133580
231,2010-12-06,33.36301803588867,33.563797071925876,33.061846077759824,33.463408688598285,35990183
232,2010-12-07,33.11204147338867,33.29608834982202,32.827601678093934,33.11204147338867,22324627
233,2010-12-08,32.74394989013672,33.045119630894874,32.559900706614556,32.861072716755125,8690959
234,2010-12-09,31.991016387939453,32.87779553228823,31.790235091031615,32.72721069429832,19659317
235,2010-12-10,32.15833282470703,32.275455624115175,31.656381860469644,31.92408949527263,12656908
236,2010-12-13,32.760677337646484,32.87779787804741,32.10814148021189,32.15833567332913,10228525
237,2010-12-14,32.47624206542969,32.96146098780193,32.37585139577761,32.79414396150927,12502825
238,2010-12-15,32.34238815307617,32.55989937143959,32.20853317537518,32.45950870550943,7532899
239,2010-12-16,32.15833282470703,32.37584400145714,31.907357342588337,32.35911411815474,10117565
240,2010-12-20,32.074676513671875,32.492969012338705,31.95755370629234,32.041212206025705,12117884
241,2010-12-21,32.50971221923828,32.82761417243312,32.09141957835485,32.12488162799583,13693395
242,2010-12-22,32.77740478515625,32.894525308739304,32.509697165080766,32.59335565451799,11598882
243,2010-12-23,32.543155670166016,32.82759541115994,32.49296148969957,32.64354630048043,4611659
244,2010-12-24,32.710479736328125,32.79413823486568,32.29218724364038,32.29218724364038,4676656
245,2010-12-27,32.35912322998047,32.72721934577555,32.24200039759235,32.62682867078325,5508784
246,2010-12-28,32.175071716308594,32.442779407181696,32.09141320474715,32.2921922708652,6071879
247,2010-12-29,32.02449035644531,32.292195807253044,31.957561724360765,32.14161092382804,10314957
248,2010-12-30,32.325660705566406,32.643562636163814,31.67312468604907,32.02449093329153,31947999
249,2010-12-31,32.894535064697266,32.96146142221991,32.37585182247751,32.42604829265632,12208677
250,2011-01-03,32.894535064697266,33.04511993646883,32.74395019292571,32.94473153487608,5686478
251,2011-01-04,32.92799377441406,33.09531077443763,32.710480312754186,32.944725928292826,9878712
252,2011-01-05,32.82760238647461,33.078577880897974,32.69374969720162,32.927993038120356,6557909
253,2011-01-06,33.1287727355957,33.37975050442813,32.72721239035152,32.86106735168761,16916733
254,2011-01-07,32.74394989013672,33.42995015451075,32.509706506282335,33.12877814437018,15775814
255,2011-01-10,32.175071716308594,32.99492467573429,32.108145360935914,32.727216984861194,11747099
256,2011-01-11,32.14159393310547,32.79412959592482,31.857156474636223,32.392569362603794,8402847
257,2011-01-12,32.543155670166016,32.61008426996331,31.957546307610357,32.359108828868024,5356220
258,2011-01-13,32.3758430480957,32.61008864001424,32.275454673709845,32.526430148438145,5840003
259,2011-01-14,32.6602897644043,33.17897297622319,32.20853290618538,32.29219141553094,13619178
260,2011-01-17,32.710479736328125,32.79413823486568,32.00774971024192,32.29218724364038,10222664
261,2011-01-18,33.01164627075195,33.09530475554916,32.52642751280448,32.52642751280448,8525103
262,2011-01-19,32.760677337646484,33.1287733823978,32.59336033474622,32.743945183480044,8181638
263,2011-01-20,33.09531021118164,33.12877224898763,32.45950426028376,32.45950426028376,8113388
264,2011-01-21,33.07857894897461,33.1287731417272,32.760677099649996,32.877797639200075,7263505
265,2011-01-24,32.97819519042969,33.21243858789649,32.760683950506774,32.84434246884367,10580288
266,2011-01-25,32.92799377441406,33.27935992833997,32.81087096664474,33.12877281281311,5774233
267,2011-01-27,33.061859130859375,33.29610256674174,31.171177214129624,32.89454206674584,21308494
268,2011-01-28,32.30891418457031,33.06184054993267,31.85715972698189,32.96144991400803,12161301
269,2011-01-31,32.30891418457031,32.92798788162091,31.85715972698189,32.07467088033391,10372393
270,2011-02-01,32.007755279541016,32.660291227797735,31.957558810055172,32.459509888619166,5685819
271,2011-02-02,31.974279403686523,32.29218118460437,31.57271913992811,32.14159636936766,9759510
272,2011-02-03,33.01164627075195,33.11203690638493,31.80696318191951,31.957548000678155,8272335
273,2011-02-04,32.55989074707031,33.53033056817151,32.50969656209168,32.94472115297279,13585721
274,2011-02-07,32.72720718383789,32.96145049218315,32.29218260012146,32.57662236200035,10075695
275,2011-02-08,32.02449035644531,33.12878101448375,31.940831835722243,33.12878101448375,6969251
276,2011-02-09,32.09141159057617,32.52643628269079,31.70658109512075,32.45950766130219,15914271
277,2011-02-10,31.924091339111328,32.54316286913067,31.806968532938527,32.00774983798276,15041071
278,2011-02-11,32.42868423461914,32.798719625400885,32.21002478060679,32.46232257123283,16032113
279,2011-02-14,33.151947021484375,33.387424574398054,32.31095413155036,32.47915270953716,9448315
280,2011-02-15,33.21922302246094,33.38742158538977,32.89964620916396,33.13512374099652,6653191
281,2011-02-16,33.168758392333984,33.236037349120586,33.03420047876077,33.11829974507868,3070813
282,2011-02-17,33.168758392333984,33.28649827771449,33.05101850695347,33.168758392333984,2410838
283,2011-02-18,33.00056838989258,33.30332491436001,32.697811865425145,33.168766966005414,7982842
284,2011-02-21,33.286502838134766,33.30332086863162,32.6473469577479,32.6473469577479,9078739
285,2011-02-22,33.11830139160156,33.26967962223206,32.89964191950088,33.135119420630396,6311548
286,2011-02-23,33.50515365600586,33.72381310547808,33.13511599156885,33.13511599156885,28541975
287,2011-02-24,33.051029205322266,33.6397265414431,32.59689438900871,33.471525673023336,14267832
288,2011-02-25,33.3705940246582,33.589251181489004,32.44550219272449,33.151934586489034,31955636
289,2011-02-28,33.286502838134766,35.1198666387776,32.86600644893508,33.74063756966707,128195783
290,2011-03-01,33.47152328491211,33.67336248754363,32.96692755967249,33.47152328491211,22095525
291,2011-03-03,33.404239654541016,33.94247593230124,33.15194182709195,33.15194182709195,12055696
292,2011-03-04,33.303321838378906,33.6229009285475,33.18558421477798,33.40424143099325,5797710
293,2011-03-07,32.983741760253906,33.269680197429636,32.3277678952882,33.269680197429636,6845096
294,2011-03-08,32.95009994506836,33.26967668851667,32.19320657731993,32.96691797261418,8299919
295,2011-03-09,32.983741760253906,33.13511999350157,32.832363527006244,32.96692144959555,4984092
296,2011-03-10,33.10148239135742,33.269680939012595,32.73144467398052,32.96692218443,4963678
297,2011-03-11,32.983741760253906,33.168760614818275,32.79872290568954,32.79872290568954,6148250
298,2011-03-14,33.236045837402344,33.3369654390258,32.849190026074815,32.849190026074815,4743614
299,2011-03-15,32.8828239440918,33.05102249703336,32.64734642624139,32.91646456721566,7316083
300,2011-03-16,33.168758392333984,33.30331630590719,32.96691924063556,32.98373955016687,3548194
301,2011-03-17,33.08466339111328,33.15194235657313,32.89964452509453,32.89964452509453,4312518
302,2011-03-18,32.95009994506836,33.30331502494682,32.83236006421653,33.1351164987805,7614611
303,2011-03-21,32.76508331298828,33.00056080918583,32.71462238294252,32.89964123043298,3473055
304,2011-03-22,32.748268127441406,32.93328700388372,32.563249250999085,32.93328700388372,3536038
305,2011-03-23,32.78190612792969,33.084662605983766,32.66416623016486,32.74826550532864,5655111
306,2011-03-24,32.95009994506836,33.03419920815152,32.68098184693455,32.96691797261418,7807585
307,2011-03-25,33.01737594604492,33.101475201605865,32.815536820163324,33.034196253424774,8602591
308,2011-03-28,33.33694839477539,33.4378679448015,32.93327247600898,32.98373111035302,11509824
309,2011-03-29,33.57243728637695,33.75745614437167,33.219219881357716,33.336959776810396,8985339
310,2011-03-30,33.97611618041992,34.0938537964609,33.58925814712826,33.63971908086483,4832583
311,2011-03-31,34.27887725830078,34.59845408950308,33.740640914236494,33.97612074060159,15647437
312,2011-04-01,35.27123260498047,35.489892020054015,34.09384312506146,34.09384312506146,22114974
313,2011-04-04,35.62445831298828,36.078595274959326,35.05258374404083,35.05258374404083,10060811
314,2011-04-05,35.38898468017578,35.7422021023337,35.03576725801786,35.48990426955503,7752278
315,2011-04-06,35.338523864746094,35.960859433581085,35.20396593267638,35.32170583424157,5371783
316,2011-04-07,35.30488586425781,35.89358081510628,35.119866994866214,35.3385242069315,5888794
317,2011-04-08,35.288063049316406,35.47308190558486,34.85074637486518,35.33852170041745,3282029
318,2011-04-11,35.069393157958984,35.304870580087794,34.850733759216695,35.00211193906108,2761151
319,2011-04-13,35.40580368041992,35.59082025919955,34.665728239946084,34.68254855110937,5725109
320,2011-04-15,35.338523864746094,35.55718335603303,35.20396593267638,35.338523864746094,2726721
321,2011-04-18,35.05258560180664,35.7085594739343,34.934845707251434,35.32170373126226,3846832
322,2011-04-19,34.800296783447266,35.2376135717467,34.64891850939652,35.2376135717467,2130742
323,2011-04-20,35.069393157958984,35.237591642527846,34.68253527464783,35.237591642527846,3816903
324,2011-04-21,35.18714904785156,35.32170927436556,34.91803087616272,35.06941141615835,3804886
325,2011-04-25,35.170318603515625,35.4562570063212,34.985302052529235,34.985302052529235,1583736
326,2011-04-26,35.08622741699219,35.37216588560834,34.68255132349922,35.32170722942385,4390914
327,2011-04-27,35.10304641723633,35.32170590898597,34.901209518704654,35.15350735287344,2846797
328,2011-04-28,35.002113342285156,35.153493809536286,34.86755546177086,35.03575395308275,5158203
329,2011-04-29,35.170318603515625,35.48989762359427,34.867562173412004,35.002120079827286,3615042
330,2011-05-02,35.792659759521484,35.92721996872593,34.98530762965022,34.98530762965022,5731198
331,2011-05-03,34.98530197143555,35.82629458792789,34.85074178399368,35.658096064629426,3804669
332,2011-05-04,35.08622741699219,35.18714701070019,34.49753244859106,34.86757019840737,4044546
333,2011-05-05,34.26205825805664,35.08623083790743,33.908840786309376,34.98531351569898,5204752
334,2011-05-06,34.68254852294922,34.86756738291746,34.27887246205232,34.346151425312,2973311
335,2011-05-09,34.54799270629883,34.91802816749478,34.480713738930376,34.69937095321258,3424009
336,2011-05-10,34.43024826049805,34.884385222670325,34.312510653469474,34.49752721899132,1276536
337,2011-05-11,35.035762786865234,35.153502673005256,34.362968651981966,34.362968651981966,5173641
338,2011-05-12,34.11067581176758,35.03576788175876,34.043396844763286,35.03576788175876,2199955
339,2011-05-13,34.093849182128906,34.54798611759998,33.992929609653274,34.077028873159875,3389298
340,2011-05-16,34.2452278137207,34.379788005759345,34.077029284676314,34.177948858370655,2643860
341,2011-05-17,34.14431381225586,34.4807109027672,34.0938528798759,34.245231114338246,2042475
342,2011-05-18,34.093849182128906,34.61526507213757,34.0097499186223,34.245227400173086,3314783
343,2011-05-19,33.25286102294922,34.29569294333332,33.08466247329622,34.11067408244726,2532955
344,2011-05-20,33.97611618041992,34.17795307134968,33.08466249779562,33.185582083929916,1959647
345,2011-05-23,33.50515365600586,33.74063113276646,33.303314515160494,33.74063113276646,1694918
346,2011-05-24,33.236045837402344,34.110679343020045,33.10148788946386,33.62290393006906,9876185
347,2011-05-25,32.647342681884766,33.454697012211305,32.44550581030709,33.30331650685478,5753045
348,2011-05-26,32.14274597167969,32.933279965091934,31.95772713478123,32.79871977401191,4935316
349,2011-05-27,32.84918212890625,32.95010170626795,32.193208298063176,32.193208298063176,4500032
350,2011-05-30,33.303321838378906,33.387421118667696,32.68098853304523,32.96692471722373,8167114
351,2011-05-31,33.99293518066406,34.1106750814048,33.30332065062312,33.370601897525766,7467651
352,2011-06-01,33.85838317871094,34.06022239208653,33.58926498798991,33.824742549368565,1794961
353,2011-06-02,33.38742446899414,34.043400746143135,33.303325180266235,33.63972461651705,4461069
354,2011-06-03,33.97611618041992,34.27887265748397,33.38741897485967,33.38741897485967,5649415
355,2011-06-06,34.14431381225586,34.2284130848837,33.538798593067696,33.908834023826905,4910297
356,2011-06-07,34.12749099731445,34.2115902637714,33.925651845282346,34.0265714212984,6516069
357,2011-06-08,34.093849182128906,34.144310109035985,33.75745212810248,33.824731082640064,14162904
358,2011-06-09,34.14431381225586,34.26205142513157,33.94247464541355,33.976115267000196,6989160
359,2011-06-10,34.04339599609375,34.24523289207503,33.80791847677947,34.14431558475384,7661567
360,2011-06-13,34.49753189086914,34.648912419653264,33.82473765214492,33.97611818092904,2849421
361,2011-06-14,34.884395599365234,34.98531520779398,34.36297952359951,34.36297952359951,4458752
362,2011-06-15,34.2452278137207,34.9348422390704,34.09384959384846,34.90120390206466,2533103
363,2011-06-16,34.3125114440918,34.48070998486992,33.92565343149889,34.17795124266607,2472762
364,2011-06-17,34.54799270629883,34.64891229802098,34.16113465158705,34.1779549637639,2524363
365,2011-06-20,34.295692443847656,34.88438735905933,33.320139501265025,34.32933078448504,6194464
366,2011-06-21,34.093849182128906,34.46388685409338,33.77427243707151,34.245227400173086,5126564
367,2011-06-22,34.413429260253906,34.447069881450176,33.99293290199425,34.093852484244316,2408781
368,2011-06-23,34.3966064453125,34.58162299213395,34.24522595232995,34.329325212280956,3746535
369,2011-06-24,34.867576599121094,35.035775192397985,34.24524089146083,34.31252215384313,5675164
370,2011-06-27,36.44862747192383,36.78502449484986,34.39660471953973,34.39660471953973,29869389
371,2011-06-28,36.70093536376953,36.970051231280436,36.36453824804196,36.80185267341665,13872282
372,2011-06-29,37.037330627441406,37.171888554468275,36.63365228368314,36.76821249204884,13356359
373,2011-06-30,36.83549118041992,37.50828537320649,36.347715846917424,37.003689728616564,30432762
374,2011-07-01,37.087799072265625,37.255997666129154,36.801860550161855,37.00369977533386,23953730
375,2011-07-04,37.15506362915039,37.47464037715666,36.902765836302514,37.121425292240474,5307022
376,2011-07-05,36.8691291809082,37.121426985262794,36.33089295241627,37.003687097361855,10665833
377,2011-07-06,36.68411636352539,36.902773584031834,36.515917799646886,36.75139533280899,3270036
378,2011-07-07,36.98686981201172,37.10460970954065,36.48227416204004,36.83549157328798,5856910
379,2011-07-08,36.73456954956055,37.25598547620131,36.61683194118276,36.75138985971129,12625687
380,2011-07-11,36.33089065551758,36.60000875274945,35.7590138433979,36.51590948994815,2848918
381,2011-07-12,36.398170471191406,36.66728857479446,35.843113954759126,36.22997194160682,2954427
382,2011-07-13,37.07096862792969,37.44100634586201,36.39817443629916,36.43181505841621,3819442
383,2011-07-14,36.70093536376953,37.10461144637483,36.43181721491968,36.835493297524984,10479376
384,2011-07-15,37.087799072265625,37.74377313206549,36.448645328119994,36.448645328119994,8242815
385,2011-07-18,36.7850341796875,37.30644787743104,36.68411458997172,37.15506963352682,2085379
386,2011-07-19,36.953224182128906,37.12142269894384,36.532727890091586,36.56636622465154,2972184
387,2011-07-20,36.717750549316406,37.155067222143444,36.616833247489126,36.885949094146895,4177419
388,2011-07-21,36.33089065551758,36.83548623232541,36.04495224945774,36.667287706722796,3008285
389,2011-07-22,36.85231018066406,37.05414706251737,36.11223705119114,36.33089424353357,3369044
390,2011-07-25,36.49909591674805,36.835493030032765,36.09541983707417,36.80185240616873,7429567
391,2011-07-26,36.66728210449219,36.95322046686478,36.07858735482711,36.33088510468357,5770592
392,2011-07-27,36.044960021972656,36.71775426946033,35.826302804074764,36.54955570758841,7214188
393,2011-07-28,35.5067138671875,35.99449138645063,34.86756042181551,35.69173269021782,13905358
394,2011-07-29,35.3553466796875,36.21315983104564,34.43025455753126,34.985311199628455,9768024
395,2011-08-01,36.1458854675293,36.56638194028918,35.35535118620497,35.35535118620497,4672455
396,2011-08-02,36.31407165527344,36.431811539973445,35.91039563554834,36.12905281417568,3239197
397,2011-08-03,35.20397186279297,36.21316336733109,34.68255579584708,35.843125569798055,12800281
398,2011-08-04,35.15351104736328,35.96086328901724,34.91803121898664,35.523546540896696,6939466
399,2011-08-05,34.413429260253906,34.884386550307966,33.6901764365828,33.807916329431,12075758
400,2011-08-08,34.46388626098633,34.934841215983,33.10147775935801,33.15193640405819,13716718
401,2011-08-09,34.27887725830078,34.884392575038326,33.30332416985165,33.30332416985165,7228990
402,2011-08-10,34.833927154541016,35.11986560330174,34.32933150237891,34.49753005309962,5126905
403,2011-08-11,34.648921966552734,35.06941848161578,34.41344209304575,34.430262409916196,6299073
404,2011-08-12,34.850746154785156,35.18714324357119,34.64890927031679,34.90120708690632,6421148
405,2011-08-16,34.850746154785156,35.28806282647475,34.682547610392135,35.00212438847112,4242848
406,2011-08-17,34.69935989379883,35.22077571706134,34.54798169513248,34.54798169513248,7430913
407,2011-08-18,34.53117752075195,34.93485366623292,34.19478035262794,34.81711602619309,5110388
408,2011-08-19,33.99293518066406,34.49753084440052,33.4883395169276,33.63972004111966,5245806
409,2011-08-22,34.716190338134766,34.85074826927768,33.555620767675684,33.97611715417093,3059716
410,2011-08-23,34.04339599609375,35.119866285343946,33.97611703076665,34.76664886570308,2837432
411,2011-08-24,34.32933044433594,34.56481023315842,33.74063553495729,34.44707033874718,6888368
412,2011-08-25,33.53880310058594,34.48071553687575,33.303323280509176,34.32933500072952,13758009
413,2011-08-26,32.78190612792969,33.63971919086803,32.49596767983729,33.53879960440372,9286925
414,2011-08-29,33.62289810180664,33.690177064113605,32.630524852758406,32.697806096404165,6345123
415,2011-08-30,33.707008361816406,34.009764931550585,33.38742919434867,33.97612658010209,3821904
416,2011-09-02,33.42106628417969,35.32171164574711,33.08466911731883,34.716196289129705,8166250
417,2011-09-05,32.680992126464844,33.47152407929859,32.5296138615681,33.3537864427519,7422597
418,2011-09-06,32.49354934692383,33.02176154808331,32.118688478726966,33.02176154808331,14848826
419,2011-09-07,32.98768997192383,33.311432262267346,32.578752220380714,32.61283132929047,11526455
420,2011-09-08,32.7832145690918,33.328464006347616,32.49354914446503,33.26030811557492,7049237
421,2011-09-09,32.749149322509766,33.0388148696779,32.52764200602253,32.749149322509766,6782680
422,2011-09-12,32.15277099609375,32.61282735493685,31.8631055388852,32.39131779616722,5271294
423,2011-09-13,32.23796463012695,32.49355096817511,32.11869008127473,32.323160076143004,4033213
424,2011-09-14,32.35723876953125,32.493550557002294,31.88014289123389,32.391315560861834,4248247
425,2011-09-15,32.71506118774414,32.8513753004494,31.999420762571265,32.44243758448281,8283475
426,2011-09-16,33.958927154541016,34.16339723402184,32.62987626006628,32.85138589801641,6853575
427,2011-09-19,33.37958526611328,34.16338384893327,33.24327116284165,33.53293661010374,3721222
428,2011-09-20,33.66925048828125,34.04411140665973,33.31142912275171,33.31142912275171,4399666
429,2011-09-21,33.82260513305664,33.97595881254544,33.44774648927517,33.498862841721575,2182138
430,2011-09-22,32.80025863647461,33.549980524265834,32.61283047560154,33.532940970256995,3792171
431,2011-09-23,32.73210525512695,33.12400578324655,32.272051127866874,32.54467476872844,3612112
432,2011-09-26,32.45948791503906,32.86842810697743,32.220941010458695,32.73211393930614,1880644
433,2011-09-27,32.936580657958984,33.15808797998264,32.56171962414556,32.86842473664981,1273121
434,2011-09-28,33.17512893676758,33.26032441976478,32.680995597598866,32.98769841195865,4398260
435,2011-09-29,33.209197998046875,33.72037074123769,32.7661811583999,32.98768842268605,9460952
436,2011-09-30,33.54998016357422,33.77148743008358,33.05584465800383,33.05584465800383,6946805
437,2011-10-03,33.17512893676758,33.4477549445737,32.78323063941059,33.37959902039102,7517061
438,2011-10-04,32.66395568847656,33.41367546859644,32.57876020639305,32.98769805817886,2740436
439,2011-10-05,32.68098449707031,33.072882661313905,32.544670383930445,32.73210084507614,3503641
440,2011-10-07,33.14103317260742,33.68628491434318,32.885446851995205,33.02176094296625,4435678
441,2011-10-10,33.41366958618164,33.53294416453064,32.91953633930356,32.91953633930356,8326437
442,2011-10-11,33.63518524169922,33.75445753044269,33.22624507722053,33.56702700690252,5044978
443,2011-10-12,33.7714958190918,34.010042698683044,33.43071390222564,33.9759658936416,4905765
444,2011-10-13,33.856685638427734,34.0441161235861,33.498864223320844,33.77149017345347,3531871
445,2011-10-14,33.70333480834961,34.09523302913452,33.584060231028154,33.652216141894016,5039179
446,2011-10-17,33.345516204833984,33.80557268643001,33.158085700810595,33.66925854210613,1605713
447,2011-10-18,33.44773864746094,33.635169080946056,33.055838229978555,33.055838229978555,2025955
448,2011-10-19,34.061153411865234,34.24858388454922,33.5499806560406,33.73740881764984,5145909
449,2011-10-20,33.737403869628906,34.044108864786324,33.6351711823175,33.77148297278231,2881549
450,2011-10-21,33.737403869628906,34.11226476001873,33.48181752920159,33.6522084228198,2127672
451,2011-10-24,34.333770751953125,34.50416162792165,34.112261226549556,34.16337987598461,3334756
452,2011-10-25,35.407230377197266,35.69689577466568,34.28265019612595,34.350806080508505,7605862
453,2011-10-28,35.78209686279297,36.80444222332141,35.185728735818046,35.952487756214374,8504582
454,2011-10-31,35.73097610473633,35.98656242982276,35.23684300511741,35.78209475639817,4561310
455,2011-11-01,35.32204818725586,35.83322097839025,35.100540902194254,35.52651822813958,2155435
456,2011-11-02,35.134613037109375,35.424278504725805,34.896066228464754,35.10053624220277,2429706
457,2011-11-03,35.475399017333984,35.62875039010322,35.117577606822536,35.27093129066663,2676760
458,2011-11-04,35.39019775390625,35.78209821017724,35.23684640626738,35.78209821017724,2070811
459,2011-11-08,35.39019775390625,35.4413164105022,35.23684640626738,35.39019775390625,923114
460,2011-11-09,35.287967681884766,35.66282863832908,35.23685132922182,35.44132136202323,3342820
461,2011-11-11,35.935455322265625,36.037690340782675,35.10054024134694,35.27093116851708,7747315
462,2011-11-14,35.901371002197266,36.463662366900806,35.62874509607505,36.05472235218022,8136060
463,2011-11-15,35.304996490478516,36.00359952699155,35.185724266876946,35.45834781286574,2602442
464,2011-11-16,35.509464263916016,35.90136232033202,34.99829168020438,34.99829168020438,5559879
465,2011-11-17,35.15164566040039,35.90136504451783,35.03237112405424,35.270920196746545,4564324
466,2011-11-18,34.40192413330078,35.270917999632566,33.51589071839896,35.10052713608022,6971425
467,2011-11-21,33.754451751708984,34.418978249682795,33.5329444597677,33.907803131597184,5725408
468,2011-11-22,33.362552642822266,33.907802235919135,33.08992669073637,33.907802235919135,5742603
469,2011-11-23,32.39131164550781,33.294384639334666,32.084609005233986,33.17511010640924,4916261
470,2011-11-24,32.47652053833008,32.88545833184926,32.25501324090407,32.68099059062718,10127464
471,2011-11-25,32.85137939453125,33.124005342843006,32.306127497907745,32.59579300131552,7728058
472,2011-11-28,33.08992385864258,33.311431125774405,32.78322113321778,33.08992385864258,5436096
473,2011-11-29,32.44243621826172,33.32846751369753,32.37427800924208,33.19215571780725,5379923
474,2011-11-30,33.7714958190918,34.04412181479977,32.47652407278535,32.527642746960446,13613461
475,2011-12-01,34.07819747924805,34.759761243947004,33.90780422699826,34.07819747924805,4222484
476,2011-12-02,35.236846923828125,35.44131693106621,34.044110607446505,34.095226953718765,5707744
477,2011-12-05,34.981258392333984,35.25388428131917,34.70863250334879,34.82790705199056,2957969
478,2011-12-07,35.15164566040039,35.628739183636725,34.70862892535286,34.7767848128046,5975381
479,2011-12-08,33.873714447021484,35.23684145415044,33.737400359664086,35.08349012806326,5809203
480,2011-12-09,33.58406066894531,33.65221658069989,33.08992741988093,33.24327879909747,4296964
481,2011-12-12,32.91952896118164,33.87371844089011,32.612826272845616,33.737404337460646,8160604
482,2011-12-13,33.7714958190918,34.04412181479977,32.57875911006026,32.85138510576824,3981949
483,2011-12-14,32.83433151245117,33.90779316729095,32.71505696810262,33.72036504199222,5776327
484,2011-12-15,33.856685638427734,34.1974674983248,32.34020682410079,32.357246379310624,12973287
485,2011-12-16,33.43070602416992,34.52120743894632,32.91953326933023,33.82260421178379,12589918
486,2011-12-19,33.78853988647461,34.02708679790167,32.80027080902595,32.91954542027728,4820722
487,2011-12-20,33.2432746887207,33.89076154801785,32.97064876433637,33.89076154801785,6670657
488,2011-12-21,33.362552642822266,33.68629494982899,33.055847580072545,33.5670203735805,10259801
489,2011-12-22,34.29969024658203,34.418964779301284,33.226226385330996,33.311421819823586,3456402
490,2011-12-23,34.50416564941406,34.742712441358,33.92483475474022,34.24857930567246,3249611
491,2011-12-26,34.36785888671875,34.45305435282947,34.146351599260846,34.28266342060803,1273482
492,2011-12-27,33.72037124633789,34.35081625240523,33.106963483105694,34.33377900957009,4187065
493,2011-12-28,34.14635467529297,34.40194109664932,33.53294680182272,33.80557278015118,3375709
494,2011-12-29,34.07819747924805,34.248588420422784,33.80557151115345,34.07819747924805,2924882
495,2011-12-30,34.112266540527344,34.350813341829046,33.85668018675956,34.078189746669686,2087779
496,2012-01-02,34.07819747924805,34.16339294983542,33.58406190098126,33.95892289599571,1861469
497,2012-01-03,34.384891510009766,34.53824285587776,34.078188818273766,34.197461060138004,3372939
498,2012-01-04,34.589359283447266,34.8619828536156,33.85667708316551,34.3508101929385,3739279
499,2012-01-05,34.52120590209961,34.844950481278445,34.2996986426269,34.572324561952676,5389056
500,2012-01-06,33.99300003051758,34.52121006856129,33.686294967606,34.48713326895439,7340405
501,2012-01-09,34.55528259277344,34.691594387368916,33.771483996163255,33.771483996163255,2368495
502,2012-01-10,34.96421432495117,35.20276108034951,34.43600216659295,34.43600216659295,3215986
503,2012-01-11,34.14635467529297,34.998309413147446,34.04411964453541,34.998309413147446,4377469
504,2012-01-12,34.26561737060547,34.555282824909874,33.89075877741243,34.555282824909874,4082544
505,2012-01-13,34.742713928222656,34.82790937978258,34.24858077138997,34.28265756536922,5766505
506,2012-01-16,34.12930679321289,34.74271451705556,33.99299499283655,34.35081404659309,4899595
507,2012-01-17,34.24857711791992,34.50416344533502,34.11226302332063,34.24857711791992,10428799
508,2012-01-18,33.7714958190918,34.504178326999195,33.498869823383814,34.367864173607565,6295415
509,2012-01-19,34.061153411865234,34.48713070838576,33.77148792580138,33.92483929033382,8276461
510,2012-01-20,34.572322845458984,34.8279091988107,34.044110586317196,34.0781896911939,6881600
511,2012-01-23,34.41897201538086,35.18573108701389,34.2996974575859,34.75975382499554,18551268
512,2012-01-24,34.26561737060547,34.589361929324916,34.09522647067922,34.350812820568585,10219894
513,2012-01-25,34.36785888671875,34.589368485251576,33.92484200072803,34.45305435282947,13171474
514,2012-01-27,35.15164566040039,35.76505326961435,34.470082163734695,34.58935670008084,9816649
515,2012-01-30,34.67456817626953,35.2709365117088,34.50417722328689,34.75976365276086,4243234
516,2012-01-31,35.475399017333984,35.71394585398333,34.623444378532845,34.759758507385946,10322025
517,2012-02-01,35.083499908447266,35.5776331240684,34.981264892197245,35.5776331240684,10757718
518,2012-02-02,35.81618118286133,36.13992348619294,34.98126609182458,35.16869657619811,11556658
519,2012-02-03,36.446624755859375,36.90668114138878,35.901372914570786,35.9695288169632,11926606
520,2012-02-06,37.14522171020508,37.31561259307621,36.24214864434349,36.702204952525264,9084488
521,2012-02-07,36.7192497253418,37.571204260864846,36.41254701698333,37.31561790020793,6079363
522,2012-02-08,36.70220947265625,37.74159444839249,36.173997208487876,37.00891448624169,11508450
523,2012-02-09,37.07706832885742,37.65639690761668,36.77036333228529,37.50304556486782,11499785
524,2012-02-10,36.582942962646484,37.23042757439204,36.12288652567076,36.59998020684381,8590813
525,2012-02-13,37.647308349609375,37.93914881561044,36.51428380830149,36.51428380830149,15608851
526,2012-02-14,37.56145095825195,37.85329125150117,37.338280612891694,37.59578593219643,5735198
527,2012-02-15,38.007808685302734,38.83182742300467,37.52713283463033,37.59580048066536,15930040
528,2012-02-16,38.007808685302734,38.539987016821804,37.50996534101478,37.87047339323267,3862429
529,2012-02-17,38.35113525390625,38.96914849963265,38.11079741624218,38.45413784959837,8544515
530,2012-02-21,37.956302642822266,38.45414590985489,37.85330002554008,38.29964314814501,6934289
531,2012-02-22,37.75029754638672,38.69448393947906,37.66446241974196,37.88763514607443,5872252
532,2012-02-23,38.67731857299805,39.17516419762562,37.630131833151815,37.630131833151815,18016976
533,2012-02-24,39.24382019042969,39.55283031543529,38.728811852983846,38.81464696396256,10958004
534,2012-02-27,38.299644470214844,39.48416878878169,38.145141703171674,39.48416878878169,11266052
535,2012-02-28,38.385467529296875,38.93481078698045,38.02495963393899,38.454135145454046,9416477
536,2012-02-29,38.797481536865234,39.10648702143129,38.454141074713384,38.539976190251345,7991077
537,2012-03-01,38.62581253051758,39.00348798223037,38.282472057479254,38.40264215441331,2777389
538,2012-03-02,38.53998565673828,38.797491066602625,38.2138126032622,38.5743206427577,3172662
539,2012-03-05,37.87046432495117,38.57431276723121,37.47562138004938,38.41980769011546,3649302
540,2012-03-06,38.12797927856445,38.38548470066601,37.63013592818689,37.8704738564629,4557989
541,2012-03-07,37.28678894042969,37.870467330933074,36.668775568191535,37.76746471415558,15488701
542,2012-03-09,37.818965911865234,38.02497115115897,37.45846023574151,37.45846023574151,3852720
543,2012-03-12,38.059303283691406,38.40264377118454,37.71596279619827,38.11080342544469,5124092
544,2012-03-13,38.23097229003906,38.50564280840211,37.767461715554816,38.23097229003906,9731037
545,2012-03-14,38.660152435302734,38.93482298599088,38.29964442699093,38.5399823230565,4398722
546,2012-03-15,37.88764572143555,38.90050003287054,37.68164042861632,38.557159430456814,4513645
547,2012-03-16,37.012115478515625,38.4541451050039,36.823277738855154,37.939134357799034,3682825
548,2012-03-19,37.0292854309082,37.23528834642968,36.18809929180799,37.149453216188995,3294232
549,2012-03-20,36.891944885253906,37.3554554829835,36.56577188202003,37.029282479749625,3413743
550,2012-03-21,37.33827590942383,37.561446226671535,36.634427659635406,36.874765461692775,3430274
551,2012-03-22,36.47992706298828,37.32111058305125,36.15375181801849,37.08077276709413,3948023
552,2012-03-23,36.97777557373047,37.14944579994082,36.29109466888906,36.60010014469711,3647743
553,2012-03-26,36.37693405151367,36.90911228091221,36.13659617229629,36.73744203455311,4778733
554,2012-03-27,36.308265686035156,36.788941434770955,35.982090361792984,36.73744129327308,5834802
555,2012-03-28,36.46276092529297,36.703098750135894,36.13658799668998,36.47992841173022,4875221
556,2012-03-29,36.325439453125,36.5657797128565,36.050768862164276,36.462777077032605,12199593
557,2012-03-30,37.13227844238281,37.54428884947958,36.32542744498253,36.32542744498253,8544753
558,2012-04-02,37.28678894042969,37.54429431816001,36.96061359922982,37.11511868860946,8676278
559,2012-04-03,37.801788330078125,37.93912355887118,37.25244275805368,37.475613086948925,3566758
560,2012-04-04,38.059303283691406,38.21380603737798,37.509957572331714,37.78463042801156,3850338
561,2012-04-09,37.664459228515625,38.059302174683445,37.269618610774444,37.80179681656703,4475284
562,2012-04-10,37.904788970947266,38.21379673149708,37.458448308641096,37.66445115391484,4598397
563,2012-04-11,38.35113525390625,38.45413784959837,37.441284036882884,37.441284036882884,4023851
564,2012-04-12,38.368316650390625,39.07216293118533,38.145146219176766,38.33398166323749,5102969
565,2012-04-13,38.45413589477539,38.90047890113377,37.95629275740213,38.45413589477539,6602489
566,2012-04-16,38.40264129638672,38.71164678384649,38.19663608579584,38.4369739458675,4350870
567,2012-04-17,39.00349044799805,39.10649073367985,38.1108042302929,38.16230437313381,9477019
568,2012-04-18,39.08933639526367,39.57001228963058,38.866163614828935,39.03783390973532,4441325
569,2012-04-19,39.36399459838867,39.48416469832121,38.90048634527746,38.969153975913194,2496045
570,2012-04-20,39.08933639526367,39.60434727998281,38.90049860518117,39.209506533069096,2778756
571,2012-04-23,38.02495574951172,39.31248215253005,37.83611807805051,38.95197429399973,3854809
572,2012-04-24,37.76747512817383,38.28248602564379,37.509969679438846,38.145150717689454,3169871
573,2012-04-25,37.23528289794922,37.921963839395566,36.977777544906836,37.69879346479614,3380361
574,2012-04-26,37.115108489990234,38.04212712940463,36.82326821071803,37.544284001610436,4377198
575,2012-04-27,37.1666259765625,37.767471973421564,36.99495569174562,37.14945848239536,1965594
576,2012-04-30,38.196632385253906,38.47130519662222,37.11511095549744,37.11511095549744,3199398
577,2012-05-02,37.630130767822266,38.402646928188815,37.45846050996303,38.04213892099905,3811572
578,2012-05-03,37.303951263427734,37.59579160067899,37.132281024674434,37.42412136192569,1452253
579,2012-05-04,36.651615142822266,37.286796128374526,36.42844237537787,37.115125843460646,5666533
580,2012-05-07,36.325439453125,36.737449996420565,35.43275537564816,36.53144472477278,4565509
581,2012-05-08,36.308265686035156,36.788941434770955,36.067925483240565,36.32543084758332,2959419
582,2012-05-09,35.79324722290039,36.47992804609839,35.62157701710089,36.067917689438644,2412310
583,2012-05-10,35.192413330078125,36.17093243494053,35.02074306658364,35.758924268239156,3946438
584,2012-05-11,34.79756164550781,35.36407477075917,34.40272106934816,35.192404550093855,3389145
585,2012-05-14,34.76322937011719,34.95206475212694,34.40272143718023,34.67739425886679,2233766
586,2012-05-15,35.329742431640625,35.48424517608347,34.36838865849123,34.71172912544269,3494080
587,2012-05-16,35.89624786376953,36.15375317519568,34.67739125242671,35.12373192949107,4435353
588,2012-05-17,35.96493148803711,36.668780072647344,35.65592359974557,36.05076662449136,4208594
589,2012-05-18,36.0850944519043,36.44560244244233,35.20957571157674,35.65591882707969,4935351
590,2012-05-21,35.69026184082031,36.35977550054085,35.44992390251388,36.01643492340956,1491370
591,2012-05-22,35.60441970825195,35.896257744476415,35.3984144710361,35.827590108213414,2362045
592,2012-05-23,35.57007598876953,36.0335864944389,35.10656781152643,35.673078582076755,3087547
593,2012-05-24,36.17092514038086,36.32542788068207,35.17523874428284,35.84475217120575,2135683
594,2012-05-25,35.74175262451172,36.05076045996423,35.621584851080215,35.879090216410624,1446600
595,2012-05-28,36.53142547607422,36.85760070572343,35.53573928740846,35.53573928740846,890739
596,2012-05-29,36.85761260986328,37.1666181258918,36.32543204523027,36.97778038679581,5201353
597,2012-05-30,36.428436279296875,36.960614539158506,36.20526587762597,36.823279265580545,4048557
598,2012-05-31,36.44559860229492,36.737438927796155,36.067923160872915,36.10225813861184,8033660
599,2012-06-01,35.587249755859375,36.3597658493512,35.36407937133241,36.22243058632333,3787828
600,2012-06-04,35.724586486816406,35.86192408391419,35.05507297729841,35.36408082444834,3267896
601,2012-06-05,36.37693405151367,36.806109667411405,35.879090802757645,36.016426068474225,12393979
602,2012-06-06,37.647308349609375,38.14515412436738,36.394115985216324,36.394115985216324,9494285
603,2012-06-07,37.09794998168945,38.024968845446054,36.90911224519186,37.64729337245086,4231838
604,2012-06-08,36.73745346069336,37.25246435995014,36.30827771131271,37.012126405982464,3997879
605,2012-06-11,36.82326889038086,37.25244440992253,36.73743378647252,37.080774202105864,2205393
606,2012-06-12,36.960609436035156,37.13227966851866,36.411263760717304,36.703104087309896,3376544
607,2012-06-13,36.94343185424805,37.16660215007071,36.61725665945617,36.909096887924974,2496726
608,2012-06-14,36.29109191894531,37.1151103393712,36.05075408614762,36.75460242596152,6671985
609,2012-06-15,36.41126251220703,36.65160269218413,36.20525963734641,36.46276497724204,10286920
610,2012-06-18,36.75460433959961,36.909107073840474,36.291093808450604,36.565766629560144,3027005
611,2012-06-19,37.33827590942383,37.73311641791622,36.600092690016076,36.75459772487709,9746993
612,2012-06-20,37.218116760253906,37.73312748504059,37.080781498348124,37.20095159883569,8882639
613,2012-06-21,37.6816291809082,37.73312932452683,36.70310782474001,36.90911305606809,4083003
614,2012-06-22,37.784637451171875,38.00780787815319,37.33829426878212,37.42412940660987,7332263
615,2012-06-25,37.0292854309082,37.92196938835512,36.8232801869598,37.64729650589956,5097127
616,2012-06-26,37.71596145629883,37.76746159622252,36.84044277860972,36.84044277860972,1992235
617,2012-06-27,37.69879150390625,38.24813483143347,37.45845365258644,37.767459128793845,5727518
618,2012-06-28,37.664459228515625,38.04213468512369,37.32111875102707,37.76746183744752,3083553
619,2012-06-29,38.986324310302734,39.34683230797802,37.87046766366726,37.88763515468548,7486892
620,2012-07-02,38.660152435302734,39.12366306433604,38.55714981458124,39.00349295208981,2634447
621,2012-07-03,38.33396911621094,38.96914987165379,38.14513373395761,38.90048224825018,4091332
622,2012-07-04,38.797481536865234,38.93481679035536,38.213803216892394,38.385473447968316,3061761
623,2012-07-05,39.24382019042969,39.41549041238711,38.62580925412412,38.797479476081534,2830305
624,2012-07-06,38.797481536865234,39.31249223009301,38.471308563506284,39.140821999017085,3797719
625,2012-07-09,38.728816986083984,38.797484618282844,38.488479109174605,38.74598447624037,2397364
626,2012-07-10,38.848976135253906,39.05498131454088,38.368300488152556,38.4198006187612,3199920
627,2012-07-11,39.02064895629883,39.31248925843813,38.69447600759548,38.69447600759548,2903254
628,2012-07-12,38.608646392822266,39.00348934769527,38.488478620107884,39.00348934769527,2728401
629,2012-07-13,38.4713020324707,38.79747495045729,38.36829944562596,38.66013972028172,1672753
630,2012-07-16,38.67731857299805,38.86615632767468,38.145142621309745,38.368313031474074,3148848
631,2012-07-17,38.53998565673828,38.81465855961233,38.41981553409742,38.728823422990885,2407572
632,2012-07-18,38.17947006225586,38.64298063966264,38.02496731259581,38.48847789000259,2516255
633,2012-07-19,38.45413589477539,38.728808693182565,38.28246568682418,38.43696840829503,2171498
634,2012-07-20,38.196632385253906,38.62580792538366,38.042129656492456,38.21379987254436,1581366
635,2012-07-23,37.52712631225586,38.11080469474862,37.44129118752379,37.990634588753004,2728477
636,2012-07-24,38.0936393737793,38.5743174967125,37.389790845202505,37.47562597482341,8366909
637,2012-07-25,38.02495574951172,38.24812606133119,37.26960739209282,37.990620780727525,6131518
638,2012-07-26,38.368316650390625,38.625822068757614,37.83613832008007,38.093643738447064,10181302
639,2012-07-27,39.2609977722168,39.48416817353201,38.48848162061153,38.90048976911563,4785341
640,2012-07-30,40.565677642822266,40.68584771715651,39.14081587905075,39.295320925602255,10354713
641,2012-07-31,40.840362548828125,41.441208407606304,40.56568736213175,40.58285718078033,13034800
642,2012-08-01,40.857521057128906,41.02919127453825,40.376845379753284,40.68585083971956,5116745
643,2012-08-02,40.548519134521484,40.943359737637415,40.479849178826065,40.548519134521484,5172210
644,2012-08-03,40.6171875,40.874692868020084,40.067846440373245,40.29101682795329,3992386
645,2012-08-06,41.355369567871094,41.57853993541644,40.72018878573973,40.84035887806507,3989076
646,2012-08-07,40.70302200317383,41.4927079138618,40.44551663907297,41.286702691210444,5499481
647,2012-08-08,40.840362548828125,40.960527995101,40.61718750437061,40.77169258794067,5783459
648,2012-08-09,40.87469482421875,41.28670529551043,40.63435926334332,40.89186464368721,4304923
649,2012-08-10,41.046363830566406,41.733049480805136,40.58285788551421,40.84036325803366,4906011
650,2012-08-13,41.16653823852539,41.286708356298746,40.548527142625304,40.85753269057535,2775124
651,2012-08-14,41.2180290222168,41.50986933997277,40.737353317187946,40.737353317187946,3520379
652,2012-08-16,41.23519515991211,42.059211245990454,40.77168465622662,41.2008601861479,3368688
653,2012-08-17,40.39400863647461,41.544199970321685,39.91333298173549,41.32102962956986,4100386
654,2012-08-21,41.046363830566406,41.28670404099264,40.01634234048859,40.188012588834894,2904667
655,2012-08-22,40.840362548828125,41.06353293643219,40.58285718078033,40.703022627053215,1988035
656,2012-08-23,40.32534408569336,40.94335498784501,40.10216908400007,40.94335498784501,4652302
657,2012-08-24,40.20518112182617,40.634356728964825,39.89617561605702,40.17084614188441,5080546
658,2012-08-27,40.6171875,40.75452742176013,40.08501160216654,40.10217676395983,1296282
659,2012-08-28,41.715877532958984,42.23088825171519,40.582855814436655,40.68585609544658,4356311
660,2012-08-29,40.87469482421875,42.196556708021426,40.61718944387486,41.8875511829795,6345767
661,2012-08-30,41.80171203613281,42.23088762876553,40.582855215797196,40.84036057137682,9698034
662,2012-08-31,41.012027740478516,41.784543749428465,40.78885272352179,41.784543749428465,6414695
663,2012-09-03,41.7330436706543,41.88754407854402,41.21802834046324,41.235198157019575,3891463
664,2012-09-04,42.557071685791016,42.814577094278356,41.544215216332475,41.544215216332475,8607402
665,2012-09-05,42.577884674072266,43.18514855681001,42.42172922158689,42.68198517133164,5181748
666,2012-09-06,42.02267074584961,42.56053115558578,41.398053646876086,42.56053115558578,2059057
667,2012-09-07,42.30027770996094,42.62993714613674,42.16147547084354,42.50848342193531,1292419
668,2012-09-10,42.3176155090332,42.68197184225312,41.98795619300006,42.109409872938315,2343064
669,2012-09-11,41.970619201660156,42.300273901559756,41.710363261772834,42.074719694976636,1345773
670,2012-09-12,42.126773834228516,42.3002778101855,41.69301389433607,42.16147557073923,2846913
671,2012-09-13,42.0400276184082,42.543191100407164,41.8144733600145,41.88387684256513,2572173
672,2012-09-14,41.64097595214844,42.629949848768156,41.25926615088845,42.33499206113098,13519349
673,2012-09-17,40.808135986328125,42.02266353489414,40.58258181148496,41.9185583496312,12665195
674,2012-09-18,40.82548904418945,41.571555108654195,40.59993484422514,40.8428422636304,8408810
675,2012-09-20,40.513179779052734,41.01634309235907,40.252923866638206,40.252923866638206,6301939
676,2012-09-21,41.72771072387695,41.98796665720762,40.68668699055425,40.68668699055425,8707245
677,2012-09-24,40.981651306152344,42.16147745404191,40.77344558438435,41.71036897904192,7593484
678,2012-09-25,40.738739013671875,41.38070461855438,40.11412662905962,41.22454916910321,11733607
679,2012-09-26,40.599945068359375,40.929604548198306,40.357037587783616,40.599945068359375,9302273
680,2012-09-27,40.513179779052734,41.06839333352285,40.27027237816092,40.63463347949864,12478679
681,2012-09-28,41.81446075439453,41.883864216022396,40.773437069551306,40.773437069551306,8847242
682,2012-10-01,41.65830612182617,41.987965511017705,41.224546244782516,41.65830612182617,5138030
683,2012-10-03,40.82548904418945,41.987966482892936,40.704035334486825,41.64095857322599,12133968
684,2012-10-04,40.94695281982422,41.29396081479566,40.42644082736706,41.05105333567679,7257841
685,2012-10-05,41.01634979248047,41.32865599707476,40.94694632186111,41.20720227678909,11584935
686,2012-10-08,41.189849853515625,41.450105783745315,40.61728304173354,40.9469424359962,6807880
687,2012-10-09,41.710365295410156,41.81446579380217,40.894895702684806,41.32865562364548,5205666
688,2012-10-10,41.450111389160156,41.86651810988193,40.94694797336684,41.571560407747796,7436554
689,2012-10-11,41.34600830078125,41.849171742395356,41.155155798981056,41.6409660180517,5476615
690,2012-10-12,41.62361526489258,41.7797660198098,39.905924014627004,41.29395582685079,2847441
691,2012-10-15,41.24189758300781,41.97061508452758,41.103095370003025,41.502153497365185,7208908
692,2012-10-16,41.1551513671875,41.53686103628032,41.033697648849376,41.3286553343573,4006297
693,2012-10-17,41.5542106628418,41.6409626487492,41.12045073330475,41.43275694125213,2639928
694,2012-10-18,41.84916687011719,41.953267366870726,41.43275546991046,41.640961170013824,2525746
695,2012-10-19,41.432762145996094,41.814471873258,41.29395989242733,41.640967879647775,3153069
696,2012-10-22,41.1551513671875,41.36335706911052,40.92959715118604,41.10310111835583,4657141
697,2012-10-23,40.7560920715332,41.17249875741663,40.7040371175261,40.99899479498282,3935245
698,2012-10-25,40.4958381652832,40.94694660766851,40.287632458568275,40.87754313656472,12050023
699,2012-10-29,39.888572692871094,40.096773684777425,39.61096352600223,39.61096352600223,2123473
700,2012-10-30,39.281307220458984,40.027375693370224,39.14250498765131,39.94062370954089,2570824
701,2012-10-31,39.55891418457031,39.732418152865826,39.22925711546847,39.437460465444175,1852024
702,2012-11-01,40.58258819580078,40.73873893836709,40.010021353268996,40.010021353268996,4524439
703,2012-11-02,40.94695281982422,41.05105333567679,40.63464656566935,40.808150563155074,4726469
704,2012-11-05,40.61727523803711,40.94693456896314,40.53052327796132,40.91223284361381,3632141
705,2012-11-06,41.51950454711914,41.60625652387478,40.42643058131734,40.84284195238277,4718509
706,2012-11-07,41.64097595214844,41.8491817261628,41.29396789765717,41.4674719249028,4694784
707,2012-11-08,41.24189758300781,41.39804830766483,41.01634339855057,41.27659931290793,3005197
708,2012-11-09,41.48480987548828,41.953271571016415,41.08575165581497,41.18985686959719,5518512
709,2012-11-12,41.64097595214844,41.90123199301689,41.5195221917569,41.5195221917569,5986709
710,2012-11-15,41.606258392333984,41.74506062005716,41.172498489076474,41.32865393688765,11277862
711,2012-11-16,41.32865905761719,41.62361676969757,41.051049861178164,41.57156180957998,7952790
712,2012-11-19,41.65830612182617,41.77975982871757,41.189849219895734,41.328651439230526,4682624
713,2012-11-20,42.36967468261719,42.491128388185636,41.67565888690701,41.69300739916143,5826060
714,2012-11-21,41.675655364990234,42.491124797355354,41.415399463592564,42.36967110205069,8050611
715,2012-11-22,41.32865905761719,41.866519521660365,41.18985681269605,41.72771727673923,3266009
716,2012-11-23,41.5542106628418,41.987970592378836,41.24190445489441,41.467458676934385,2809752
717,2012-11-26,41.779762268066406,41.84916573508393,41.31130063218853,41.64096004062752,2935121
718,2012-11-27,41.1378059387207,41.97062890416378,41.03370542133893,41.8144734214939,7105541
719,2012-11-29,40.91224670410156,41.311304914326435,40.565238746237036,41.12045242013961,15583782
720,2012-11-30,40.91224670410156,41.24190614671152,40.70404098806352,41.01635191541891,9986088
721,2012-12-03,41.27660369873047,41.32865394581337,40.79078884170019,40.998994536628,5791740
722,2012-12-04,41.797115325927734,41.98796779959109,41.18985146496742,41.276603445104605,8486828
723,2012-12-05,41.69300842285156,42.07471806118346,41.293950271839286,41.90121410799586,7991825
724,2012-12-06,41.65830612182617,41.84916329168291,41.172496000856455,41.81446156020024,3888336
725,2012-12-07,41.189849853515625,41.797113690718234,40.981644168012686,41.745058739395525,3172271
726,2012-12-10,41.1378059387207,41.346011680081475,40.94695342132171,41.224557938737924,2674532
727,2012-12-11,40.773441314697266,41.363356680166056,40.70403784584342,41.293953211312214,5034484
728,2012-12-12,40.68669128417969,41.068400967998656,40.53053582506395,40.92959873022717,6283865
729,2012-12-13,41.0337028503418,41.20720683950521,40.80814860574874,40.91224911660802,7727857
730,2012-12-14,40.339683532714844,41.01635091671318,40.16617955800722,41.01635091671318,6097530
731,2012-12-17,40.374385833740234,40.66934353618842,40.062079616217225,40.35703261206881,3910978
732,2012-12-18,40.634639739990234,40.9122442066974,40.2876318033081,40.59993800500275,4553554
733,2012-12-19,40.322330474853516,40.84284234033144,39.99267107741243,40.79078738850684,6136261
734,2012-12-20,40.183528900146484,40.56523859368128,40.07942839581729,40.56523859368128,2121800
735,2012-12-21,39.801822662353516,40.1661791226517,39.73241919058411,40.11412887212288,3053451
736,2012-12-24,39.69771957397461,40.23558474241041,39.50686707631474,39.83652181832694,2156093
737,2012-12-26,40.0100212097168,40.3223321069213,39.76711848661975,39.83651724753482,2963625
738,2012-12-27,39.368045806884766,40.252916211472,39.246594482833885,40.02736207159368,7464142
739,2012-12-28,39.38542175292969,40.04473608425767,38.969012577706806,39.69772804602213,6441596
740,2012-12-31,39.81916809082031,39.905920070510135,39.35070645917605,39.3854081923712,1528669
741,2013-01-01,39.506866455078125,40.11413038284264,39.454813849290744,39.95797491877881,6397127
742,2013-01-02,39.246612548828125,39.83652328570407,39.17720907079712,39.593620525789355,10823940
743,2013-01-03,39.610965728759766,39.81917143884063,39.26395778082384,39.48951200566289,7768126
744,2013-01-04,39.888572692871094,39.95797145464112,39.40276018079778,39.73241724234509,7374977
745,2013-01-07,39.69771957397461,39.95797554710901,39.40276421640131,39.905925293801474,5751436
746,2013-01-08,40.409088134765625,40.51318863986144,39.55891675229538,39.576265267612456,7147399
747,2013-01-09,40.096778869628906,40.582593797820316,39.94062810550755,40.51319032047958,8208348
748,2013-01-10,39.52421951293945,40.49584473299067,39.38541725481705,40.148836734386066,5482985
749,2013-01-11,39.26395034790039,39.62831144821507,39.15984986586512,39.593609718671445,7053838
750,2013-01-14,38.88224792480469,39.663013403654226,38.77814507652538,39.246606717133204,10369465
751,2013-01-15,38.53524398803711,39.24661077939536,38.465842866433505,39.03840506128619,7333310
752,2013-01-16,38.88224792480469,39.00369928671545,38.30968343591755,38.517889132476164,12729863
753,2013-01-17,39.090457916259766,39.229262522004994,38.60464767939772,38.89960540747014,8720890
754,2013-01-18,39.888572692871094,40.06207665719054,38.86489742074787,39.10780250013547,11437257
755,2013-01-21,39.52421951293945,39.94063099390386,39.28131438457595,39.680374994950405,5767870
756,2013-01-22,39.38542175292969,39.99268581984189,39.14251659682458,39.59362751719056,5102821
757,2013-01-23,38.91694641113281,39.76711769146351,38.7087430726564,39.558911999689045,4125262
758,2013-01-24,38.50053787231445,39.055751488601246,38.41378589185077,38.93429777463286,7597320
759,2013-01-25,38.51789474487305,38.74344898792837,38.27498963235998,38.27498963235998,5876853
760,2013-01-28,38.8301887512207,38.95164244587109,38.084122779218966,38.552584340530196,4530765
761,2013-01-29,38.89959716796875,39.350705569518524,38.58728863616736,38.74344172541905,8933771
762,2013-01-30,38.69138717651367,39.14249788118505,38.46583300082685,38.86489111267207,6691139
763,2013-01-31,38.24028015136719,38.84754398635322,38.03207681992218,38.58728805707349,10621030
764,2013-02-01,38.32704162597656,38.58729761975276,38.13618675988097,38.22293875780637,6533829
765,2013-02-04,38.58728790283203,38.76079185499165,38.34438284046816,38.36173370634371,4150438
766,2013-02-05,38.03207778930664,38.50053706197174,37.8932732115074,38.43113594972114,2184943
767,2013-02-06,37.94533157348633,38.396440048274826,37.82387784362888,38.18823667990284,2852740
768,2013-02-07,38.726097106933594,38.98635306629126,37.997379479412814,37.997379479412814,5059086
769,2013-02-08,38.60464096069336,39.14250371358783,38.379086751397985,38.864896903710225,5162866
770,2013-02-11,39.05575180053711,39.12515291480274,38.29233483701897,38.69139300901992,3760946
771,2013-02-12,39.15985107421875,40.02737080660041,38.65668774679908,38.76079058534445,9796530
772,2013-02-13,38.13618087768555,39.90592230371494,37.92797752675739,39.90592230371494,7821046
773,2013-02-14,36.678741455078125,38.309678002478826,36.036775942820405,38.17087579332472,14843823
774,2013-02-15,37.228450775146484,37.43987686404335,36.47084500437796,36.85845631442567,8479053
775,2013-02-18,38.14463424682617,38.549864869619,37.08750838942105,37.08750838942105,8321446
776,2013-02-19,38.197486877441406,38.28558069265019,37.77463704237877,38.14463154419521,8484570
777,2013-02-20,38.1093864440918,38.6379492435534,37.84510504436099,38.232718719845074,7964693
778,2013-02-21,37.651302337646484,38.391288857297916,37.4751123399801,37.98605831484814,6464828
779,2013-02-22,38.4265251159668,38.58509347604346,37.70415548706505,37.91558156029876,14054231
780,2013-02-25,39.48365783691406,39.55413241082671,38.49700663304401,38.58510044785923,15983553
781,2013-02-26,39.096046447753906,39.430802486250194,38.83176498740982,39.430802486250194,17614848
782,2013-02-27,38.37367248535156,39.41318136178544,38.26796182443071,39.289849071114375,9561570
783,2013-02-28,36.75274658203125,38.761287438463306,35.959902261765215,38.62033829296173,11505348
784,2013-03-01,38.038917541503906,38.408912034113975,36.7527464376401,37.24607322435273,9664596
785,2013-03-04,38.21510314941406,38.58509762248488,37.457494963660004,38.056534772297276,5835406
786,2013-03-05,38.26795959472656,38.40890872754026,37.527970673211115,38.250340355700494,4342564
787,2013-03-06,37.93321228027344,38.40891992416417,37.82750159469604,38.26797075026223,2348098
788,2013-03-07,38.127010345458984,38.33843644698279,37.75701586264111,37.75701586264111,3784471
789,2013-03-08,38.76127624511719,38.8141315619925,38.07414517725346,38.373662622375114,5865486
790,2013-03-11,38.90223693847656,39.02556923418758,38.4089125350278,38.74366855091787,3872022
791,2013-03-12,38.49700927734375,38.972716865900644,38.091778657238116,38.972716865900644,5729772
792,2013-03-13,38.69081497192383,38.84938336666949,38.33843969929001,38.4441527590197,4784709
793,2013-03-14,38.63795471191406,38.76128700512234,38.32081794323221,38.62033786119654,4923712
794,2013-03-15,38.40890884399414,38.77890330587367,38.21510199351464,38.54985797723519,4917271
795,2013-03-18,38.32081604003906,38.40890984804194,38.232722232036195,38.373671368961794,3593844
796,2013-03-19,37.739402770996094,38.549863998262595,37.017030583793215,38.39129560117558,5195989
797,2013-03-20,36.77036666870117,37.66892406361732,36.576559796903936,37.54559176619244,5025753
798,2013-03-21,35.80133819580078,37.105126312960245,35.537056723821244,36.64704033995405,4921271
799,2013-03-22,36.100852966308594,36.365134400316336,35.53705161787971,35.81895229209415,8653798
800,2013-03-25,36.611793518066406,36.840836452417015,36.29465677978135,36.43560591019751,4166875
801,2013-03-26,36.99940490722656,37.10511555360718,36.4708421165346,36.4708421165346,3767435
802,2013-03-28,37.28131103515625,37.49273715202659,36.68227355695392,36.981793490903954,4534130
803,2013-04-01,37.175594329833984,37.51035030243947,36.91131292150902,37.087500527059,1691135
804,2013-04-02,37.527976989746094,37.93320760706507,37.03465016246884,37.33417010723352,4652635
805,2013-04-03,37.42225646972656,37.56320559817485,37.19321114887643,37.298924190061314,2361750
806,2013-04-04,36.82322311401367,37.5103543722721,36.576558527722995,37.26369217567902,3713922
807,2013-04-05,36.876075744628906,36.999408028741044,36.55893899933687,36.55893899933687,8205260
808,2013-04-08,36.69989013671875,37.35178529171006,36.47084718480157,36.99941004894666,3096875
809,2013-04-09,36.40037155151367,37.42226122660036,36.22418392370883,36.840840621025784,2293912
810,2013-04-10,36.858463287353516,36.9289378670858,36.25942577508231,36.4884687566367,1905585
811,2013-04-11,36.48846435546875,36.92893341278933,36.347515213005195,36.92893341278933,3329986
812,2013-04-12,37.175594329833984,37.29892421990056,36.31227315088124,36.31227315088124,1819318
813,2013-04-15,36.66465377807617,36.999412189829435,36.52370462869415,36.999412189829435,2619515
814,2013-04-16,37.66891860961914,38.021293820158974,36.64703145493254,36.66464830370166,2546545
815,2013-04-17,37.66891860961914,38.10938762279394,37.43987567864718,37.66891860961914,3775629
816,2013-04-18,37.70417022705078,38.0213070711849,37.08751339369142,37.404650237825535,5080676
817,2013-04-22,38.54985809326172,38.972710273652396,37.43987709397976,37.43987709397976,5577118
818,2013-04-23,38.655574798583984,38.76128785369143,38.303199541357614,38.40891259646506,2951714
819,2013-04-25,38.708431243896484,39.57175011767847,38.056536083656326,38.44414980969603,7103973
820,2013-04-26,38.867000579833984,39.007949725652495,38.58509989849932,38.84938133918226,3417359
821,2013-04-29,38.91984558105469,39.25460150578795,38.60270889229623,38.60270889229623,5263605
822,2013-04-30,39.5364990234375,39.871254922017386,38.585086641795826,38.83174875708118,5652599
823,2013-05-02,40.48792266845703,40.699348763059504,39.20175403043486,39.21937326993465,7787838
824,2013-05-03,39.466033935546875,40.59363654378356,39.34270165349055,40.13554589320219,3489204
825,2013-05-06,39.501277923583984,39.800795466550156,39.043189598797085,39.30747104890133,1570856
826,2013-05-07,39.71269607543945,40.08269053158939,38.90223259761039,39.43079542362534,4295563
827,2013-05-08,40.43507766723633,40.57602683983969,39.695088536823484,39.695088536823484,4623152
828,2013-05-09,39.994598388671875,40.59363819479814,39.74793620422443,40.52316123664388,3439496
829,2013-05-10,39.58936309814453,40.36458564825288,39.46603082580622,39.765550693086574,3388720
830,2013-05-13,39.5364990234375,39.81839960791939,39.254598438955604,39.32507537734869,3486486
831,2013-05-14,40.29412078857422,40.576019079869226,39.571751040311085,39.571751040311085,5187764
832,2013-05-15,40.082698822021484,40.7345940648191,39.81841735435184,40.38221877459291,7598979
833,2013-05-16,40.13554382324219,40.61125129841388,39.888881661548346,39.906500899461605,7843384
834,2013-05-17,40.89314651489258,41.19266636812326,40.082685527933464,40.17077932127224,4225774
835,2013-05-20,40.27649688720703,40.91077517594915,40.17078622878084,40.87553669667542,6051683
836,2013-05-21,39.71269607543945,40.48792107565522,39.41317857451608,40.206022813538496,3901355
837,2013-05-22,39.695072174072266,39.853642915009026,39.43079079210713,39.81840444153483,4300192
838,2013-05-23,38.62033462524414,39.7655540902019,38.40890853737298,39.51888952445308,5416658
839,2013-05-24,38.40890884399414,39.0431847229737,38.09177209935307,39.0431847229737,4295474
840,2013-05-27,39.51889419555664,39.7127010673968,38.40891307727761,38.47938765166557,1976291
841,2013-05-28,39.64223098754883,40.06508087151598,39.43080485071628,39.589375648189666,3947350
842,2013-05-29,39.994598388671875,40.15316915482146,39.53651010915664,39.80079153314264,4123634
843,2013-05-30,40.311729431152344,40.523155496270235,39.518885271505965,39.888879690613706,4814631
844,2013-05-31,39.92412567138672,40.52316311559122,39.69508032616016,40.50554626493329,8210037
845,2013-06-03,39.254608154296875,39.9593585950758,38.99032673900478,39.94174174581425,2337051
846,2013-06-04,39.888885498046875,40.11793083355422,39.18413503131196,39.18413503131196,6339450
847,2013-06-05,39.62460708618164,39.78317547531547,39.44841945610014,39.65984556807702,2941759
848,2013-06-06,39.48365783691406,39.67746470744709,39.36032554029368,39.36032554029368,3741327
849,2013-06-07,38.990333557128906,39.712703363185454,38.91985897866682,39.13128510375091,3373193
850,2013-06-10,38.76127624511719,39.289838972658046,38.69080169271779,39.11365139681109,4178032
851,2013-06-11,38.003684997558594,39.41318613739682,37.80987811289127,38.532247924997925,4988953
852,2013-06-12,38.056541442871094,38.54986590030407,37.77464072875314,38.056541442871094,1985386
853,2013-06-13,37.263694763183594,38.197488282875554,37.12274321984477,37.7922576738842,3320850
854,2013-06-14,38.444149017333984,38.58509815679013,37.351784822607485,37.439878632191956,5440747
855,2013-06-17,38.127010345458984,38.56747939888561,37.70416053210894,38.42653025766811,1761508
856,2013-06-18,38.197486877441406,38.65557519446663,37.82749476532265,38.05653772898642,2599492
857,2013-06-19,37.88035202026367,38.127014237422074,37.6513090449804,38.03892041774423,3158484
858,2013-06-20,37.298927307128906,37.809873317272654,37.193214257109595,37.77463483736704,3936637
859,2013-06-21,37.774635314941406,37.93320369712634,36.99941025449473,37.228453207684346,8100913
860,2013-06-24,37.31654357910156,38.232720086803894,37.017023692818825,37.56320574972993,7726193
861,2013-06-25,36.32989501953125,37.70415987613136,35.959900543150546,37.42225920890332,5865050
862,2013-06-26,37.35179138183594,37.49274054604372,36.10085858812459,36.22418850938191,9917951
863,2013-06-27,37.54559326171875,38.05653932309025,37.29893104674155,37.5279764096972,10124040
864,2013-06-28,39.219364166259766,39.501264763728585,37.704150545849664,37.704150545849664,13955319
865,2013-07-01,39.783172607421875,39.92412413514475,38.9374729998746,38.9374729998746,4880398
866,2013-07-02,39.23698806762695,39.74793161709471,38.972706674140476,39.50126946111343,4836103
867,2013-07-03,38.16225051879883,39.02556942387932,37.98606288961107,39.02556942387932,3203552
868,2013-07-04,37.93321228027344,38.58510758639064,37.43988778191855,38.23273226193769,5239017
869,2013-07-05,37.915592193603516,38.373678164583225,37.63369148013283,38.0565413554899,2878063
870,2013-07-08,37.10512161254883,37.880349077242684,36.92893398688161,37.880349077242684,5074736
871,2013-07-09,38.708431243896484,38.76128657485755,37.298927871796465,37.457496254377226,5626482
872,2013-07-10,38.1093864440918,39.14889519479076,38.003675795957285,38.91984988120571,6811029
873,2013-07-11,38.884620666503906,39.25461277975188,38.46176844045304,38.74366912792105,5779104
874,2013-07-12,38.867000579833984,39.02556896630421,38.07415625778517,39.007949725652495,3580274
875,2013-07-15,38.778907775878906,39.096044557076006,38.42653251246092,38.74366929365803,2918182
876,2013-07-16,38.83176040649414,39.07842259577741,38.162248408482746,38.162248408482746,2477162
877,2013-07-17,39.07842254638672,39.53651083430385,38.69081121791648,38.79652426738928,9890923
878,2013-07-18,39.11365509033203,39.3603172418708,38.84937370160539,38.95508673503548,5820812
879,2013-07-19,39.23698806762695,39.395556425779404,38.972706674140476,39.395556425779404,4552788
880,2013-07-22,39.1665153503418,39.39556068326806,38.86699783917317,39.007946975052825,2515956
881,2013-07-23,38.81413650512695,39.554125373803444,38.47938054632463,39.554125373803444,5415186
882,2013-07-24,38.76127624511719,38.99031913783945,38.320807305499805,38.44413956447145,2594203
883,2013-07-25,38.81413650512695,39.377937775518305,37.45749104245246,38.972707255341376,4206471
884,2013-07-26,38.179874420166016,39.025574187620364,38.07416135180973,38.93748036227312,5399927
885,2013-07-29,38.091773986816406,38.63795369746197,37.827492556621124,38.479385317284304,2056881
886,2013-07-30,37.19321060180664,38.1270063305578,36.87607387261406,38.09177024381268,1322467
887,2013-07-31,35.62514877319336,36.99941379284845,34.6208782738184,36.68227460845214,6050144
888,2013-08-01,36.24179458618164,36.62940823148519,34.885149217316275,35.51942500522342,4448345
889,2013-08-02,32.189491271972656,35.36086892192337,30.498089380726025,34.8851613185516,31014744
890,2013-08-05,32.87662124633789,33.40518416594087,30.903318723941005,32.400913662816095,15799229
891,2013-08-06,32.9647102355957,33.65184145244723,32.57709891850643,32.77090338220234,14382559
892,2013-08-07,32.87662124633789,33.458041891719844,32.6123397865364,33.12328346421305,5717703
893,2013-08-08,33.82802200317383,34.18039715769552,32.94708411686958,33.052797141165485,6778874
894,2013-08-12,33.510902404785156,34.321366151321705,33.334714737698874,34.004226916747484,9452703
895,2013-08-13,33.880889892578125,34.00421979990755,33.12328164885018,33.45804005801013,2256717
896,2013-08-14,34.215641021728516,34.58563547023024,33.66945896819714,33.82802733478435,9066232
897,2013-08-16,34.532779693603516,34.90277416287706,33.65184161899864,34.21564294262475,16654810
898,2013-08-19,34.00421142578125,34.42706354591226,33.38755487190345,34.215637485846756,5042098
899,2013-08-20,33.986602783203125,34.180407263734196,33.42280141339183,34.00421963438037,5439143
900,2013-08-21,34.391822814941406,34.832291753081414,34.05706689989439,34.162779922987376,17512680
901,2013-08-22,34.56802749633789,34.797070501634856,33.84565760238097,34.18041368308351,11299648
902,2013-08-23,34.462310791015625,34.60326233994265,34.03946092363026,34.462310791015625,19297499
903,2013-08-26,34.51516342163086,34.6913510395011,34.2508819948255,34.42706961269574,24410353
904,2013-08-27,33.72231674194336,36.382750060439314,33.405177618522195,34.532777814725875,13466053
905,2013-08-28,33.0704231262207,34.109929566274666,32.47138571921481,33.47565368074595,11398478
906,2013-08-29,34.28611755371094,34.70896735211281,33.03518500826157,33.03518500826157,15533827
907,2013-08-30,34.40944290161133,34.65610503513216,33.05279758270126,34.145161532189654,8242572
908,2013-09-02,34.885162353515625,35.0613500059622,34.25088871646634,34.427076368912914,15403306
909,2013-09-03,33.7047004699707,35.23753372717444,33.17613760744494,35.06134371663497,4877060
910,2013-09-04,33.95136260986328,34.145169470435796,33.176137557270756,33.334705937849165,4850453
911,2013-09-05,34.30438995361328,35.8199161308185,33.87647474540105,34.78579093538628,9746210
912,2013-09-06,35.28502655029297,35.802087968329,33.91213708535635,34.215243305400215,7041237
913,2013-09-10,36.46178436279297,36.925355113684205,35.39199882400676,35.39199882400676,8723482
914,2013-09-11,35.30286407470703,36.69358412768488,34.964099770704806,36.33698961435384,5150080
915,2013-09-12,35.30286407470703,35.891246472690035,35.03541818970875,35.48116133137255,5409563
916,2013-09-13,35.570308685302734,35.730775715980634,35.10673538243575,35.12456317160247,6331674
917,2013-09-16,36.56875991821289,37.06799348086624,35.37417024485265,35.57029762952681,14084730
918,2013-09-17,36.21217727661133,36.568771757537135,35.1423938338339,36.39047451707423,5923058
919,2013-09-18,35.802093505859375,36.194348390314595,35.26720180068099,35.837753920195674,4635243
920,2013-09-19,35.802093505859375,37.13932276880533,35.392008414236,36.65791926682037,10203659
921,2013-09-20,36.230003356933594,36.56876759155827,35.837750923587954,35.92689953366344,15290056
922,2013-09-23,35.391998291015625,35.98038044940272,35.24936151109105,35.695104471243255,3730187
923,2013-09-24,35.35633850097656,35.60595406226199,34.96408374873502,35.1423809236975,8304198
924,2013-09-25,35.83774948120117,35.96255607929718,35.01758181785441,35.3028554239657,5150528
925,2013-09-26,35.40983581542969,35.74860246984666,35.14238998403365,35.659453859381316,6791644
926,2013-09-27,35.28502655029297,35.802087968329,35.142387333320876,35.409833144544066,4575709
927,2013-09-30,34.96409606933594,35.28503254834569,34.50052276741811,35.01758669165976,5763141
928,2013-10-01,35.30286407470703,35.37418491202229,34.910611561029675,35.03541818970875,4024187
929,2013-10-03,35.623779296875,35.748588269272375,35.160206222940275,35.65943969421993,11166670
930,2013-10-04,34.928428649902344,35.48114800329384,34.83928005505721,35.48114800329384,16408671
931,2013-10-07,34.96409606933594,35.01758669165976,34.429204355964075,34.785798831545314,3643908
932,2013-10-08,35.03540802001953,35.23153542908418,34.839283029265495,35.160217030781745,7001377
933,2013-10-09,35.320682525634766,35.445491531075724,34.76796073031276,34.76796073031276,5815351
934,2013-10-10,35.391998291015625,35.49897708511422,35.03540392289386,35.32067990105334,4045318
935,2013-10-11,35.28502655029297,35.62379076084687,35.178047742141565,35.498981748285125,2594571
936,2013-10-14,35.49898910522461,35.62379814365224,35.053245994141875,35.302861652685976,3588795
937,2013-10-15,35.28502655029297,35.71293936458794,35.03540852516947,35.534642157105814,6566169
938,2013-10-17,34.80361557006836,35.58812262908247,34.6074882007373,35.21369809096138,7117518
939,2013-10-18,35.48115158081055,35.65945120678893,34.607495746900796,35.12455716547508,15690831
940,2013-10-21,35.48115158081055,35.641621002360026,35.32068457757172,35.48115158081055,2023039
941,2013-10-22,36.35481643676758,36.943196361624175,35.40983961349018,35.40983961349018,9232804
942,2013-10-23,35.8734130859375,36.836217702990346,35.766434257751385,36.693580877616256,3579487
943,2013-10-24,35.30286407470703,36.21218056736345,35.01759039869125,36.01605551968043,7207079
944,2013-10-25,35.73077392578125,35.92690136158825,35.05324300374898,35.51681628338981,5281406
945,2013-10-28,35.213706970214844,35.98038644031883,35.05323996150355,35.76642881649662,5287076
946,2013-10-29,35.802093505859375,35.99822094808698,34.94626532658735,35.16022297598311,7086272
947,2013-10-30,35.71294403076172,35.92690167501976,35.65945582885269,35.89124126153976,3289474
948,2013-10-31,36.12302780151367,36.55094310314673,35.24937182758309,35.9982211871299,8249061
949,2013-11-01,34.910606384277344,36.33698422608972,34.80362756247922,36.12302658249348,9616570
950,2013-11-05,33.929969787597656,34.964092699799004,33.71601215554388,34.857113883772115,17767298
951,2013-11-06,34.32222366333008,34.50052089142565,33.98345941361068,33.98345941361068,9564186
952,2013-11-07,33.89431381225586,34.32222671405804,33.716016568312355,34.197420094284276,9949028
953,2013-11-08,34.25089645385742,34.39353565066459,33.39507094625562,33.60902611400092,6427427
954,2013-11-11,34.215248107910156,34.375715133505366,33.59120779413137,34.19741790099714,7123880
955,2013-11-12,34.00128936767578,34.30439562051253,33.80516193456441,34.215247007126536,5714533
956,2013-11-13,34.23306655883789,34.32221515077515,33.71600520926386,33.82298400325064,4914428
957,2013-11-14,34.23306655883789,34.48268455091048,34.14391796690064,34.268726962936924,2329910
958,2013-11-18,34.357879638671875,34.482688649543036,34.126094239408985,34.34004943450305,4220710
959,2013-11-19,33.89431381225586,34.3578871301712,33.64469815439718,34.090441264255944,6280476
960,2013-11-20,33.43073654174805,34.03694903413099,33.35941813626501,33.73384278793952,5017948
961,2013-11-21,33.305931091308594,33.591207141440925,33.056315454309406,33.51988631517464,4281191
962,2013-11-22,33.484222412109375,33.591201214321615,33.23460681915451,33.23460681915451,7516975
963,2013-11-25,33.5733757019043,33.73384271848847,33.41290868532012,33.41290868532012,8325845
964,2013-11-26,33.60903549194336,33.75167472855121,33.28810144161991,33.43073825991678,7679212
965,2013-11-27,32.86018753051758,33.76950386879425,32.753208711018395,33.43073720399503,4670852
966,2013-11-28,33.769500732421875,33.87647712367462,32.68188726876326,32.89584246957944,21937834
967,2013-11-29,33.912147521972656,34.090444784326564,33.30593731363164,33.64470162844179,19972565
968,2013-12-02,33.37724304199219,33.7694978373261,32.84235145834256,32.84235145834256,12138526
969,2013-12-03,33.43073654174805,33.51988515317956,33.23461153124742,33.34158793031654,10819239
970,2013-12-04,34.090431213378906,34.197410011866694,33.27026364938644,33.37724244787423,21813713
971,2013-12-05,34.34005355834961,34.46486258420891,33.92997090477348,34.411371965278825,14177075
972,2013-12-06,35.28502655029297,35.62379076084687,34.215243305400215,34.215243305400215,25973812
973,2013-12-09,36.12302780151367,36.31915524504365,35.12456279488827,35.481157267375124,30640399
974,2013-12-10,35.08890151977539,36.194345248511866,34.589667853957614,36.12302442603017,28724268
975,2013-12-11,34.946266174316406,35.12456341370102,34.64316231834922,34.7679689349318,7491141
976,2013-12-12,34.928428649902344,35.01757724474748,34.73230125758097,34.83928005505721,9916532
977,2013-12-13,34.76797103881836,34.999758915030995,34.607503997324216,34.66099462336308,12252500
978,2013-12-16,35.30286407470703,35.44550333102624,34.518356629041,34.589675048044946,21800566
979,2013-12-17,35.19588088989258,35.39200589987583,34.89277464450071,35.08890207279481,18137305
980,2013-12-18,35.65944290161133,36.26565278283162,33.787320238811766,33.876468821882696,156704650
981,2013-12-19,35.391998291015625,36.01604085353903,34.32221518665035,34.76795814680254,508752991
982,2013-12-20,35.44549560546875,35.74860184306085,35.035410553531754,35.231537976778945,55032517
983,2013-12-23,35.55247497558594,35.62379338016049,35.142389917238305,35.30285693210876,27772323
984,2013-12-24,35.14238739013672,35.55247241899499,35.10672939956903,35.48115160123832,16656973
985,2013-12-26,35.30286407470703,35.51682175003018,34.71448409503534,34.98192998003362,58569185
986,2013-12-27,35.588134765625,35.69511358704379,35.01758508190969,35.30285871461187,17259233
987,2013-12-30,35.30286407470703,35.73077942535333,35.160227236699136,35.44550333102624,10546799
988,2013-12-31,35.623779296875,35.65943969421993,35.24935479799273,35.33850337304518,12881038
989,2014-01-01,35.48115158081055,35.62379079793112,35.35634498642953,35.60596059350222,3186233
990,2014-01-02,36.33699035644531,36.515287616752104,35.659461734604044,35.69511973567859,29730385
991,2014-01-03,35.90907287597656,36.64009203448593,35.71294543076999,36.33698576295659,10720086
992,2014-01-06,35.623779296875,36.01603399442973,35.33850337304518,36.01603399442973,6603244
993,2014-01-07,35.23152542114258,35.65944052602393,35.14237684401061,35.62378012784717,12753362
994,2014-01-08,35.213706970214844,35.48115279083724,35.12455836334071,35.14238856837768,10653844
995,2014-01-09,35.24936294555664,35.48114832694411,35.12455394431081,35.213702539969134,12969982
996,2014-01-10,34.75013732910156,35.48115399564344,34.429200882470454,35.48115399564344,21668655
997,2014-01-13,34.946266174316406,35.08890541681074,34.51835328345557,34.51835328345557,11775173
998,2014-01-14,34.75013732910156,35.12455955603831,34.64315851355786,34.91060434326171,6262293
999,2014-01-15,34.76797103881836,35.48116003951343,34.625334206003835,34.78580124749798,8229009
1000,2014-01-16,35.03540802001953,35.17804723493501,34.82145282511223,34.910601427567926,15169976
1001,2014-01-17,34.67881393432617,35.0354083474819,34.482688941739035,34.946259744192965,11229974
1002,2014-01-20,35.12455749511719,35.267196713576425,34.58966586709407,34.58966586709407,13050752
1003,2014-01-21,34.89277267456055,35.213706689424036,34.83928447818687,34.99975148561861,11629511
1004,2014-01-22,34.98192596435547,35.267202025934886,34.89277734625634,34.91060755353838,12315468
1005,2014-01-23,34.96409606933594,35.10673531055507,34.80362903898659,34.946265861894666,5617086
1006,2014-01-24,34.98192596435547,35.19588361511779,34.857116931692275,34.874947138974306,11973294
1007,2014-01-27,34.42919921875,35.26719707865186,34.179583606750725,34.732305445091704,12637443
1008,2014-01-28,34.447017669677734,34.589654422632975,34.340038895806366,34.42918747098086,7516995
1009,2014-01-29,34.1260986328125,34.57184170286516,34.01911981233768,34.482693088854624,5177129
1010,2014-01-30,34.090431213378906,34.34004679764345,33.87647361640333,34.12609161897831,28308126
1011,2014-01-31,34.054779052734375,34.23307628727784,33.94780264665711,34.23307628727784,15088682
1012,2014-02-03,33.947792053222656,34.464853388387105,33.85864346376981,33.929961851670036,4482727
1013,2014-02-04,34.00128936767578,34.30439562051253,33.80516193456441,33.894310547950404,8237100
1014,2014-02-05,34.500526428222656,34.53618684688909,33.76950961036275,33.76950961036275,8121381
1015,2014-02-06,34.30438995361328,34.41136633735583,33.96562334406018,34.23306914003757,8396200
1016,2014-02-07,34.76797103881836,34.89278008126449,34.1617608718898,34.30440012301555,6497909
1017,2014-02-10,34.589664459228516,34.94625886339652,34.48268807262657,34.71447346801155,3792896
1018,2014-02-11,34.090431213378906,34.732301585995195,34.0547708077795,34.62532278750741,5013980
1019,2014-02-12,34.1260986328125,34.35788406191551,34.00128960587339,34.197417040358744,5538187
1020,2014-02-13,33.87648391723633,34.19742041028695,33.840825919104816,34.07261137104874,6549052
1021,2014-02-14,33.96562576293945,34.00128617226689,33.85864937157853,33.94779797658642,14754417
1022,2014-02-17,34.07259750366211,34.17957629113912,33.91213053160168,33.91213053160168,4752663
1023,2014-02-18,34.143917083740234,34.26872607654824,34.05476849410888,34.10825909887385,4866082
1024,2014-02-19,33.8408203125,34.179584539335764,33.71601129393962,34.07260572604269,2804777
1025,2014-02-20,33.912147521972656,34.10827499422424,33.609041208646445,33.73385025961874,5141168
1026,2014-02-21,33.98345947265625,34.126098706367095,33.912141064956295,33.96562926615353,4456386
1027,2014-02-24,33.89431381225586,33.96563222617103,33.53771932436885,33.96563222617103,5118446
1028,2014-02-25,33.98345947265625,34.09043829336165,33.84082265725633,33.912141064956295,4052135
1029,2014-02-26,33.947792053222656,34.30438641103404,33.82298306066457,34.054768425917864,21051173
1030,2014-02-28,33.698184967041016,34.01912144385724,33.25244187561102,33.89431241093242,27401493
1031,2014-03-03,33.769500732421875,33.98345593323805,33.46639450837727,33.555543113295016,15373777
1032,2014-03-04,34.752620697021484,34.915268936298624,33.93937704945292,34.047810026031975,9410466
1033,2014-03-05,34.824913024902344,34.933346015473845,34.481543930745254,34.77069775520819,5385763
1034,2014-03-06,35.27669906616211,35.52970762830787,34.75260937646402,34.824897186908224,7952223
1035,2014-03-07,35.7827262878418,35.94537697121661,35.15020347839721,35.15020347839721,13092149
1036,2014-03-10,35.74658966064453,35.89116534685027,35.31286015084414,35.69237193993,11546535
1037,2014-03-11,35.728511810302734,35.81887221363172,35.475503171218136,35.56586357454712,7773473
1038,2014-03-12,35.60200881958008,35.69236922939234,35.34900016234234,35.547793554165914,15253272
1039,2014-03-13,35.71043014526367,36.14416193173348,35.457421570611075,35.62006976494616,12326297
1040,2014-03-14,35.547786712646484,36.14416677333802,35.421281182783346,35.52971414392567,11859122
1041,2014-03-18,36.66826248168945,36.84898329572195,35.602007717951366,35.602007717951366,15512927
1042,2014-03-19,36.97548294067383,37.39114224482843,36.63211391632537,36.63211391632537,12921191
1043,2014-03-20,35.89115905761719,36.93934117807622,35.78272608637208,36.75862037639529,6054665
1044,2014-03-21,36.45139694213867,37.174280206553476,35.981522330032455,36.071882738084305,21508819
1045,2014-03-24,37.300777435302734,37.662218986860964,36.5056065121111,36.5056065121111,9956813
1046,2014-03-25,38.16823959350586,38.29474512834273,37.08391484181595,37.08391484181595,14139614
1047,2014-03-26,37.589935302734375,38.493539281051774,37.44535719549399,38.31281848538829,6805235
1048,2014-03-27,38.132102966308594,38.45739946304315,37.589940504295654,37.589940504295654,20892387
1049,2014-03-28,38.8369140625,39.12606786868266,37.879092232718875,38.077885627668394,6967406
1050,2014-03-31,37.95137023925781,39.14412777172231,37.788719590735475,38.74654111050673,6602071
1051,2014-04-01,39.03570556640625,39.55979543593289,37.98752337617006,38.13210149784897,13292951
1052,2014-04-02,39.18028259277344,39.433293701671495,38.764625687326046,39.089922182790694,8823613
1053,2014-04-03,39.288719177246094,39.614018153719364,38.638123675482774,39.071855644113796,6355761
1054,2014-04-04,38.52967834472656,39.30677916368198,38.43931795539564,39.30677916368198,7240495
1055,2014-04-07,38.63811111450195,39.126058194992055,38.24052442290392,38.56582329362479,6247841
1056,2014-04-09,38.58390426635742,38.81884034817985,38.150172344249924,38.69233724688429,6654828
1057,2014-04-10,38.963417053222656,39.10799272120314,38.385109478934964,38.638118123492255,9464658
1058,2014-04-11,38.90919494628906,39.017627910623204,38.72847415612635,38.74654672537914,6290384
1059,2014-04-15,38.98149108886719,39.10799419030653,38.60197688218326,38.76462512756696,9004170
1060,2014-04-16,38.927268981933594,39.10798977890406,38.20438579405171,38.94534155186718,10220793
1061,2014-04-17,38.746551513671875,38.85498449140615,38.36703731719336,38.836911919919956,10918544
1062,2014-04-21,38.29475021362305,39.107993885383664,38.222462377480916,38.60197658120579,4950498
1063,2014-04-22,38.29475021362305,38.49354360140112,37.7164426221201,38.385110621596446,8749084
1064,2014-04-23,38.16823959350586,38.65618671223937,38.02366394042025,38.27667255891137,11101407
1065,2014-04-24,38.16823959350586,38.16823959350586,38.16823959350586,38.16823959350586,0
1066,2014-04-25,38.132102966308594,38.42125431843575,37.80680401839103,38.09595782170119,5635586
1067,2014-04-28,38.348960876464844,38.49353898258421,37.87908632114653,38.04173699692865,4189566
1068,2014-04-29,38.16823959350586,38.81883493475633,38.005591370988896,38.60197145512792,8984063
1069,2014-04-30,38.24052810668945,38.99955642697443,37.91523165581456,38.222457988116254,9560866
1070,2014-05-02,37.78873062133789,38.47547119560911,37.62608237652045,38.168244826700544,2642603
1071,2014-05-05,37.987518310546875,38.168239100159276,37.571861474911394,37.69836455693052,1955739
1072,2014-05-06,37.04777908325195,38.005598479247766,36.867058257503075,37.91523806637333,4306301
1073,2014-05-07,37.04777908325195,37.46343600200114,36.867058257503075,37.12006692331489,6851875
1074,2014-05-08,37.42729187011719,37.84295125130782,37.04778008671172,37.3730766013973,6511390
1075,2014-05-09,38.62005615234375,38.7646318508302,37.42729560950533,37.517656033855204,19808139
1076,2014-05-12,40.300750732421875,40.842913166426676,38.47547004770246,38.47547004770246,8560913
1077,2014-05-13,40.788700103759766,41.67422918564949,40.517618872134456,40.626049403838174,14210275
1078,2014-05-14,40.48147201538086,41.204355269142454,40.30075120194046,40.82484107068103,8786547
1079,2014-05-15,41.36701202392578,41.78266897527408,39.12607164794093,40.318829681665676,17562208
1080,2014-05-16,43.19228744506836,45.41515263604337,42.30675343208152,42.30675343208152,35379329
1081,2014-05-19,44.186248779296875,45.25250354167443,43.481435644523124,43.481435644523124,25035487
1082,2014-05-20,45.14406204223633,46.1199562665014,44.43925390459171,44.800695483598744,22538200
1083,2014-05-21,44.98141860961914,45.48743586604054,44.45732633188939,44.81876792967117,10213784
1084,2014-05-22,45.32479476928711,45.885032305721275,44.51155100233087,44.85492255377009,17055437
1085,2014-05-23,47.29464340209961,47.710300255095625,43.39107124201417,45.54165068916995,22941667
1086,2014-05-26,46.31875991821289,48.722345845067515,44.45733154929177,47.60187577997533,23747350
1087,2014-05-27,45.86695098876953,46.44525856863763,44.81877125783936,45.397078837707454,11091241
1088,2014-05-28,45.12599182128906,45.903090233908415,44.927200914234746,45.903090233908415,13246147
1089,2014-05-29,45.19828796386719,45.90309619137651,44.963346985664955,45.487439302994225,14803509
1090,2014-05-30,44.095890045166016,45.722377431083665,43.427222028260005,45.360935789768625,69911271
1091,2014-06-02,45.252498626708984,45.66815547283486,44.16817386166827,44.20431900097602,13367356
1092,2014-06-03,45.270565032958984,45.74044200069886,44.656117324573614,45.18020464328188,18372713
1093,2014-06-04,44.90913391113281,45.5055116411269,44.746488113334074,45.27057555384026,23251745
1094,2014-06-05,45.86695098876953,46.44525856863763,45.360933694772115,45.43322398064279,19424103
1095,2014-06-06,46.300682067871094,46.40911749473001,45.55972871164745,46.22839178329848,14951210
1096,2014-06-09,49.64401626586914,51.541584731639,46.31875637203466,46.57176255938461,41900147
1097,2014-06-10,49.13800048828125,50.96327872629888,48.61390817317698,50.38497605049996,22963428
1098,2014-06-11,48.342830657958984,49.57173619406476,47.5476619666527,49.138004251631415,14529763
1099,2014-06-12,49.3187255859375,49.716312386874534,47.78259855232739,48.288615888808074,15766959
1100,2014-06-13,48.21633529663086,50.0596839984783,46.98742962557698,49.625956910782826,10439654
1101,2014-06-16,47.638031005859375,48.07175812446682,46.860932295449885,48.07175812446682,11540459
1102,2014-06-17,48.25246047973633,48.722337472672336,47.366931554835084,47.366931554835084,16756330
1103,2014-06-18,48.41510772705078,49.33678172505601,47.52957396240669,48.43317784373135,13262126
1104,2014-06-19,47.42115783691406,48.79463419205515,47.240437005849905,48.43319252992683,4904553
1105,2014-06-20,47.81874465942383,48.19825644382073,47.22236689721456,47.67416897500435,9100975
1106,2014-06-23,47.493438720703125,48.252462138898906,47.25849776497409,47.71029975312173,9955400
1107,2014-06-24,47.85489273071289,48.2705496872086,47.67417188855244,48.05368369614275,10866416
1108,2014-06-25,47.85489273071289,48.16211424049238,47.493451046391996,47.71031213509126,14393130
1109,2014-06-26,47.90909194946289,48.252458493092185,47.56572050346864,48.08981273106724,19577916
1110,2014-06-27,49.354862213134766,49.66208854730199,47.52957922917968,48.07174161805172,21315448
1111,2014-06-30,50.312686920166016,50.67412855202297,49.62594880011098,49.80666961603946,33365772
1112,2014-07-01,50.601837158203125,51.1982197596188,50.041604602021714,50.601837158203125,17681327
1113,2014-07-02,51.07171630859375,51.59580864580017,50.81870520048735,50.81870520048735,15633096
1114,2014-07-03,50.78255844116211,51.324720882120445,50.29461616619227,51.234360475294054,10773481
1115,2014-07-04,52.119911193847656,52.87893983589637,50.43920806654741,50.746434529087054,11771805
1116,2014-07-07,52.78857421875,53.11387077559491,52.06569080248713,52.589783240224484,13259170
1117,2014-07-08,49.788597106933594,52.915071302249665,49.156074219246825,52.7704956226802,14948074
1118,2014-07-09,49.22835922241211,50.38497433946372,48.36090033580621,49.87895216177514,8629784
1119,2014-07-10,49.71630859375,50.51147723259018,46.98742136553028,49.51751275726559,17933570
1120,2014-07-11,47.96331024169922,50.18617501576678,47.24042706949089,49.62594251825143,11319671
1121,2014-07-14,48.41510772705078,49.409071996507905,47.619934350539154,47.963305786388446,7915363
1122,2014-07-15,48.848846435546875,49.119927638149115,48.10788820701479,48.59583535217192,9737615
1123,2014-07-16,49.24641418457031,49.58978557054971,48.18016470088393,48.921117815011144,6411041
1124,2014-07-17,50.13197708129883,50.384988239945194,49.0476519483006,49.174157527623784,8924449
1125,2014-07-18,49.553653717041016,49.93317033518111,49.11992674220785,49.824734914698766,5148178
1126,2014-07-21,49.48136901855469,49.87895085868659,49.30064821763456,49.55365439750346,4656631
1127,2014-07-22,49.065711975097656,49.80667027157616,48.66813009671489,49.5175140208653,6944595
1128,2014-07-23,49.26450729370117,49.95124541550492,48.866920517172936,49.31872255814459,7269605
1129,2014-07-24,48.66813278198242,49.336795924719304,48.4331917833276,49.22836538869878,5942240
1130,2014-07-25,48.72235107421875,49.01150245646541,47.746456579994856,48.613915629101356,8230977
1131,2014-07-28,48.144039154052734,49.01149812652319,47.78259750699287,48.79463215781406,5386124
1132,2014-07-30,48.68620681762695,49.13800892464205,48.07175399113977,48.07175399113977,8577572
1133,2014-07-31,48.10788345336914,48.66812082480811,47.85487729735977,48.50547015837244,19081582
1134,2014-08-01,46.915138244628906,48.071748566654,46.7163423985547,48.071748566654,10682255
1135,2014-08-04,47.872947692871094,48.686191225043146,46.39103627599567,47.34885545563642,23311942
1136,2014-08-05,47.872947692871094,48.451255185110895,47.34885545563642,48.07173859534491,16126934
1137,2014-08-06,48.45125961303711,48.75848595596342,47.47536532429834,47.65608612574141,9867110
1138,2014-08-07,48.61391067504883,49.282578693515234,48.378974588119014,48.70427108558845,11406313
1139,2014-08-08,47.674156188964844,48.48739971087744,47.150063958341846,48.34281916286766,5755079
1140,2014-08-11,47.69223403930664,48.36090202399513,46.98742091175498,48.36090202399513,7165189
1141,2014-08-12,47.80066680908203,48.035607797536855,47.38500990256088,47.74645154342553,4457748
1142,2014-08-13,47.81874465942383,48.523552959356124,47.294652288241146,47.7103092193345,7838517
1143,2014-08-14,48.144039154052734,48.43319051075419,47.90910306393704,48.252469687224256,4598772
1144,2014-08-18,48.72235107421875,48.90307191371454,47.83681699974275,47.92717741949065,5649943
1145,2014-08-19,49.354862213134766,49.84280934359267,48.21632217697655,48.83076994294565,7522151
1146,2014-08-20,49.553653717041016,49.734374515479516,49.264502400485576,49.40907805876329,11632976
1147,2014-08-21,49.3187255859375,49.55366168119287,49.01149919874224,49.40908599967928,5097954
1148,2014-08-22,48.48740768432617,49.48137215233721,48.397047278143354,49.33679158055207,3969492
1149,2014-08-25,47.872947692871094,48.61390095012628,47.71029702549066,48.50547044011602,7109144
1150,2014-08-26,47.34886932373047,48.07175267516554,47.13200824019312,47.69224087660872,7855848
1151,2014-08-27,46.806697845458984,47.78259214393389,46.21032017522011,47.24042973419573,14179712
1152,2014-08-28,46.69827651977539,47.095863345678296,46.06575358386465,46.82478208743083,24486863
1153,2014-09-01,47.85489273071289,47.99946842396793,45.9753940112976,46.26454539780768,7250215
1154,2014-09-02,47.891021728515625,48.162102928084224,47.43921972923464,47.63801555033754,8985537
1155,2014-09-03,47.981388092041016,48.25246932530265,47.49344579406292,48.1259686716734,8220774
1156,2014-09-04,48.97065734863281,49.098418763871955,47.65649820298913,48.22231431718457,8542895
1157,2014-09-05,49.080177307128906,49.46347152370352,48.5508615306915,49.1531880870603,5566453
1158,2014-09-08,48.58735275268555,49.536467858903265,48.09454250991629,49.28093515488227,6820385
1159,2014-09-09,48.93415069580078,49.280939451522165,48.73337356764359,48.76987895014718,6490318
1160,2014-09-10,49.700748443603516,49.865015252971595,48.824638988738315,48.824638988738315,5594235
1161,2014-09-11,50.321311950683594,50.449078304514295,49.390451996477275,49.8467568664264,6309287
1162,2014-09-12,49.33570098876953,50.339571795981385,49.15317902382192,50.12054444779922,7528757
1163,2014-09-15,49.91977310180664,50.120550257256134,48.86114657265047,48.93415734758224,3929071
1164,2014-09-16,49.62773513793945,50.30306741190461,49.09841944858764,49.73724633859314,6434969
1165,2014-09-17,49.700748443603516,49.865015252971595,48.8428941572629,49.82850986714796,5122756
1166,2014-09-18,49.84675216674805,50.339562370074646,49.33569175083405,49.57296927059152,16935401
1167,2014-09-19,49.95627975463867,50.79588388271776,49.554730384794404,49.554730384794404,17128011
1168,2014-09-22,50.011024475097656,50.15704599687355,49.44520840750287,49.93801866543451,7010679
1169,2014-09-23,49.82850646972656,50.52209389940872,49.55472352155471,50.19355040062236,10349414
1170,2014-09-24,49.59123611450195,50.15705726038507,49.408714122518866,49.6824971104935,6457902
1171,2014-09-25,49.64598083496094,50.02927990480713,49.372197907024294,49.64598083496094,16106351
1172,2014-09-26,50.011024475097656,50.15704599687355,49.29919183695178,49.66423573894191,5236288
1173,2014-09-29,50.94190979003906,51.142682036021064,49.82852247249976,50.01104449656587,8073293
1174,2014-09-30,49.37220764160156,50.75937772071982,48.952408059572996,50.722872332885636,12952693
1175,2014-10-01,49.62773513793945,50.37607322859864,49.17143021650695,49.64598535430664,7924373
1176,2014-10-07,50.102291107177734,50.28481307877965,49.26269201829904,49.627735961502886,8847590
1177,2014-10-08,50.33957290649414,50.66811146040251,49.93802358450601,50.01102940136049,4593053
1178,2014-10-09,50.394317626953125,50.70460589746384,50.12053473260087,50.4308230031116,9248781
1179,2014-10-10,49.664241790771484,50.32131891393185,49.53647541926102,50.193552542421386,11619666
1180,2014-10-13,49.2261848449707,49.77375073987921,49.11667364647907,49.226184844970696,10406480
1181,2014-10-14,49.664241790771484,49.88326914890008,49.04366510127805,49.3357032291913,14165351
1182,2014-10-15,49.664241790771484,49.664241790771484,49.664241790771484,49.664241790771484,0
1183,2014-10-16,48.89763641357422,49.70073487758311,48.36832084167415,49.645974338182,11263977
1184,2014-10-17,48.95240020751953,49.46346070154563,48.73337286687263,49.26268852750056,5532569
1185,2014-10-20,49.31745147705078,49.828512047265264,48.73338013199463,48.73338013199463,7878465
1186,2014-10-21,51.08790969848633,51.41644824403259,49.33570082142283,49.5547232176369,6706899
1187,2014-10-22,51.03316116333008,51.65373295721004,50.72287279077717,51.47121096761725,11612786
1188,2014-10-27,51.85449981689453,53.07739789451316,51.16091738444997,51.43470031445899,11023074
1189,2014-10-28,52.018775939941406,52.16479252467534,51.033155328343106,51.74498803563052,7011349
1190,2014-10-29,52.03702163696289,52.56633728078133,51.106156706581295,52.34730994709009,13392055
1191,2014-10-30,52.7306022644043,53.004385184349594,51.69022617836721,51.83624274542643,15543181
1192,2014-10-31,53.22341537475586,53.42418754636372,52.511577764100835,52.730605102088916,12145111
1193,2014-11-03,52.876625061035156,54.75660529379272,52.76711386064503,53.478951516856654,13632949
1194,2014-11-05,52.00052261352539,53.25992622280123,51.854506023621425,52.82187150186386,5298871
1195,2014-11-07,52.8948860168457,53.113913392819285,51.872759912710926,51.872759912710926,4488647
1196,2014-11-10,54.06303024291992,54.537590439552375,52.11004869732652,52.93139774214758,10354057
1197,2014-11-11,53.89875793457031,55.08515087890623,53.624974947415865,54.39156830169348,8362310
1198,2014-11-12,52.18303680419922,53.88048992996588,51.85449828811934,53.64321238786512,6309241
1199,2014-11-13,52.803627014160156,53.059154836411146,52.20130542093698,52.54809424068318,10971261
1200,2014-11-14,52.60283660888672,53.259918596201345,52.20129228195665,52.51157563436175,6123081
1201,2014-11-17,53.570220947265625,53.679732164922235,52.45683379536856,52.71236657153537,4923950
1202,2014-11-18,54.15427780151367,54.68359347946102,53.29642852868375,53.64321729076548,6475424
1203,2014-11-19,53.53369903564453,54.756597027777765,53.022638592264464,54.30029217632689,5431984
1204,2014-11-20,53.3511848449707,53.66147317927534,52.65760236025903,53.36943506119,3590544
1205,2014-11-21,53.49720001220703,53.66147175873296,53.09565070498538,53.09565070498538,5424821
1206,2014-11-24,52.00052261352539,53.113909632897254,51.54421767555958,52.85837688714622,6633290
1207,2014-11-25,50.777626037597656,51.47120857557189,49.59123316038034,51.47120857557189,55543705
1208,2014-11-26,50.79587936401367,51.28868473415647,50.39433002989046,50.55859683619625,5741991
1209,2014-11-27,51.379947662353516,51.94576877538267,50.86888710472039,50.86888710472039,4482174
1210,2014-11-28,52.09177780151367,52.42031633002634,50.90538509488883,51.43470074448833,4619433
1211,2014-12-01,50.50384521484375,52.16479828435604,50.30307300756986,51.81800452500022,2477146
1212,2014-12-02,50.394317626953125,50.81411707471506,50.28480149847769,50.376062463261775,2350906
1213,2014-12-03,50.08403778076172,50.75937002400214,49.974526585090324,50.37607093670215,8617759
1214,2014-12-04,49.82850646972656,50.26656116729159,49.536473305499996,50.04753381850907,4516507
1215,2014-12-05,49.91977310180664,50.44908884199759,49.64599012265113,49.75550628504878,5700055
1216,2014-12-08,49.59123611450195,50.48559585570945,49.445219511160666,49.919774709826335,3081176
1217,2014-12-09,49.2626953125,49.95627786072215,49.13492893358983,49.42696707841674,4817465
1218,2014-12-10,50.102291107177734,50.30306824667506,49.02541444546162,49.134925647932626,3714413
1219,2014-12-11,49.62773513793945,50.37607322859864,49.18968043287414,50.339572795864264,3222482
1220,2014-12-12,49.207942962646484,49.7737591693865,48.75163797294453,49.68249817144611,4812683
1221,2014-12-15,49.080177307128906,49.35396030503251,48.532611311321695,48.8246445285951,2791969
1222,2014-12-16,48.569114685058594,49.22619187225985,48.24057609145797,48.75163667608404,4811157
1223,2014-12-17,47.820770263671875,49.04366856086426,47.309709692804745,48.40484160947392,6760384
1224,2014-12-18,48.039791107177734,48.678617971732024,47.29145304633274,48.204062852838874,5750448
1225,2014-12-19,49.572975158691406,49.7007415156516,47.63823949198312,48.423087848499364,4845177
1226,2014-12-22,49.95627975463867,50.10229635697499,49.18968640334069,49.60949094299317,3767407
1227,2014-12-23,50.75937271118164,51.014900498350784,49.81025747729193,49.93802384648915,6644017
1228,2014-12-24,49.7555046081543,50.7228701116558,48.952405915874415,50.7228701116558,8715919
1229,2014-12-26,50.04752731323242,51.01489261412119,49.82849999291951,50.55858775981285,2310253
1230,2014-12-29,50.011024475097656,50.83237325457545,49.901513284990536,50.37606837708779,1421574
1231,2014-12-30,50.248313903808594,50.558597302322,50.10229236188995,50.376075326149184,2146065
1232,2014-12-31,50.37607192993164,51.16092033554281,50.17529975016725,50.48558807898734,3960548
1233,2015-01-01,50.04752731323242,50.44907657526867,49.97452150727782,50.376065818089515,778837
1234,2015-01-02,50.64985656738281,50.868883921584334,50.06579022447916,50.06579022447916,3612848
1235,2015-01-05,50.70460891723633,51.142658603553954,49.70073824482473,50.55858740390594,7291352
1236,2015-01-06,49.572975158691406,50.485584920943005,48.970653705850324,50.39432394471785,8288963
1237,2015-01-07,50.28481674194336,50.55859971929087,48.733379870307495,49.280945825002505,3256180
1238,2015-01-08,50.50384521484375,50.704622373343476,49.73725187131699,50.37607883238499,2436600
1239,2015-01-09,50.54034423828125,50.9236383861632,49.99277834060692,50.485588638758855,2079643
1240,2015-01-12,49.82850646972656,50.81412706363528,49.46346253883076,50.23005578395697,3660975
1241,2015-01-13,49.59123611450195,50.30307386372636,49.372208733877066,49.84676888376864,2850708
1242,2015-01-14,49.664241790771484,49.9745301355182,49.20793685768084,49.57298080415336,3939014
1243,2015-01-15,52.18303680419922,52.45681972613658,49.82850169504808,49.82850169504808,6425406
1244,2015-01-16,53.78924560546875,54.37331700996872,51.39820932760397,52.128297345422375,8222495
1245,2015-01-19,53.97174835205078,54.35504739537475,52.7123499414207,53.71622060772595,5082702
1246,2015-01-20,53.807491302490234,54.75660654878384,53.588463945464724,54.39156260414979,6145107
1247,2015-01-21,53.62497329711914,54.04477287425819,53.314684930981315,53.77098989552937,2865190
1248,2015-01-22,54.15427780151367,55.267664756555455,53.533706092471284,53.69797288991258,7016755
1249,2015-01-23,54.59233093261719,54.756602676575895,53.734476733146735,54.31854799350268,4549463
1250,2015-01-27,54.73835754394531,55.1216566997029,53.734486583173336,54.11778573893093,6048058
1251,2015-01-28,54.555824279785156,55.377173077997945,54.39155749087754,54.92086819010195,5448999
1252,2015-01-29,54.31854248046875,54.738341954258644,53.880487841855675,54.701841527061326,6923717
1253,2015-01-30,54.02652359008789,54.93913353495969,53.29643563419045,54.20904557906225,3094145
1254,2015-02-02,53.97174835205078,54.28203663915367,53.29642113751592,53.75272598583649,2427202
1255,2015-02-03,53.73448181152344,54.537580489315815,53.47895401493531,54.35505851265623,1320013
1256,2015-02-04,53.387691497802734,54.4828233264002,53.259925127554624,53.84399642638501,1740828
1257,2015-02-05,52.43857955932617,53.624972448373555,52.09178581126821,53.38769486080921,2453418
1258,2015-02-06,52.36556625366211,52.931387344122825,51.690233959228564,51.9822720885318,2422833
1259,2015-02-09,51.63548278808594,52.36557074715478,51.10616703727068,52.2013039270998,2511094
1260,2015-02-10,52.967891693115234,53.36944105607204,51.106166429388786,51.179177204917586,3982617
1261,2015-02-11,53.205162048339844,54.33679415119178,52.931379129670894,53.2964230212295,5670681
1262,2015-02-12,54.84784698486328,55.486673648620936,53.31466101135551,54.31853148297468,7776840
1263,2015-02-13,55.304168701171875,55.74221843417941,54.51932526387815,55.395429681118245,8270115
1264,2015-02-16,55.76047134399414,56.36279279701613,55.486688415236436,55.486688415236436,3789682
1265,2015-02-18,56.49056625366211,56.581827241384225,55.21291242555258,55.523200774052846,4034642
1266,2015-02-19,56.326290130615234,56.600073072566445,55.17640276466514,56.50881209191604,2708022
1267,2015-02-20,55.9430046081543,56.508820794838115,55.59621084778303,56.18028220414345,4586215
1268,2015-02-23,56.910362243652344,57.49443351874891,55.669213878587854,55.85173584260396,5857600
1269,2015-02-24,57.22065353393555,57.56744231277764,56.78259881713718,56.910365188805486,3786009
1270,2015-02-25,56.41755676269531,57.5856994125251,55.70572401305187,57.530943808894925,3842514
1271,2015-02-26,55.76047134399414,57.11113082179726,55.04863374873417,56.25328160600298,7368101
1272,2015-02-27,57.34840393066406,57.494420478514094,55.5231847044786,55.833468011950906,4870174
1273,2015-03-02,57.20240020751953,58.04200428321039,56.72784504173055,57.585699334865,3288237
1274,2015-03-03,56.782588958740234,57.09287724999911,56.27152851202096,57.019866492800126,3773373
1275,2015-03-04,56.38105392456055,57.43968541497268,55.88824851839205,57.00163066368312,4927543
1276,2015-03-05,56.63658142089844,57.00162536261592,55.34067740829151,56.2167818781684,2511965
1277,2015-03-09,55.09286117553711,56.59622769198645,54.89118720690308,56.211216464598635,2904210
1278,2015-03-10,54.45119857788086,55.1295476517887,53.791181246507115,55.09287919337742,4007085
1279,2015-03-11,54.231201171875,55.00121902399932,54.06619557022557,54.78121321291468,3350372
1280,2015-03-12,54.87287139892578,55.88122661477814,54.2861910059431,54.2861910059431,4034334
1281,2015-03-13,53.754520416259766,55.14788722021578,53.53451958125851,55.092887011465464,3743353
1282,2015-03-16,53.80952835083008,54.15786633962951,53.36951671163245,53.36951671163245,1546607
1283,2015-03-17,54.139530181884766,54.634541992309025,53.552849701876134,53.937856124793,4288235
1284,2015-03-18,53.77284622192383,54.359526600666726,53.49784026063898,54.08452063938187,3493449
1285,2015-03-19,53.5711784362793,54.726207586815775,53.167840291446666,53.77285248203895,2641643
1286,2015-03-20,54.341182708740234,54.94619972233286,53.021153274248675,53.53450164618691,3763675
1287,2015-03-23,54.707862854003906,55.697886274162336,54.46952535606728,54.817868219211846,4249360
1288,2015-03-24,54.2495231628418,55.312883562994855,54.08452256420431,54.63453450634847,5170910
1289,2015-03-25,53.71784210205078,54.469523018673875,53.60783674156338,54.176185337392276,6008163
1290,2015-03-26,53.20450973510742,54.81788238843797,52.819503290720384,53.864527176927346,11848617
1291,2015-03-27,53.076168060302734,53.51617463600904,52.507819395002116,53.204500203211026,3479176
1292,2015-03-30,53.167842864990234,53.387843691604864,52.6544943406399,53.18617460942693,4359504
1293,2015-03-31,53.25950622558594,53.699512808304135,52.984500246383405,53.35117488532011,4797950
1294,2015-04-01,53.69952392578125,53.846192817052355,53.20451206606518,53.20451206606518,2808077
1295,2015-04-06,54.2495231628418,54.79953510498596,53.47950544917139,53.68117947863001,5315447
1296,2015-04-07,54.2495231628418,54.34119181986583,53.534510622060154,53.97451719176972,2457023
1297,2015-04-08,54.01118087768555,54.92786736694208,53.901180488311766,54.1028495266112,4009038
1298,2015-04-09,55.36788558959961,55.587891368385726,54.047855890225996,54.10285609158675,2422269
1299,2015-04-10,55.99123001098633,56.11956713090864,55.111211861058294,55.55122342269389,2200148
1300,2015-04-13,56.596248626708984,57.09125542977206,55.27621888073979,56.02789993033751,2208671
1301,2015-04-15,55.569549560546875,57.201253549242956,55.3678805162553,56.81624222830996,2330815
1302,2015-04-16,55.257877349853516,55.82622599670884,54.084521546040655,55.42288291872764,2492100
1303,2015-04-17,55.03787612915039,55.587888056676576,54.6711965374568,55.25787692148662,3666806
1304,2015-04-20,54.92787170410156,55.954563637142996,54.50619688041619,55.07454055929522,2278982
1305,2015-04-21,54.57954406738281,55.734573436363775,54.30453802207197,55.00122398220153,2312891
1306,2015-04-22,53.919525146484375,54.83621185535535,53.754519549550125,54.63454276874121,4849646
1307,2015-04-23,53.77284622192383,54.616195847193595,53.49784026063898,54.26785794690511,3515131
1308,2015-04-24,53.47951889038086,54.24953679758277,52.819506383261604,53.53452407709428,2613457
1309,2015-04-27,53.149513244628906,54.17620545708725,52.984512602634275,53.57118818307419,2052351
1310,2015-04-28,52.966163635253906,53.717849630567635,52.6178257115805,52.911163433973165,3429520
1311,2015-04-29,52.45281982421875,53.094500439833375,52.25115076293424,52.929494863623816,2061972
1312,2015-04-30,52.141151428222656,53.094506590821865,51.48113899360824,52.1044829655566,4099911
1313,2015-05-04,52.856170654296875,53.02117128130704,51.70114139850673,52.43449575414583,3652050
1314,2015-05-05,52.48948669433594,53.77284788673143,51.90280629742941,52.45281823702748,7999174
1315,2015-05-06,51.55446243286133,52.34281684330472,51.35279338151333,52.34281684330472,6031578
1316,2015-05-07,51.4444580078125,51.719463950847725,50.61944017870683,51.33445264659295,5448071
1317,2015-05-08,51.3344612121582,52.1411474356672,51.22446080592663,51.70113586405443,2987105
1318,2015-05-11,52.43449783325195,52.562830001567164,51.26113678571643,51.60947477211255,3927933
1319,2015-05-12,51.077789306640625,52.45281918036502,50.8211150742082,52.397818980084644,4551824
1320,2015-05-13,51.64613723754883,51.88447477388849,50.61945017023485,51.151125447708964,4097879
1321,2015-05-14,51.11445617675781,51.62779965233283,50.69277638324058,51.62779965233283,3467677
1322,2015-05-15,51.352806091308594,51.95781836843567,51.07780005867411,51.40780630316669,6305129
1323,2015-05-18,51.352806091308594,51.682812335801174,50.87612598406905,51.151132016703535,14967798
1324,2015-05-19,50.87611770629883,52.764496135150026,50.63778017812965,51.33446101944849,6595326
1325,2015-05-20,51.627811431884766,51.847817249712044,50.98613069767253,51.00446244359814,5168468
1326,2015-05-21,51.151119232177734,51.682799418389145,50.85778152668766,51.517793850711726,2628801
1327,2015-05-22,51.682804107666016,52.04947875946908,50.38111108310243,51.07779192685961,5380668
1328,2015-05-25,52.47115707397461,52.58116246077451,51.71947597755475,51.976145266734015,5557091
1329,2015-05-26,52.45281982421875,52.65448888550327,51.90280786797765,52.58115694201029,2220470
1330,2015-05-27,52.5078125,52.65448133930912,51.99446907574689,52.45281230692687,1137269
1331,2015-05-28,52.5078125,52.89282379819659,51.53612584456691,52.89282379819659,3848527
1332,2015-05-29,52.691162109375,52.966168112367434,51.79280717692897,52.25115548859321,3473570
1333,2015-06-01,52.47115707397461,53.86452382670159,52.159487578067186,53.7728551577068,15815832
1334,2015-06-02,52.25115203857422,52.39782090248395,51.829472216486856,52.25115203857422,4635659
1335,2015-06-03,52.5078125,52.7094865057246,51.6094577775503,52.122806175145755,6029264
1336,2015-06-04,52.92948913574219,53.22283179799856,52.21447665401124,52.434482407367895,8566490
1337,2015-06-05,53.13117218017578,53.64451570970821,52.434491320571524,52.80116598071517,8696044
1338,2015-06-08,53.589515686035156,53.791184760456744,52.782829441661995,53.33284143373186,4215142
1339,2015-06-09,54.0295295715332,54.322872324145955,53.27784840381713,53.534522690685286,2699663
1340,2015-06-10,53.956180572509766,54.341186907872114,53.6078377179686,54.102849415821964,2875048
1341,2015-06-11,53.534523010253906,54.02952989405671,53.112843111689905,53.75452385934667,2113307
1342,2015-06-12,53.31451416015625,53.51618325148679,52.159489874635184,53.351182624037385,2614529
1343,2015-06-15,51.77447509765625,53.16784182113969,51.572806019437714,53.16784182113969,3574132
1344,2015-06-16,52.837825775146484,53.03949980813624,51.51779609621938,51.62780147058007,2705206
1345,2015-06-17,51.99447250366211,52.92949076757664,51.499460786683905,52.691153266318295,3030212
1346,2015-06-18,52.049476623535156,52.32448260110215,51.646133528434966,51.81113910431238,4549773
1347,2015-06-19,51.3344612121582,52.21448435538375,50.85778615403041,52.04947877269314,9119658
1348,2015-06-22,51.81114196777344,52.141148164423754,51.481135771123114,51.64613638277661,1849073
1349,2015-06-23,51.11445617675781,51.9944742739354,51.022787521357166,51.70113159264764,4200054
1350,2015-06-24,51.27946090698242,51.53613515213623,50.98612317538657,50.98612317538657,3101425
1351,2015-06-25,51.81114196777344,52.031147756654754,50.91278706873442,51.40779885038156,11124905
1352,2015-06-26,51.004459381103516,51.792808955417215,50.9311274284602,51.51780294298148,4184617
1353,2015-06-29,51.151119232177734,51.407793454488655,50.49110690815367,50.52777536467563,3452315
1354,2015-06-30,51.004459381103516,51.481139453331664,50.47278407440064,51.15112825973384,2588831
1355,2015-07-01,52.196163177490234,52.471169248281235,50.74780085533114,51.02280692612214,1988394
1356,2015-07-02,51.88447570800781,52.43449268588828,51.55446949995433,52.41615596839762,2965570
1357,2015-07-03,51.88447570800781,52.41615596839762,51.5178010383165,51.5178010383165,3051297
1358,2015-07-06,51.3344612121582,52.1411474356672,51.22446080592663,51.51779853810631,2083899
1359,2015-07-07,50.821128845214844,51.88448457436406,50.692791694223104,51.70114720818852,3234495
1360,2015-07-08,50.601112365722656,51.04112394131247,50.01443689606065,50.63778082591236,2440394
1361,2015-07-09,50.23442840576172,50.80277700007058,50.19776492570637,50.637771446451985,2478234
1362,2015-07-10,50.83945846557617,51.02279580614672,50.17944105551599,50.27110972580127,2901055
1363,2015-07-13,51.3344612121582,51.481135051591295,50.25277397307029,50.747785747798844,1612390
1364,2015-07-14,51.40779495239258,51.68280092430611,50.89445146615591,51.37112649480218,2264950
1365,2015-07-15,51.24279022216797,51.59113311498788,51.15112156335673,51.35279559674728,1504877
1366,2015-07-16,51.18779373168945,51.389467779697526,51.004456400778516,51.22446219254032,1827243
1367,2015-07-17,51.77447509765625,51.97614417587479,51.151126172236886,51.2061313511542,1696436
1368,2015-07-20,51.40779495239258,51.97613863834336,51.35279475267846,51.97613863834336,1668294
1369,2015-07-21,51.3344612121582,51.66447237753941,51.20612906266913,51.389466388617244,1315889
1370,2015-07-22,52.36115646362305,52.52616205653064,50.89445776522166,51.224463977693254,1890132
1371,2015-07-23,52.15949249267578,52.544498949392825,51.60947545353935,52.47116201794955,1225377
1372,2015-07-24,52.08613967895508,52.41614582313513,51.77446527537404,52.14113987409466,1692284
1373,2015-07-27,51.48114013671875,52.41615860207468,51.35280300120972,51.82947810642182,1296310
1374,2015-07-28,51.8294677734375,51.95780488336059,51.132786999581405,51.701130663514405,1547151
1375,2015-07-29,51.3344612121582,51.81114124362925,51.15112388621009,51.591135457822865,1900932
1376,2015-07-30,52.214473724365234,52.52614810968787,51.29778728126469,51.40778766509986,2942993
1377,2015-07-31,52.06781768798828,52.379492179700065,51.4811421428178,52.379492179700065,1956499
1378,2015-08-03,51.55446243286133,52.39781704155028,51.444462036370204,51.719468000940836,1508372
1379,2015-08-04,51.70112228393555,52.25113909065252,51.31611598990982,51.517785006143875,1001510
1380,2015-08-05,51.609474182128906,51.86614846251308,51.37113662082586,51.701142857502695,1107859
1381,2015-08-06,51.719478607177734,52.03115309227551,51.40780412207996,51.44447258621096,1295185
1382,2015-08-07,51.18779373168945,52.17781730794588,51.09612506623399,51.536136649757594,2213871
1383,2015-08-10,50.619441986083984,51.88446638520849,50.38110448827872,51.371122934548865,2570753
1384,2015-08-11,50.58278274536133,51.62780655124141,49.72109627478149,51.33446383075491,3873211
1385,2015-08-12,49.86775207519531,50.56443774537034,49.75775169218989,50.23442664966966,1472522
1386,2015-08-13,50.52777099609375,50.82110867622214,46.20100788747467,49.79442182243042,2470225
1387,2015-08-14,50.72945022583008,50.986124477539185,50.49111269115355,50.52778115187534,1304682
1388,2015-08-17,50.63776779174805,51.13277944353472,50.21609304146384,50.78443662141098,813782
1389,2015-08-18,50.381103515625,50.85777850203287,50.10609756807988,50.63777274932827,1461999
1390,2015-08-19,50.03276443481445,50.7477819417232,49.904427321607386,50.41777080109277,2417706
1391,2015-08-20,49.9044303894043,50.216104833968906,49.26274975726553,49.53775574246786,2256015
1392,2015-08-21,48.91442108154297,49.57443358156905,48.78608393616452,49.50109664896876,4024183
1393,2015-08-24,48.071048736572266,48.584392157718504,46.82435614997647,47.97938009089107,7651174
1394,2015-08-25,47.15437316894531,49.006083223319415,45.88934357707927,48.03439137603568,12357515
1395,2015-08-26,48.01605987548828,48.6944090082861,46.93436761183688,47.15437340806097,2616303
1396,2015-08-27,49.446083068847656,50.76611268538478,47.759378835124814,48.5660649822705,5402025
1397,2015-08-28,49.55609130859375,50.417772730219674,49.02441109353926,49.72109191187946,2205183
1398,2015-08-31,47.90605163574219,49.666087771241216,47.7043776165991,49.31774490303033,2305711
1399,2015-09-01,47.33770751953125,48.071056808116474,46.934364416140745,47.4293761806044,3973158
1400,2015-09-02,45.90767288208008,47.667709012080685,45.375992710859755,47.41103977034955,4507483
1401,2015-09-03,46.64101791381836,46.95269229748938,45.87100031102591,45.981000694278165,3114461
1402,2015-09-04,45.32100296020508,46.531027456807685,44.89932805825834,46.531027456807685,3868544
1403,2015-09-07,45.32469940185547,46.28826189294757,44.676139991900136,45.510000654237516,3112256
1404,2015-09-08,46.71446228027344,47.25183293630583,44.8799777341657,45.21351900801659,2951677
1405,2015-09-09,46.69593811035156,48.36364982667701,46.177095470596434,47.955990983981955,3201416
1406,2015-09-10,45.71384048461914,46.23268310472275,44.73174462752671,46.23268310472275,3984541
1407,2015-09-11,46.06591796875,46.62182188950067,45.6211928215016,45.95473416862807,1783681
1408,2015-09-14,47.270362854003906,47.41860285153341,45.769419684144886,46.25120595938853,2400945
1409,2015-09-15,47.566856384277344,48.23394410290815,46.6959392393708,47.25184315825332,3189547
1410,2015-09-16,48.586002349853516,48.73424235533468,47.43713351079216,47.622434774298235,2668351
1411,2015-09-18,49.475460052490234,49.99430774419017,48.73425480905577,48.91955611991438,2710372
1412,2015-09-21,50.60578536987305,50.772553481952656,48.8083622066715,49.216025969451984,3040868
1413,2015-09-22,48.5489501953125,50.77256577433877,47.90039565142983,50.66138700603523,2618545
1414,2015-09-23,47.36301803588867,48.91954569957361,46.621812950338125,48.567476299908314,5775906
1415,2015-09-24,46.473567962646484,48.19687380972699,46.15855982223871,47.43713558023741,9733917
1416,2015-09-28,46.9924201965332,47.80774285627234,46.214153773485556,46.8627082882554,2407051
1417,2015-09-29,47.566856384277344,48.36365099601836,46.47357666649387,46.64034985280648,2414852
1418,2015-09-30,49.049259185791016,49.178971085293334,47.56684896660765,47.58538211031876,3047665
1419,2015-10-01,48.382179260253906,49.62369889246397,48.270995471725456,49.290152553497734,2020545
1420,2015-10-05,49.10485076904297,49.716349033214286,48.53041879395854,48.54894691188291,1811432
1421,2015-10-06,49.012203216552734,49.84605905486998,48.80837380005627,49.234565778761215,1868486
1422,2015-10-07,49.12337112426758,49.36426172766368,48.808358015233715,49.141899237368136,1403044
1423,2015-10-08,49.0863151550293,49.29014452754641,48.771302012087865,49.25308829735662,1318938
1424,2015-10-09,49.12337112426758,49.475440459502565,48.88248052087148,49.29013922202591,1421375
1425,2015-10-12,49.401336669921875,49.54957669565795,48.845432803447245,49.104851591830574,1574616
1426,2015-10-13,49.30868148803711,49.54957213601843,49.08631895658562,49.29014834488858,715400
1427,2015-10-14,49.29014587402344,49.4754471365076,48.99366586469616,49.253089642821365,1722301
1428,2015-10-15,50.049888610839844,50.19812862896406,49.364272872069066,49.4754516290075,2959602
1429,2015-10-16,50.03135299682617,50.40195553714905,49.51251044569787,50.17959803425025,3651488
1430,2015-10-19,49.586639404296875,50.161071405752175,49.23456493461827,50.03135949446956,1640198
1431,2015-10-20,50.36490249633789,50.80962255693873,49.47545232189825,49.66075360380335,3296804
1432,2015-10-21,50.36490249633789,50.84668381864354,49.994299932527696,50.401958731423726,3504240
1433,2015-10-23,50.53166961669922,50.976394694965144,50.2166564384791,50.58725899482774,2367650
1434,2015-10-26,50.30930709838867,50.716970915864685,50.12400582013766,50.5872590157652,1788557
1435,2015-10-27,49.623695373535156,50.49460734217782,49.4569222158783,50.23518857391233,1680870
1436,2015-10-28,48.567474365234375,49.64222069114667,48.34511184310323,49.345740679384136,4725765
1437,2015-10-29,47.492740631103516,48.40071404949441,46.77006349922806,48.40071404949441,6657486
1438,2015-10-30,47.71508026123047,48.863948976416445,47.52977901770427,47.62242963946737,3034065
1439,2015-11-02,47.78921890258789,47.95599208871008,47.12213118471878,47.715096369507,1507300
1440,2015-11-03,48.78984451293945,48.97514580590719,48.2524687526853,48.34511939916917,2879807
1441,2015-11-04,48.62306213378906,49.62369093703352,48.326582131815016,49.36426716534249,10212719
1442,2015-11-05,48.53042221069336,49.104854226220084,48.32659279269857,48.84543542391939,9402139
1443,2015-11-06,48.660125732421875,49.10484575678475,47.826270031795595,49.067789524718435,4219805
1444,2015-11-09,48.196868896484375,48.51188203139806,46.936816356829645,47.80773324984341,5260832
1445,2015-11-10,47.5483283996582,48.15982170684587,47.325965826148234,47.881869746613326,1531108
1446,2015-11-13,48.25246810913086,48.69719321696974,47.25183912980299,47.437140420299315,1386876
1447,2015-11-16,47.807743072509766,48.43776947178351,47.640974926786164,47.99304436328214,1462412
1448,2015-11-17,48.45628356933594,48.84541918333264,47.881851744801736,47.900379857870156,1602664
1449,2015-11-18,48.511878967285156,48.77129768870885,48.085682091700036,48.41922834678715,1327429
1450,2015-11-19,48.863956451416016,49.1789696189235,48.34511389549594,48.80836707517792,2523368
1451,2015-11-20,48.511878967285156,49.17896142422364,48.326577726289145,48.91953767618208,2168468
1452,2015-11-23,48.69718551635742,48.84542551998907,48.3636392249132,48.3636392249132,2177227
1453,2015-11-24,48.863956451416016,49.141908359225205,48.53041516736874,48.548943283908535,1241516
1454,2015-11-26,49.586639404296875,49.82753008146783,48.69719419733219,48.73425043488209,4171542
1455,2015-11-27,49.475460052490234,49.660761363348854,49.104857430773,49.53105446704363,1605635
1456,2015-11-30,50.4760856628418,50.73550949081166,49.40133913925988,49.49398978830349,2006989
1457,2015-12-01,50.40195083618164,51.143155847695546,50.16106021276326,50.43901209208098,2520479
1458,2015-12-02,50.179595947265625,50.605787845587756,49.88311091136703,50.40195344091651,1390936
1459,2015-12-03,49.586639404296875,50.40196208292313,49.40133811007009,50.03135949446956,1173194
1460,2015-12-04,48.45628356933594,49.54956287919907,48.34510483768989,49.54956287919907,1376556
1461,2015-12-07,48.60453796386719,48.863956729996865,48.06716226172496,48.54894356069344,1525844
1462,2015-12-08,48.25246810913086,48.62307069012353,47.93745490996326,48.54894816327731,1469647
1463,2015-12-09,48.23392868041992,48.80836053561311,47.82626493159667,48.067155547431945,2198948
1464,2015-12-10,48.45628356933594,48.54893418791357,47.900379857870156,48.17833171360305,1086874
1465,2015-12-11,47.4371337890625,48.54894137662091,47.21477126622712,48.54894137662091,1514970
1466,2015-12-14,47.492740631103516,47.95599391394167,46.97389293302892,47.1777273934496,1552518
1467,2015-12-15,47.9930419921875,48.10422577712942,47.15918622490845,47.492732553115246,1842404
1468,2015-12-16,49.419864654541016,49.697816587026836,48.06716625510052,48.178345017447185,2623492
1469,2015-12-17,49.86458969116211,50.08695224218026,48.82689946195044,49.401336470965596,1092627
1470,2015-12-18,50.179595947265625,50.587254703371215,49.30867900840482,49.66074839109769,28017527
1471,2015-12-21,51.680538177490234,51.84731133730322,50.1795998456487,50.1795998456487,6238035
1472,2015-12-22,51.32846450805664,52.106730887785616,51.12463511112189,51.71760021123058,9652753
1473,2015-12-23,51.90290451049805,52.069672655887324,51.43965128449583,51.43965128449583,3720080
1474,2015-12-24,51.92142105102539,52.19937292464673,51.64346917740406,51.8843597958856,2224191
1475,2015-12-28,52.6811637878418,52.903526311477044,51.754657461543694,52.05113747531168,5761043
1476,2015-12-29,52.23644256591797,52.847935780731504,52.03261316985309,52.69969576299169,8576492
1477,2015-12-30,52.25497055053711,52.49586623369919,51.97701863299828,51.97701863299828,8189382
1478,2015-12-31,52.310569763183594,52.625577944051436,51.73613273150241,52.254975353271064,7159928
1479,2016-01-01,52.25497055053711,52.56998372907155,52.1623199113575,52.40321559451959,3229824
1480,2016-01-04,52.23644256591797,53.49649025663471,51.8473118910236,52.069669404323875,6809859
1481,2016-01-05,51.56936264038086,52.60704784485625,51.217288181745026,52.273506531033384,4259054
1482,2016-01-06,51.69906234741211,51.865835494492316,51.1431585593027,51.365521079870156,5320149
1483,2016-01-07,51.18022155761719,52.53291981602666,50.957859029488006,51.699064105506196,6787347
1484,2016-01-08,52.49586486816406,52.625571738346444,51.47670786369893,51.88436664418998,10345830
1485,2016-01-11,53.088836669921875,53.922692506415025,51.513770618815435,52.069674509810866,8283638
1486,2016-01-12,52.90351867675781,54.38592858490224,52.64409493218542,53.18147053453489,6611338
1487,2016-01-13,52.9591178894043,53.51502170831478,51.92142774480016,53.05176852588938,7462021
1488,2016-01-14,52.940589904785156,53.55208818646743,52.403219176780325,52.403219176780325,10278564
1489,2016-01-15,51.55082702636719,53.088831667837674,51.25434698975203,52.681167847527654,7430643
1490,2016-01-18,51.198753356933594,52.27349968363281,50.920801460720774,51.88436401296376,7411237
1491,2016-01-19,50.38343048095703,51.810251353185755,49.95723853902351,51.30993688803815,7282040
1492,2016-01-20,49.901641845703125,51.995545013473595,48.382170555479334,49.88310870430658,15997901
1493,2016-01-21,48.9936637878418,50.90226570519881,48.91954127534282,49.95723131723723,10416175
1494,2016-01-22,49.32722473144531,50.3278539165245,48.95662207424861,49.36428600248903,8099084
1495,2016-01-25,49.29014587402344,49.82752154587488,48.64159145532888,49.66074839899176,8893503
1496,2016-01-27,51.235816955566406,51.60641953713839,49.438398456237614,49.586638483542565,14527719
1497,2016-01-28,53.25559616088867,53.552081203843834,52.06966604230518,52.25496730917019,22594616
1498,2016-01-29,54.793609619140625,54.997444080552626,53.55209483639232,53.66327361416624,11216960
1499,2016-02-01,54.38594055175781,54.99743376809425,54.16357801128486,54.81213248880327,12278379
1500,2016-02-02,54.20063781738281,55.72010927210047,53.737384631591986,54.29328845454098,18267134
1501,2016-02-03,53.380836486816406,54.48012436459379,52.71007967845714,53.60441703533598,12098041
1502,2016-02-04,54.703712463378906,54.964563187576196,53.231778477618775,53.97706048473437,8726120
1503,2016-02-05,54.1260986328125,54.92727544957077,53.79071782435392,54.796850141199656,6170693
1504,2016-02-08,53.08271026611328,54.42421856576358,52.78459955697582,54.05157765220883,3820374
1505,2016-02-09,52.89638900756836,54.21926726319598,52.54237812335085,52.84049388223554,7297377
1506,2016-02-10,53.418087005615234,53.86525813135703,52.5423798326927,52.5423798326927,8119293
1507,2016-02-11,50.94002914428711,53.604410881425395,49.971161679618746,53.231769937650355,7247688
1508,2016-02-12,51.55488586425781,52.46785820128732,50.790973948653246,51.424460522644125,16065640
1509,2016-02-15,51.68531036376953,52.4119622164449,51.46172478954124,51.83436572849965,8464543
1510,2016-02-16,51.90890121459961,52.37470243564687,51.3499397493429,51.83437099752536,6766384
1511,2016-02-17,52.020694732666016,52.113854982689794,51.18225248245199,52.113854982689794,7804863
1512,2016-02-18,52.11383819580078,52.82185485706205,51.79709243689654,52.206998415815825,8779283
1513,2016-02-19,52.54237747192383,52.915018375210295,51.81573074307464,52.09521142053949,6323086
1514,2016-02-22,52.03932189941406,52.728703601313015,51.55488564041886,52.54238312960708,2293985
1515,2016-02-23,51.089088439941406,52.28154157343345,50.94003306182157,52.16974624914358,3873885
1516,2016-02-24,52.057952880859375,52.5423840944843,51.29404095454322,51.42446124371937,11387961
1517,2016-02-25,49.09545135498047,52.26289917733199,48.83460574334639,52.20700405014368,19051305
1518,2016-02-26,49.803466796875,50.6419087605944,49.18860531340186,49.74756662254812,12511003
1519,2016-02-29,48.46196365356445,50.06431755037896,48.14521786811996,50.06431755037896,11485783
1520,2016-03-01,49.840736389160156,50.06432196650595,48.53649308462037,48.81597379273604,14281573
1521,2016-03-02,50.45558547973633,51.49897784294778,49.95251931901241,50.306525095621815,13550709
1522,2016-03-03,50.54875946044922,51.01456065201302,49.952532924394276,50.86550022729948,7057560
1523,2016-03-04,51.66668701171875,51.85300750526282,50.47423383132994,50.82824479077042,29228314
1524,2016-03-08,51.31266784667969,52.0579497016752,50.71644135183006,51.98341949446923,20131612
1525,2016-03-09,52.07658767700195,52.24427814168408,50.90276958702759,51.01456491490461,7284193
1526,2016-03-10,52.03932189941406,52.505123078678906,51.46172540456589,52.207007291389644,3713460
1527,2016-03-11,51.498985290527344,52.318797304655035,51.294034814128295,52.03931662542047,4685588
1528,2016-03-14,51.648048400878906,51.79710377467637,51.31267254626797,51.648048400878906,4423191
1529,2016-03-15,51.778465270996094,52.16973619493786,51.48035457220861,51.48035457220861,11655129
1530,2016-03-16,51.703941345214844,52.1697425275273,51.23814016290239,51.94616200343036,6170234
1531,2016-03-17,51.42445755004883,52.26289962789964,51.014556577623445,51.89025870441039,7509036
1532,2016-03-18,50.995933532714844,51.834375808418066,50.865508167863126,51.61079019071044,9195901
1533,2016-03-21,51.42445755004883,51.59214798732539,50.772335933942635,50.88413124354901,4674151
1534,2016-03-22,51.498985290527344,51.92752132116719,51.23813463486878,51.42445508769182,6628643
1535,2016-03-23,51.21950149536133,51.852993018127606,51.03318105387306,51.163606373767934,11545428
1536,2016-03-28,51.8343620300293,52.169737840308976,50.86549464701454,51.387195967744994,8691695
1537,2016-03-29,51.4803581237793,52.54238072039345,51.25677255713093,52.16973979406819,11478000
1538,2016-03-30,52.07658767700195,52.300173278489176,51.55489130970967,51.759846883684126,5797932
1539,2016-03-31,51.8343620300293,52.33742827258175,51.61077647175422,51.61077647175422,15715729
1540,2016-04-01,51.5362434387207,52.16972986029017,51.46171324594073,52.09520472177527,3935188
1541,2016-04-04,51.648048400878906,52.2070098433193,51.53625813409743,51.70394353426964,5649881
1542,2016-04-05,51.815738677978516,52.46786035859376,51.68531333100216,52.09521939824219,7744995
1543,2016-04-06,52.057952880859375,52.654179412120605,51.92752753741686,52.113848012544345,10418272
1544,2016-04-07,52.2442741394043,52.50512483020085,52.02068855504531,52.41196459124014,12408704
1545,2016-04-08,52.50511932373047,52.59827955292101,52.26289868442235,52.26289868442235,4133630
1546,2016-04-11,53.0081901550293,53.26903578675463,52.37469852005885,52.41196362580999,12360599
1547,2016-04-12,53.34356689453125,54.12611391138823,52.91502575259227,52.91502575259227,8901453
1548,2016-04-13,54.0329475402832,54.16336781640238,53.623041525187034,53.79072690345421,10239725
1549,2016-04-18,54.386962890625,54.685078705701706,53.194514793118366,54.03295699394649,7347390
1550,2016-04-20,55.150882720947266,55.858899604421424,54.08885486860254,54.29380539525371,7716065
1551,2016-04-21,54.461483001708984,55.728461081442205,54.070207014703705,55.28128996894069,6315086
1552,2016-04-22,54.424217224121094,54.89001835458181,53.77209564147609,54.51737745021324,4320738
1553,2016-04-25,53.58576965332031,54.44284162311722,53.119968570981726,54.44284162311722,3605005
1554,2016-04-26,54.088844299316406,54.49875032678764,53.30629734764694,53.827993630671244,8964411
1555,2016-04-27,53.79072952270508,54.40559110242192,53.52988390349942,54.144740428950165,3177289
1556,2016-04-28,52.85912322998047,54.20063149214235,52.6728027784098,53.73483036321571,9408511
1557,2016-04-29,53.43672180175781,53.60440718232529,52.35605909597089,53.008185756841925,4383214
1558,2016-05-02,53.231773376464844,53.66031453290326,52.76597216665492,53.287673565055314,3383764
1559,2016-05-03,54.10746765136719,54.70369406741178,53.28766075178808,53.28766075178808,4572397
1560,2016-05-04,53.19449996948242,54.070201980681105,52.915014259490185,53.95841174009647,4435593
1561,2016-05-05,53.380836486816406,53.772107500992504,52.95229530886458,53.28767624017763,2770226
1562,2016-05-06,53.08271026611328,53.41808607745939,52.35605846297516,53.343560927307955,3714029
1563,2016-05-09,53.4739990234375,53.71621466421763,52.78461215793477,53.10135802092435,5027038
1564,2016-05-10,52.85912322998047,53.567144989361545,52.5423774514572,53.34355943662361,7758595
1565,2016-05-11,52.71007537841797,52.9895560955345,51.9834234922084,52.46785976777026,4574270
1566,2016-05-12,53.62303924560547,53.79072461674412,52.61690680171098,52.877757451391965,4877581
1567,2016-05-13,53.93978500366211,54.107470374753085,53.06407788485711,53.399453681304706,6719824
1568,2016-05-16,53.82799530029297,54.368326678846636,53.28766897600546,54.01431576817131,4500368
1569,2016-05-17,53.99569320678711,54.40559930363305,53.138615903515245,54.40559930363305,4754541
1570,2016-05-18,53.30630111694336,53.9956878863099,53.17587577339838,53.66031204167023,2573082
1571,2016-05-19,53.809364318847656,54.25653040124842,53.3994582859474,53.3994582859474,6035130
1572,2016-05-20,53.95841598510742,54.08884131222718,53.54850998027349,53.883885782677346,3055890
1573,2016-05-23,55.2067756652832,55.48625640193526,54.03295758219792,54.25653812810613,10093334
1574,2016-05-24,54.66644287109375,55.61668038483424,54.48012238458777,55.52352014158125,3545037
1575,2016-05-25,55.78435516357422,55.89615046674154,54.79685778405768,55.15086866268894,7201959
1576,2016-05-26,56.11973190307617,56.41784258112795,55.37444509941606,55.89614636740467,11348343
1577,2016-05-27,56.21288299560547,56.79047423590852,55.44896629393826,56.417833421709254,7635493
1578,2016-05-30,56.54826354980469,56.9954295324972,55.65392653015472,56.306048010729796,6049447
1579,2016-05-31,55.896148681640625,56.77185578428895,55.728458259377874,56.64143046189188,4297008
1580,2016-06-01,55.48625564575195,56.11974732856992,55.299935157189815,56.11974732856992,5018958
1581,2016-06-02,55.97067642211914,56.11973682849283,55.188129505720376,55.48624526420198,3951078
1582,2016-06-03,56.045223236083984,56.21291371582189,55.616687076413804,56.119753461360226,3453446
1583,2016-06-06,55.616668701171875,56.156994965970256,55.35581805315499,55.97067451860551,2395810
1584,2016-06-07,55.85889434814453,56.25016533648468,55.6166787337308,55.67257386716989,3771426
1585,2016-06-08,56.84638595581055,56.97681128973914,55.63530295582473,55.89615362368191,3804592
1586,2016-06-09,56.939544677734375,57.55440117365779,56.77185929935482,56.902279575561415,4520638
1587,2016-06-10,57.53578186035156,57.815262597277105,56.958190359078834,56.976820386500485,8988984
1588,2016-06-13,56.56690979003906,57.29356166988426,56.39922439379768,57.29356166988426,7199310
1589,2016-06-14,56.10110855102539,56.79049532413954,56.00794831288202,56.54827971582008,2914984
1590,2016-06-15,57.53578186035156,57.66620721510351,56.32469866700756,56.32469866700756,5287666
1591,2016-06-16,57.61030197143555,58.24378849810132,56.585539449159306,57.535771766290914,5385026
1592,2016-06-17,58.523277282714844,58.85865314373328,56.976818273270624,57.759365318491376,8985642
1593,2016-06-20,58.374210357666016,58.6909561292907,57.852514115483636,58.50463568177801,5237563
1594,2016-06-21,58.13200378417969,58.61643500098464,57.777992857407035,58.33695428645877,5276594
1595,2016-06-22,57.982940673828125,58.39284162366873,57.61029977087068,58.15062604759954,4797461
1596,2016-06-23,58.374210357666016,58.821381453402694,56.9581769782759,57.94567433923998,5027803
1597,2016-06-24,58.05747604370117,58.18790139355265,56.11974603971709,57.18176875671737,6010853
1598,2016-06-27,57.38671112060547,58.504633769134216,57.014070237762546,57.03270026019852,5121198
1599,2016-06-28,57.92705154418945,58.13200711246945,57.256299812630715,57.591675678410084,5842035
1600,2016-06-29,59.34307861328125,59.752984615001154,57.964305258659486,58.057465483856475,9838712
1601,2016-06-30,60.777740478515625,61.05722112369435,59.36170217705099,59.622552800923856,18696297
1602,2016-07-01,61.54165267944336,62.00745375821645,60.740475834806674,61.11311669782515,9960809
1603,2016-07-04,61.63480758666992,62.34282415457141,61.355326963477374,62.11924369942917,5753019
1604,2016-07-05,60.08837127685547,61.78388566022761,59.920680819481696,61.59756517615302,5510329
1605,2016-07-07,60.870906829833984,61.16901752637043,59.69708395834078,59.99519970914288,5911690
1606,2016-07-08,61.28081130981445,61.634817121396495,60.21878376653728,60.92680044396689,7803900
1607,2016-07-11,62.08198165893555,63.777495501323536,61.83976611777511,61.89566123430983,11133401
1608,2016-07-12,62.08198165893555,62.976318686285964,61.87702615928826,62.23103698778311,9182267
1609,2016-07-13,60.311946868896484,62.77137786176152,59.88340578316362,62.17515140072367,11106820
1610,2016-07-14,61.5043830871582,61.70933857939802,60.330565465293084,60.572780997699404,7428442
1611,2016-07-15,61.206295013427734,62.00747209498749,60.777758905083374,61.87704674350877,6629943
1612,2016-07-18,60.81501007080078,61.78387747041293,60.59142956296146,61.33671140046835,3891623
1613,2016-07-19,62.00746154785156,62.23104710460343,60.740483465278736,60.85227371652176,5987973
1614,2016-07-20,62.73411178588867,63.34896826098857,62.19378045834488,62.23104555925578,7071425
1615,2016-07-21,60.55415344238281,62.73410343130097,60.29330282501089,62.7154683561944,4189305
1616,2016-07-22,61.98883056640625,62.62231707077308,60.68458740214628,60.92680297894141,7206087
1617,2016-07-25,62.95771026611328,63.199925890377095,61.914312497663936,62.06336787765192,3967394
1618,2016-07-26,63.870670318603516,64.46689682459474,62.30558142642595,63.069493320365055,8278821
1619,2016-07-27,64.26194763183594,64.72774880933181,63.92657179489216,64.46689812822763,8851677
1620,2016-07-28,65.65934753417969,66.64684496502139,64.1501487699732,64.42962946101892,31420184
1621,2016-07-29,65.58482360839844,66.14378504401434,65.10039238590457,65.99472967203673,12377513
1622,2016-08-01,66.03199768066406,67.03812527643151,65.45440113924941,65.58482649081186,11965659
1623,2016-08-02,66.66547393798828,67.1499101607203,65.6034513721767,66.14377766711725,6487056
1624,2016-08-03,65.54756164550781,66.74001478705188,64.72775453317963,66.70274967870361,10713465
1625,2016-08-04,66.40464782714844,66.8331839949652,65.7152609201733,65.88295140309903,9047354
1626,2016-08-05,65.77113342285156,67.52254765884823,65.60344805191505,66.70273566449539,8816394
1627,2016-08-08,66.51640319824219,67.07536444223756,65.39848071025146,65.95744195424683,9540514
1628,2016-08-09,65.6220932006836,66.94496666702887,65.39850760030032,66.5164305479499,6314021
1629,2016-08-10,64.98859405517578,65.77114103963443,64.69048332503259,65.62208567456284,3789657
1630,2016-08-11,64.8581771850586,65.78977958364663,64.26195063910895,64.87680721132375,5017074
1631,2016-08-12,66.3487319946289,66.70273782536238,64.9140634851675,64.9140634851675,4369997
1632,2016-08-16,66.14378356933594,68.23057389329685,65.67798238337441,66.62821983529574,22372774
1633,2016-08-17,65.08174896240234,66.62821277943881,64.93269360953272,66.31146699567475,11599079
1634,2016-08-18,67.8206558227539,68.2678269037565,65.67797074695854,65.9574514090188,20664320
1635,2016-08-19,67.42938995361328,68.19330179859209,66.81453346201256,68.19330179859209,16563739
1636,2016-08-22,67.80204010009766,68.11878592808893,67.35486892478451,67.61571961942826,11335483
1637,2016-08-23,67.8765640258789,68.3423652190846,67.07538698441842,67.61571839024357,7423678
1638,2016-08-24,67.93244171142578,68.19328726066206,67.48527069235682,67.93244171142578,5319170
1639,2016-08-25,67.91382598876953,68.9385885663905,67.26170434846529,68.0069862230987,12995397
1640,2016-08-26,67.37350463867188,68.34236710384609,67.14991904891377,68.06288638021509,7097916
1641,2016-08-29,67.16854095458984,67.57844697720986,66.18104352800476,67.52255185009486,2956326
1642,2016-08-30,68.30510711669922,68.49142759929971,66.96359863112238,67.41076475680362,5212793
1643,2016-08-31,68.45416259765625,68.75227334857085,67.76477580011634,68.230577007337,6435761
1644,2016-09-01,68.6777572631836,68.93860294113587,67.9138401498363,68.37964141860884,6116318
1645,2016-09-02,68.4914321899414,68.93859834559399,67.93247070467552,68.77091293257436,3858397
1646,2016-09-06,69.53482818603516,69.94473430521451,68.49143538654874,68.84544131117903,9001076
1647,2016-09-07,68.84542846679688,69.68387057740037,68.52868265860454,69.34849474401221,5024999
1648,2016-09-08,70.0326919555664,70.50233165910103,68.24805598621795,69.09340745258025,5980354
1649,2016-09-09,69.05583953857422,70.12661906918757,68.90555075848214,69.88240234949636,5051740
1650,2016-09-12,67.72203826904297,68.90552891361074,67.53418244939998,68.60496164054805,4144478
1651,2016-09-14,67.30876922607422,68.0226255741959,67.06455762609824,67.6093416610508,6680869
1652,2016-09-15,65.6744384765625,67.77842039945719,65.39265463732654,67.77842039945719,8920122
1653,2016-09-16,66.14405822753906,67.81597211106309,65.05449030156763,66.2379861455769,21690721
1654,2016-09-19,66.6512680053711,66.95184041460863,65.46777720228292,66.01256119058372,4266806
1655,2016-09-20,66.91426849365234,67.40269165372918,66.50098461424797,66.7451961942864,4769662
1656,2016-09-21,65.86227416992188,67.6656881495716,65.58049041710687,66.9142648087316,4957941
1657,2016-09-22,67.08334350585938,67.7408389918912,66.20041997686198,66.53855949335225,4676363
1658,2016-09-23,66.10649108886719,67.40269339921466,66.01256316365726,66.97062596243217,7599534
1659,2016-09-26,66.01256561279297,66.98941709040173,65.69320963604753,66.01256561279297,6333433
1660,2016-09-27,66.20040130615234,66.933035869268,66.06890122685013,66.36946846875686,6069513
1661,2016-09-28,67.0457763671875,67.2899879755004,66.20042496431606,66.20042496431606,4515648
1662,2016-09-29,65.14842224121094,68.41711602906996,64.50971541667577,67.15848083048442,13380901
1663,2016-09-30,66.33191680908203,66.76398423075612,64.45335837057212,65.41142113584581,11831869
1664,2016-10-03,68.0789794921875,68.71768634458435,65.97499288729782,66.55734400211793,9403402
1665,2016-10-04,68.00383758544922,68.6425495569986,67.79719817484487,68.19169344815005,7967290
1666,2016-10-05,68.15411376953125,68.90553713778888,67.77840208540243,68.06018584849905,5347763
1667,2016-10-06,66.83912658691406,68.47347352281913,66.68884292409987,68.11655046062496,5654229
1668,2016-10-07,66.4822006225586,67.47783557814556,66.23798904415665,66.83912366917193,3980080
1669,2016-10-10,66.89549255371094,67.25241564329941,66.57613656077223,66.57613656077223,4458994
1670,2016-10-13,65.74954986572266,66.8203290194613,65.26112679008085,66.70761756997936,14897308
1671,2016-10-14,66.76399230957031,67.06455965773586,64.82907790295289,66.05014103573976,4958871
1672,2016-10-17,66.14405822753906,66.74519282624864,65.67441863734989,66.2379861455769,4534814
1673,2016-10-18,66.27555084228516,66.80155124103122,65.74955553945459,66.40705094197168,7289895
1674,2016-10-19,67.08334350585938,67.90990620217825,66.16284778704835,66.4822037565899,9020687
1675,2016-10-20,67.12090301513672,67.72204269647777,66.82033572242398,67.38390321819705,4037879
1676,2016-10-21,66.4822006225586,67.38390765599743,66.16284466807177,67.38390765599743,10350237
1677,2016-10-24,66.16285705566406,67.00820851327134,65.80592884630757,66.35071293513235,2945373
1678,2016-10-25,67.0082015991211,67.23362965040593,65.97499436865562,66.33192254118295,3002870
1679,2016-10-26,65.93741607666016,66.98941185334903,65.67442095442485,66.87669529017742,3927291
1680,2016-10-27,65.93741607666016,66.44462787114266,65.26113708129407,65.78713242168057,7017500
1681,2016-10-28,66.08770751953125,66.50099144136412,64.64122143699089,66.05014042329628,4282450
1682,2016-11-01,66.4634017944336,67.45904169334523,65.43019480915295,65.84347862244823,5277438
1683,2016-11-02,65.78715515136719,66.31315067348694,65.54294349065991,66.10651121348485,4859666
1684,2016-11-03,65.73079681396484,66.01258066429857,65.48658516285911,65.80593611650337,4078615
1685,2016-11-04,65.20478057861328,66.06891540649086,64.34064065481991,65.74955945847843,4179894
1686,2016-11-07,65.37385559082031,65.59928364553143,65.20478837172429,65.48657216613408,7660803
1687,2016-11-08,66.50099182128906,66.72641987956911,65.33628443343925,65.46778455876232,3265787
1688,2016-11-09,67.70327758789062,68.11656154984844,62.725096686289675,63.8710155347065,13247214
1689,2016-11-10,70.80290985107422,71.38526113408511,68.06021050574347,69.50670203286585,18046820
1690,2016-11-11,68.79283142089844,70.82167366558967,68.19169165686348,69.8823943767589,8770575
1691,2016-11-15,69.48790740966797,70.10783079512292,68.58620020392287,68.58620020392287,11489252
1692,2016-11-16,70.8216781616211,71.57310164038896,68.88676372297716,70.08904332737238,10203154
1693,2016-11-17,72.47481536865234,73.78980648329512,69.20612113103077,70.61504018243375,9392264
1694,2016-11-18,72.11788177490234,73.37651705250413,71.91124236785687,72.79416592652777,12168642
1695,2016-11-21,69.52548217773438,72.75660445581498,69.2436983470166,72.75660445581498,12187225
1696,2016-11-22,69.03702545166016,70.1453767688482,67.90989059184113,69.84480951126244,11976002
1697,2016-11-23,68.24803924560547,70.46474217928568,67.47783235910009,69.20610706336107,13625626
1698,2016-11-24,69.52548217773438,70.22054997935498,67.74085124985513,68.36077465825082,18404432
1699,2016-11-25,70.87802124023438,71.46037225200035,69.50666965835231,69.91995348730656,14716858
1700,2016-11-28,71.5730972290039,73.18866066633004,70.23932267476435,70.2581062222092,10318399
1701,2016-11-29,71.17859649658203,71.9675920592225,70.8216683552231,71.62945255978113,12406804
1702,2016-11-30,72.0990982055664,72.3996655422539,70.48353475710122,71.68581429568385,7446808
1703,2016-12-01,69.24368286132812,72.32452075987601,68.94311045156573,72.32452075987601,11056167
1704,2016-12-02,69.05583953857422,69.8448352503902,68.56741119510868,69.50669059109988,9676372
1705,2016-12-05,69.54425811767578,69.9011863025589,67.94748325168088,69.01826271041371,12282830
1706,2016-12-06,68.71768951416016,70.10782495005927,68.56740584171831,69.65697393273373,4550359
1707,2016-12-07,68.5486068725586,69.69452535004153,68.37953459414916,69.39395807277512,4265108
1708,2016-12-08,69.75090026855469,69.86361174632724,68.21048119547054,69.11218830539998,5413273
1709,2016-12-09,69.30003356933594,69.88238460864386,69.03703336685881,69.88238460864386,3451184
1710,2016-12-12,69.41276550292969,69.67576578297783,68.90555358907514,69.22490961601446,3689403
1711,2016-12-13,69.60061645507812,70.08904478397783,68.54862560130707,69.69454439187615,4417447
1712,2016-12-14,68.36074829101562,69.65695545072775,68.17289247632779,69.50666672224538,7312670
1713,2016-12-15,68.8867416381836,69.78844850443836,67.81596250504326,68.00381831450946,5253972
1714,2016-12-16,69.05583953857422,69.97633028909549,68.26684382675823,68.96191159897509,26025533
1715,2016-12-19,69.16854095458984,69.50668046871945,68.6989013249887,69.18732450140745,3627943
1716,2016-12-20,68.36074829101562,69.3000273644548,68.28560392677444,69.13095509286971,5757036
1717,2016-12-21,68.84918212890625,69.01825442690985,68.28561459678217,68.39833116075654,5279390
1718,2016-12-22,68.28563690185547,68.92434901859374,68.04142524401468,68.75527666536374,2653684
1719,2016-12-23,68.49226379394531,68.64254746033232,67.25241208044089,68.22926355583084,4805945
1720,2016-12-26,67.1772689819336,68.51104345229237,66.97062449345476,68.51104345229237,5932940
1721,2016-12-27,68.02261352539062,68.26682508210956,66.33191107683814,67.1396901164079,4555998
1722,2016-12-28,67.62812042236328,68.7552555079402,67.2899809158734,68.02262075986481,3739977
1723,2016-12-29,67.64690399169922,68.17289930633984,67.25240368378205,67.32754805555169,14737238
1724,2016-12-30,68.943115234375,69.54425499968688,67.72205215630125,67.77840789456755,4872601
1725,2017-01-02,68.99947357177734,69.58182981157596,68.60497829313674,68.94311783138818,1811713
1726,2017-01-03,70.65260314941406,70.82167035595299,69.31882356405474,69.4691123199774,7819727
1727,2017-01-04,70.16417694091797,70.95317254897219,69.90118180217736,70.65260522014972,7829503
1728,2017-01-05,71.70457458496094,71.85485820455827,69.9199444994453,70.27687255491429,6362320
1729,2017-01-06,70.93437957763672,72.4560097585024,70.72773510759913,71.81730299563338,6298387
1730,2017-01-09,70.08904266357422,71.08467774432887,69.5442586082604,71.08467774432887,2956484
1731,2017-01-10,70.08904266357422,70.7465382012691,69.52547505983574,70.10782621199888,4626997
1732,2017-01-11,71.31010437011719,71.9112441545255,69.8448296490645,70.3708250494531,21835704
1733,2017-01-12,74.39093780517578,75.04843328743661,71.38523907606728,71.38523907606728,26857806
1734,2017-01-13,74.07157897949219,75.10478612603687,73.65829510169114,75.10478612603687,23933005
1735,2017-01-16,74.91693878173828,75.53686212082214,73.92130371037129,74.01523164344208,8473484
1736,2017-01-17,74.29700469970703,75.38656754659986,73.30136467638773,74.91692794915332,10193606
1737,2017-01-18,74.55999755859375,75.01085359685406,74.03400224456713,74.39093036618284,21229809
1738,2017-01-19,75.81864166259766,76.53249289466747,74.10915541506864,74.72907871934201,8756982
1739,2017-01-20,74.91693878173828,76.11921326749439,74.18429886541958,76.11921326749439,12987134
1740,2017-01-23,75.2175064086914,75.9689298760498,74.78543893414364,75.08600628272039,7334154
1741,2017-01-24,76.40097045898438,76.90818214010623,75.36776355503474,75.51805227234102,7122776
1742,2017-01-25,76.30708312988281,76.66401137938617,75.85623202599784,76.51372767809119,10336365
1743,2017-01-27,76.85185241699219,77.75355954629124,76.10042895992358,76.45735714039775,11095330
1744,2017-01-30,77.28392028808594,77.56570408595408,76.08164580806508,76.75792488458202,5832917
1745,2017-01-31,77.84748840332031,78.61770051351631,76.81428113757556,77.20878151477348,7593736
1746,2017-02-01,77.32147979736328,78.37347552772991,76.92698458342308,78.37347552772991,7325455
1747,2017-02-02,76.62641906738281,77.39663111522225,76.36342393312621,77.35905892578099,7773806
1748,2017-02-03,75.78107452392578,77.32149366165653,75.55564646300382,76.34464212827241,4479429
1749,2017-02-06,75.5556411743164,76.72034849428977,75.04843444264077,75.98771371747151,6337200
1750,2017-02-07,75.10478973388672,76.49491999483025,74.84178950012964,75.76228522236325,6562928
1751,2017-02-08,75.5556411743164,76.15678092939132,74.50365042487246,75.51807408005614,9024346
1752,2017-02-09,75.95015716552734,77.24635977413378,75.44294523349993,76.0440851123503,12790725
1753,2017-02-10,75.10478973388672,77.32148779013866,74.86057814306439,77.0960597463349,16817238
1754,2017-02-13,76.28829193115234,76.62643149915077,74.95451720896864,75.78108003119624,9508762
1755,2017-02-14,75.46170806884766,76.62641530890184,75.1799243057337,76.60763176306058,9403263
1756,2017-02-15,75.68714141845703,76.11920886641796,75.0484345680545,75.66835787129551,7302351
1757,2017-02-16,75.95146179199219,76.4423216625725,75.177407231352,75.51723881088822,6272531
1758,2017-02-17,76.48005676269531,76.74436899058414,75.34729885117895,76.27238652745231,4966775
1759,2017-02-20,77.95264434814453,78.31135308395895,76.19687053467644,76.98980213082459,9917513
1760,2017-02-21,77.83940124511719,78.46241734402966,77.23526240443188,77.95267503715957,7428835
1761,2017-02-22,76.12134552001953,78.87772608618354,75.8570384222256,78.78332959668487,26345564
1762,2017-02-23,75.19627380371094,76.27239496293454,74.96972117208418,76.27239496293454,13404307
1763,2017-02-27,72.77972412109375,75.51722270142645,72.45877498740784,75.51722270142645,14798634
1764,2017-02-28,72.55317687988281,73.5726561127303,72.32662423213722,72.45878037010036,10051421
1765,2017-03-01,72.74198150634766,73.5160309615378,72.43990955404135,73.06293071508719,10348326
1766,2017-03-02,71.64696502685547,73.25171078622843,71.36377550249641,73.25171078622843,10629352
1767,2017-03-03,72.06231689453125,72.21335029626559,70.98619558499861,71.36378165000383,8454072
1768,2017-03-06,73.19507598876953,74.08240427670064,72.15671429724858,72.43990384948157,14858083
1769,2017-03-07,73.45938873291016,73.98800820935955,73.08180266096932,73.45938873291016,11746802
1770,2017-03-08,73.85584259033203,74.61101463738775,73.30834592901957,73.74256883180895,7938282
1771,2017-03-09,73.42161560058594,73.93135772824179,72.68532596849452,73.93135772824179,9777769
1772,2017-03-10,72.70423126220703,73.89362660459685,71.76026589184372,73.62931937369906,16388459
1773,2017-03-14,73.11955261230469,75.02635997463261,72.72308421645101,74.93196346914434,11886293
1774,2017-03-15,72.8552474975586,73.27059318673179,72.68533684380958,73.25171593231703,7772586
1775,2017-03-16,73.66703796386719,73.79919407553321,72.7797150455469,73.30833437087358,5161993
1776,2017-03-17,73.25171661376953,74.38447480132233,72.9118850604327,74.30895554028332,9522200
1777,2017-03-20,73.10066986083984,73.42161900210994,72.77972584090793,73.25170836591153,9378518
1778,2017-03-21,72.96852111816406,73.45938091088438,72.8363649827891,73.25171064196539,8126819
1779,2017-03-22,72.5343017578125,73.85585302690853,72.28887183210531,72.32663146406155,8203222
1780,2017-03-23,72.89299011230469,73.06290584772893,72.34548840601542,72.87411286229643,5875356
1781,2017-03-24,73.15730285644531,73.68592219511733,72.9685098696812,73.19505735672811,6164329
1782,2017-03-27,73.57264709472656,74.04462958578665,73.11954697611156,73.25170309787595,7104197
1783,2017-03-28,74.27118682861328,74.38446570632118,73.49713754363083,73.49713754363083,6020578
1784,2017-03-29,74.32785034179688,74.55440305705855,73.9125096720471,74.49776615857812,6451066
1785,2017-03-30,73.7992172241211,74.66766828652085,73.34611699800466,74.49775250089031,13016042
1786,2017-03-31,74.49775695800781,75.47948185533744,73.87474090898648,73.87474090898648,8522874
1787,2017-04-03,74.08240509033203,75.29068257499856,74.00689094837718,75.29068257499856,9945512
1788,2017-04-05,73.62930297851562,74.7243015400436,73.32723105445838,74.32783309996947,7061975
1789,2017-04-06,74.4599838256836,74.7431733531169,72.91188005144713,74.15791704495675,7466431
1790,2017-04-07,73.62930297851562,74.10128555859998,73.44050994648188,74.02576629725098,9205565
1791,2017-04-10,73.74259185791016,73.87474803167828,73.38388297501668,73.64819532255291,5763232
1792,2017-04-11,75.19627380371094,76.121356460958,73.4404998709451,73.76144388430012,10668096
1793,2017-04-12,74.61102294921875,76.0836127020977,74.00688934134294,75.51723360371004,6620702
1794,2017-04-13,75.5172348022461,75.91369812887422,74.30895732464029,74.68654339622475,5910355
1795,2017-04-17,76.38568115234375,76.7066303392818,75.13964915757121,75.49835285481112,11138596
1796,2017-04-18,76.40455627441406,77.14085114616653,76.14024910298558,76.46119828096329,7675098
1797,2017-04-19,79.74620056152344,80.61465165157425,76.25352918781144,76.59335564855341,29099215
1798,2017-04-20,78.87773895263672,80.19929002118833,77.57506513652916,80.04825663762149,11822555
1799,2017-04-21,77.6317138671875,79.46300736603058,76.95206097670545,79.06654403347254,7938078
1800,2017-04-24,77.34851837158203,78.14145009716742,77.06532883539715,77.97153944825962,7520828
1801,2017-04-25,78.76446533203125,79.25532510981014,77.32963538231003,77.7827406551353,6293621
1802,2017-04-26,77.66946411132812,78.72670807259284,77.12196743832057,78.72670807259284,5977354
1803,2017-04-27,78.44351196289062,79.34971733836356,77.46178733890414,77.78273646307981,13646716
1804,2017-04-28,78.53791809082031,78.80222525034328,77.76386362334793,78.16033204464019,5477289
1805,2017-05-02,77.78273010253906,78.85885113850068,77.21635114901584,78.85885113850068,5123042
1806,2017-05-03,79.68954467773438,80.72790618999461,77.89601115655759,78.12256378350014,10859280
1807,2017-05-04,79.53852081298828,80.3314525414525,78.91550485538731,79.67067695462208,12952295
1808,2017-05-05,78.91548156738281,80.04823938195747,78.36797990847023,80.04823938195747,4993008
1809,2017-05-08,79.2930908203125,79.48188384491954,78.04705378510288,78.95326440028754,6855459
1810,2017-05-09,78.67007446289062,79.85946948759242,78.44352181024777,79.31196767048374,4729357
1811,2017-05-10,79.48189544677734,79.65180612092216,78.91551629028267,79.17982349050993,4623710
1812,2017-05-11,78.61344146728516,79.85947863893884,77.8582692861638,79.6706855936585,4946190
1813,2017-05-12,77.87715148925781,79.14206591407385,77.6317164338712,78.53792714626061,5386419
1814,2017-05-15,78.04705047607422,78.91550142524929,77.91489946152306,78.8777417976611,5353854
1815,2017-05-16,78.31136322021484,78.51903349119502,77.87714030367732,78.06593332141871,4077710
1816,2017-05-17,78.83999633789062,79.17982280457566,77.83939419435276,78.38689608942367,3694898
1817,2017-05-18,78.63230895996094,79.06653185764192,78.19808606227996,78.5379124551895,5797418
1818,2017-05-19,77.68834686279297,79.95386306335014,77.06532581056908,79.17980862202343,17793954
1819,2017-05-22,76.46118927001953,78.42463349440317,75.2151523355406,78.16032635412324,7423973
1820,2017-05-23,76.04586029052734,76.83879212781318,74.5166335069034,76.63111669921919,6465473
1821,2017-05-24,75.47947692871094,76.98982125022415,74.9508574404491,76.42344212965669,6650433
1822,2017-05-25,75.12075805664062,75.87593011639525,73.87472620658083,75.78153360892591,9992276
1823,2017-05-26,76.34790802001953,76.98980628038807,74.87532361714008,75.5172218775086,6466364
1824,2017-05-29,78.95327758789062,79.57629364888882,76.68775579285638,76.70663817127415,14504778
1825,2017-05-30,77.0653305053711,78.8777466490318,76.29128113822783,78.8777466490318,10884114
1826,2017-05-31,78.51904296875,79.02878520244731,77.38628472557332,77.38628472557332,7781359
1827,2017-06-01,78.40576171875,79.17981106259703,77.91490190870142,78.36800208997583,6369921
1828,2017-06-02,77.82051086425781,78.67008470258361,77.5184440356427,78.57568817847398,6713770
1829,2017-06-05,77.51842498779297,78.29247936809453,77.10307935950165,78.06592674163217,5093948
1830,2017-06-06,76.81988525390625,77.65057646071601,76.38566239998472,77.61281683834508,5324457
1831,2017-06-07,77.42403411865234,77.66946401461483,76.34791290568324,76.9898112071282,7605903
1832,2017-06-08,78.29249572753906,78.42464675936233,76.87654279661633,77.40516740926547,7487370
1833,2017-06-09,78.23585510253906,78.72672009135111,77.97154791287635,78.31137436892217,6432439
1834,2017-06-12,77.8582534790039,78.5001517511714,77.40515333512516,77.9337727303194,3684911
1835,2017-06-13,79.38748168945312,80.48248013006963,77.7827410943643,77.95265173162962,15775215
1836,2017-06-14,79.48189544677734,80.42586070760181,79.10430934244755,79.67068849894224,13639132
1837,2017-06-15,79.42524719238281,80.14265966370456,79.04766114207256,79.2930910505065,5595511
1838,2017-06-16,79.27421569824219,79.85947720087566,78.38689249847431,79.29309807523367,6127735
1839,2017-06-19,80.19929504394531,80.40696531918852,79.27420718948711,79.29308956445189,6393073
1840,2017-06-20,78.65117645263672,81.18100451512278,77.63169227907666,80.14264309148615,12876594
1841,2017-06-21,77.66946411132812,78.53791505679611,77.31076045411731,78.53791505679611,13855413
1842,2017-06-22,76.38568115234375,78.80223099994623,75.51723523130093,77.72610966554872,33713902
1843,2017-06-23,77.78273010253906,78.16031607155455,76.42341958981584,76.64997219549262,9034020
1844,2017-06-27,77.68834686279297,78.04705052174485,76.08360622073164,77.78274337114952,6947747
1845,2017-06-28,78.38687896728516,78.8966159953006,76.80101564070465,77.782740313286,7103873
1846,2017-06-29,78.53791809082031,79.48188320627062,78.12257241575446,78.53791809082031,7577681
1847,2017-06-30,79.50077819824219,79.68957126345573,78.46241633956775,78.5001759768784,7751039
1848,2017-07-03,79.84058380126953,80.29368908776401,79.1042941123889,79.29308712820522,8768284
1849,2017-07-04,79.55738830566406,80.42583918603286,79.19868467534171,80.42583918603286,4530105
1850,2017-07-05,79.31195068359375,79.840570012316,79.10428045059706,79.840570012316,6062229
1851,2017-07-06,79.23644256591797,79.67066543593081,78.91549344587793,79.67066543593081,5577232
1852,2017-07-07,79.0854263305664,79.44413517534042,78.61344370393707,79.17982285589228,7641379
1853,2017-07-10,79.80281829833984,80.04824816081312,79.29307620161065,79.29307620161065,2844699
1854,2017-07-11,80.02937316894531,80.55799768620429,79.63290990233916,80.23704854967937,13833624
1855,2017-07-12,80.80343627929688,81.18102233440875,80.02938179351433,80.02938179351433,9211263
1856,2017-07-13,81.2187728881836,81.93618528845931,80.97334300405481,81.91730803634866,9596900
1857,2017-07-14,81.25653839111328,81.65300168481808,80.99222611441779,81.65300168481808,4889330
1858,2017-07-17,81.82291412353516,82.10610364218876,81.27541233893623,81.27541233893623,6302565
1859,2017-07-18,81.33204650878906,83.06894318960003,81.08661662506685,81.91730790064456,7549621
1860,2017-07-19,82.55919647216797,82.88014558909238,81.57747187036179,82.08721398296672,8521832
1861,2017-07-20,82.57808685302734,83.06894664086552,82.1816184508458,82.69136061288592,10233967
1862,2017-07-21,81.29428100585938,82.86126694065146,80.61462828140662,82.86126694065146,4948380
1863,2017-07-24,81.841796875,82.03058990012029,80.52024569915797,80.52024569915797,6137724
1864,2017-07-25,81.93620300292969,82.54034177847916,81.6718906882083,82.1249960502052,6113154
1865,2017-07-26,82.04946899414062,82.29490402937199,81.38869339140105,82.25714439923343,5258903
1866,2017-07-27,81.80403900146484,82.7291268929448,81.46421257322235,82.20050743552997,21380991
1867,2017-07-28,81.04886627197266,81.86067526700799,80.06714150343144,81.59636810096832,8260545
1868,2017-07-31,84.31498718261719,84.65481873992655,81.04886872792773,81.04886872792773,17403810
1869,2017-08-01,84.73033142089844,85.18343674194628,83.3143836942973,84.50377876037452,15263765
1870,2017-08-02,83.74859619140625,85.33445949588952,83.33325567382364,84.8247173536386,12014487
1871,2017-08-03,84.18281555175781,84.78694901391,82.78574539752138,83.4465208529207,5285543
1872,2017-08-04,84.80585479736328,85.0135250921414,83.67309656110675,84.73033553307727,7975937
1873,2017-08-07,85.31558990478516,85.42886367041778,84.20170901693068,84.95688111138428,4619568
1874,2017-08-08,84.1639633178711,85.56103397237405,83.61646653157946,85.52327433713408,3229672
1875,2017-08-09,83.78636932373047,85.03240644135904,83.37102361785428,84.05068162419865,4573769
1876,2017-08-10,82.08722686767578,83.74860446617251,81.31317751242322,83.74860446617251,6813656
1877,2017-08-11,82.65360260009766,83.25774128093188,80.04825998042206,80.2370529980991,8860877
1878,2017-08-14,84.10731506347656,84.56042038246656,82.69136734330615,82.7857638579842,4990789
1879,2017-08-16,83.33326721191406,84.82472909823265,82.93679877023031,84.46602540871548,5221989
1880,2017-08-17,82.86128234863281,83.67309134305589,82.59697006145385,83.25774565806263,2837686
1881,2017-08-18,84.18281555175781,84.50375953302459,82.57807516007377,82.69134890389292,7721084
1882,2017-08-21,83.18223571777344,84.93801516825575,82.89904614464264,84.57930632708772,5203218
1883,2017-08-22,82.8801498413086,83.95627099616607,82.33264807721012,83.80523761614036,6646897
1884,2017-08-23,82.97455596923828,83.3710192779637,82.18162423044879,82.91791908532588,5312780
1885,2017-08-24,83.42766571044922,83.89964830366351,82.71024807169238,82.88016385378509,5492256
1886,2017-08-28,81.97393798828125,83.40876266760856,81.8040222482888,83.40876266760856,9753985
1887,2017-08-29,81.29428100585938,82.52143545708739,80.72790202836953,82.04945297584585,12235532
1888,2017-08-30,81.40757751464844,82.10611276252148,80.89783530018224,81.87956009816551,9313551
1889,2017-08-31,82.7857666015625,83.06895615498168,81.19990305387954,81.65300838788578,8143692
1890,2017-09-01,81.74739837646484,82.5780897153487,81.48308609918222,82.5780897153487,8803556
1891,2017-09-04,82.16273498535156,82.7857508601417,80.35031911529003,81.78514898592265,6239751
1892,2017-09-05,81.63410949707031,82.1627288324164,81.52083063292204,82.12496921103366,3937595
1893,2017-09-06,80.91670227050781,81.57747780344742,80.42584249457366,81.18101453221892,4800221
1894,2017-09-07,81.5208511352539,81.61524765178258,80.63352285561658,81.36981773307578,5008597
1895,2017-09-08,80.4636001586914,81.80402844429136,80.19928790342531,81.63411781276719,8588797
1896,2017-09-11,82.70777893066406,82.86122456365038,80.80887426344734,80.94314114348572,6205180
1897,2017-09-12,82.5926742553711,82.9762908625429,82.20905764819928,82.70776235940258,4307268
1898,2017-09-13,81.99807739257812,82.89957753478662,81.7103649133499,82.59268110172965,3679773
1899,2017-09-14,82.07479858398438,82.86121057220943,81.57609385706925,81.82544361896012,6793237
1900,2017-09-15,81.5185546875,81.88299256725325,79.83064255612742,81.59527489161984,9054445
1901,2017-09-18,82.61186981201172,83.3791031341278,81.51856128736951,81.51856128736951,10470233
1902,2017-09-19,82.80366516113281,83.014652210384,81.63363140645552,83.014652210384,5530915
1903,2017-09-20,81.6719970703125,82.93793502114853,81.5185514650051,82.82284691481799,5687495
1904,2017-09-21,81.15411376953125,81.67199724126944,80.69377695264548,81.67199724126944,5113744
1905,2017-09-22,80.38687133789062,81.07738428888935,79.83063043075768,80.57867962375703,5195124
1906,2017-09-25,80.61705780029297,82.03644146948376,79.65801618682181,80.17589969872299,13057600
1907,2017-09-26,80.84723663330078,81.90218250996556,80.6170655832198,81.90218250996556,6570371
1908,2017-09-27,79.8498306274414,81.72955129323833,79.3319470758611,81.32675586597261,7885119
1909,2017-09-28,80.1758804321289,80.90475084258966,78.64141421931362,79.02503077251744,11633088
1910,2017-09-29,80.94314575195312,81.57611227601832,79.06341973066286,80.94314575195312,13782560
1911,2017-10-03,79.08257293701172,81.42263497354975,78.8332232157788,81.38427227725256,12296210
1912,2017-10-04,80.195068359375,80.80885595539483,78.66060197089193,78.66060197089193,12075908
1913,2017-10-05,78.62223052978516,80.3293262784407,78.31533936746018,80.1758806972782,17352392
1914,2017-10-06,78.54552459716797,78.96749872117205,78.08518256699365,78.64142875319315,13466622
1915,2017-10-09,77.0877685546875,78.5838721588469,76.58906908767862,78.5838721588469,21446056
1916,2017-10-10,78.54552459716797,79.02504537729394,77.10696225679006,77.1261410067417,14560236
1917,2017-10-11,77.816650390625,79.06340444365404,77.26040939653834,78.79487592334331,11830976
1918,2017-10-12,77.60565948486328,78.3345300084077,77.29876827593931,77.89337194440449,5518551
1919,2017-10-13,78.89078521728516,79.44703145071861,76.80007235714854,77.64403108308883,11394674
1920,2017-10-16,78.92914581298828,80.02245429590565,78.69897478451088,79.29357850520489,11521216
1921,2017-10-17,78.60307312011719,79.37030643732761,78.23863521318867,78.73733999125581,4936452
1922,2017-10-18,81.92134857177734,82.18988228912694,79.02504514942149,79.10176535214033,18484486
1923,2017-10-19,80.8088607788086,81.7103608764788,80.38688145616155,81.65281942410272,559370
1924,2017-10-23,81.92134857177734,82.17070353923059,80.94312826439449,81.6911775573539,14162373
1925,2017-10-24,82.49677276611328,82.82284793335985,81.09657314537219,81.82544368189585,7050716
1926,2017-10-25,82.89958953857422,84.01207691205047,82.01726801930143,82.8612268284955,16306452
1927,2017-10-26,81.32675170898438,82.7653141658791,80.84723089001946,82.24743064077022,23524154
1928,2017-10-27,81.2308349609375,81.92134275202018,80.71295151605895,81.46100595900943,9985329
1929,2017-10-30,81.48019409179688,82.28579007626432,81.26920702109206,81.30756452257754,4118717
1930,2017-10-31,81.2691879272461,83.97368252204849,80.82802473247577,81.59525783206595,16442260
1931,2017-11-01,80.69377899169922,81.86380761770774,80.04162864738181,81.65282055502865,12417385
1932,2017-11-02,82.55433654785156,82.97631075439354,81.25003560828169,81.32676102936267,16259892
1933,2017-11-03,80.57868194580078,84.58747731718373,80.40605760542614,84.58747731718373,26293141
1934,2017-11-06,80.8280258178711,81.82542990135842,80.36768907381484,80.84720976749793,7985183
1935,2017-11-07,79.65800476074219,81.40345816563976,79.21684672245156,81.17329237392848,9702210
1936,2017-11-08,79.8498306274414,80.54033856079239,79.46621395266105,79.79228916685119,12777065
1937,2017-11-09,79.79227447509766,80.48278228130889,78.64142466265682,80.48278228130889,9492091
1938,2017-11-10,81.07738494873047,81.32673468175956,79.21684352005788,79.4086518074853,8999608
1939,2017-11-13,80.94314575195312,81.84464605138396,80.2909952707135,81.28839974661282,7885278
1940,2017-11-14,79.38947296142578,80.96230206008657,79.06339781120671,80.9431233113638,4927717
1941,2017-11-15,79.4086685180664,79.6196555973831,78.41126417292573,79.2935803995114,8653007
1942,2017-11-16,79.90736389160156,80.1183561629689,78.69897253061998,79.44702705096428,18027175
1943,2017-11-17,80.02244567871094,80.54032393310031,79.6963705237424,80.29097418040668,9193722
1944,2017-11-20,80.09916687011719,80.67459178490769,78.8907755896838,80.67459178490769,8277194
1945,2017-11-21,79.25520324707031,80.15669800167797,78.94830687681161,80.15669800167797,15596732
1946,2017-11-22,79.42786407470703,79.84984352575549,78.67980935679681,79.84984352575549,8665005
1947,2017-11-23,80.195068359375,80.48278080721558,79.23602686657308,79.75391031331274,6824919
1948,2017-11-24,81.01983642578125,81.26919135617486,79.79226653652252,79.98407481951288,7734712
1949,2017-11-27,80.61705780029297,81.26920817870685,79.79228305333453,81.25002422455717,14811199
1950,2017-11-28,79.92655181884766,80.55951825815072,79.10177184915926,80.55951825815072,21546865
1951,2017-11-29,80.0799789428711,80.46359550876494,79.6196369825454,80.02243749861356,7324543
1952,2017-11-30,79.04422760009766,79.98409045169134,78.69897366386472,79.98409045169134,19256592
1953,2017-12-01,77.8550033569336,79.5429204878146,77.56729091914245,79.40865364288548,8172074
1954,2017-12-04,77.77828216552734,78.23861893821531,77.06859045410896,78.06599459963213,7124561
1955,2017-12-05,76.83843994140625,77.6632147649919,75.51496031060226,77.49059038040937,17485101
1956,2017-12-06,76.8192367553711,77.04940252827429,76.20544922031988,76.60824452603305,5557173
1957,2017-12-07,77.60565948486328,77.87419319502175,76.51235109798,76.81924751003729,11119755
1958,2017-12-08,77.91255187988281,78.18108559412927,76.68498182236581,77.87419438053337,14615599
1959,2017-12-11,78.3729019165039,78.79488128069283,77.72075151701796,78.18109358761204,8231500
1960,2017-12-12,77.8358154296875,78.44960293188349,77.45219889120655,78.44960293188349,8310332
1961,2017-12-13,76.91515350341797,77.66320279424227,76.66579853667643,77.1069618143678,12105970
1962,2017-12-14,76.76170349121094,77.33712843005038,76.14792105228896,77.2220455235359,12838407
1963,2017-12-15,76.28218078613281,77.54811874155143,75.76430251673735,77.26040627938356,22654959
1964,2017-12-18,76.68496704101562,76.76168722805977,74.19145950099946,76.32052924237568,16832008
1965,2017-12-19,77.72074127197266,77.87419207736562,76.41644584806517,76.99187075888905,20133065
1966,2017-12-20,77.8550033569336,78.00844894979562,76.70415360576905,77.91254480386525,14097971
1967,2017-12-21,77.91255187988281,78.56470221269085,77.52893526132124,78.56470221269085,7881749
1968,2017-12-22,77.89336395263672,78.10435098673325,77.433021983348,77.87418520522168,7399925
1969,2017-12-26,77.66320037841797,78.25780924574636,77.18367961595955,77.83582993415631,7946762
1970,2017-12-27,77.18367767333984,78.4496155762479,77.03023207384184,77.68238237562477,7831439
1971,2017-12-28,76.39726257324219,77.50974962763884,76.14791283394977,77.2795786363178,15796200
1972,2017-12-29,76.85760498046875,77.37548844807867,76.51235106977323,76.55071377165791,8561565
1973,2018-01-01,76.80006408691406,77.39467296261127,76.3589060198699,76.3589060198699,6388017
1974,2018-01-02,77.01107025146484,77.41386568906978,76.45482397750156,77.2028785937785,4383705
1975,2018-01-03,77.3563003540039,77.66319152574205,76.95349983757332,77.29875890969458,8187397
1976,2018-01-04,76.85760498046875,77.81664651191923,76.72334332857233,77.49057655373272,4204055
1977,2018-01-05,77.2028579711914,77.50974915566212,76.95350303028445,77.22203671904599,4923559
1978,2018-01-08,76.934326171875,77.9700930503838,76.74251787608692,77.49057231091362,11797863
1979,2018-01-09,77.1069564819336,77.26040207945505,76.83842278392126,77.14531397896415,7380366
1980,2018-01-10,76.66578674316406,77.45220381896375,76.14790854577154,77.45220381896375,8710385
1981,2018-01-11,75.8985595703125,76.83842230435673,75.68757252542896,76.3780803115324,12305664
1982,2018-01-12,75.32313537597656,76.07118982043635,75.07378562886767,75.99446441987988,9411915
1983,2018-01-15,76.4548110961914,76.81924896643957,74.86280316384077,75.8793861661996,9962401
1984,2018-01-16,75.26559448242188,76.45480698102243,74.55590273300436,76.3780815798999,13205546
1985,2018-01-17,75.72593688964844,76.22463639022428,74.42164148549125,75.18887468830526,13012437
1986,2018-01-18,75.5724868774414,76.64661121741541,75.09296615367928,76.18626924135063,24603506
1987,2018-01-19,75.22723388671875,75.9561096083774,74.53672606982802,75.57249299829739,8082214
1988,2018-01-22,74.92034912109375,75.55331554151765,74.80526620942895,75.24642430832235,9833311
1989,2018-01-23,75.13134765625,75.32315600704455,74.44083967464348,74.92036055162983,16134097
1990,2018-01-24,75.1697006225586,75.55331727441828,74.8628093823244,74.92035083947658,11061376
1991,2018-01-25,74.5367202758789,75.51494047428984,74.095562249206,75.45739902787736,13143678
1992,2018-01-29,74.47918701171875,75.18887880379356,74.42164555898478,74.61345387018697,11002896
1993,2018-01-30,74.78607177734375,75.2464137657733,73.15570127276082,74.34491374025967,22826262
1994,2018-01-31,74.34490966796875,74.92033452041991,73.65440192628043,74.7860676808881,14372442
1995,2018-02-01,74.74771881103516,74.8628069246952,72.5035604307015,74.61345714979895,17028230
1996,2018-02-02,73.9996566772461,74.61344423445402,73.2707810262995,74.61344423445402,22083930
1997,2018-02-05,75.38068389892578,75.55330824976278,72.88717075654802,72.88717075654802,21997294
1998,2018-02-06,74.78607177734375,75.035421519771,72.8871675789881,72.8871675789881,13495253
1999,2018-02-07,74.99708557128906,75.51496395315137,74.19148946164233,75.11216849989525,14316750
2000,2018-02-08,75.05533599853516,75.61864147691014,74.72512262394174,75.36612722663266,33536651
2001,2018-02-09,75.05533599853516,75.48267064394037,74.20066670772472,74.58915706013815,15183068
2002,2018-02-12,77.11429595947266,77.32796060840883,75.09417178938531,75.44380724635595,11747845
2003,2018-02-14,75.92943572998047,77.09489110703056,75.24958676003457,77.09489110703056,13853923
2004,2018-02-15,76.88121032714844,77.0366032911108,75.63805607711825,76.14308979645298,8833619
2005,2018-02-16,75.9682846069336,77.017196544426,75.65749861687414,76.95891956076899,6252218
2006,2018-02-19,75.42440032958984,76.51215647512407,75.21073036835423,75.9877005492119,4332550
2007,2018-02-20,75.7546157836914,76.27906645479153,75.26900940736432,75.71576621975196,8479558
2008,2018-02-21,75.34669494628906,76.10424291737739,75.09418071231491,75.98769423842835,9258406
2009,2018-02-22,73.90930938720703,75.56037640519762,73.5208242698367,75.09419215668655,25535938
2010,2018-02-23,75.07476043701172,75.30784726238379,73.94814952493894,74.04527079189928,11567495
2011,2018-02-26,76.20137786865234,76.6092851453247,74.97765076946847,75.75462102535242,8362326
2012,2018-02-27,76.82294464111328,77.01718717857081,75.96827536863377,76.62870210365577,17333449
2013,2018-02-28,76.80351257324219,76.99775509893283,75.90999906273154,76.45387708083219,5795018
2014,2018-03-01,76.68695831298828,77.11429286286574,75.96826001580777,76.57040965256806,8106682
2015,2018-03-05,76.51215362548828,76.5510031869175,75.4632470818959,76.45388191792749,6992551
2016,2018-03-06,75.0359115600586,76.72582267439886,74.627999073609,76.57042443051368,9525018
2017,2018-03-07,75.1136245727539,75.3661441488968,74.2978046609221,74.88053768580255,9481007
2018,2018-03-08,75.90999603271484,76.10423855065211,74.74454092509121,75.30784106560998,10429826
2019,2018-03-09,74.93878936767578,76.00712330079307,74.51145474059568,75.94885159463804,9887071
2020,2018-03-12,75.7546157836914,76.00713004554821,74.97764558156807,75.1718881320989,14242997
2021,2018-03-13,75.77403259277344,76.53158059414076,75.07476156779286,75.71576088555273,10581316
2022,2018-03-14,75.50211334228516,76.22081199575724,75.1719051469745,75.61866206048387,8577503
2023,2018-03-15,75.67692565917969,76.04598865676267,75.28844051189951,75.34671223015813,6132848
2024,2018-03-16,74.68627166748047,76.58984735172278,74.33663090841976,75.521513468109,10373796
2025,2018-03-19,75.4438247680664,75.79346030623935,74.78340325577672,75.13303879394967,13496140
2026,2018-03-20,75.71575927734375,76.18193819437379,74.8999395860838,75.40496806349114,9661410
2027,2018-03-21,75.4438247680664,75.94885856246415,75.21073265289563,75.94885856246415,9675146
2028,2018-03-22,74.86109924316406,75.63806946971309,74.68628410369048,75.44382691307582,11371840
2029,2018-03-23,75.46324920654297,75.85173429344067,74.20066740495923,74.20066740495923,9062739
2030,2018-03-26,75.71575927734375,75.94885137044173,75.46324503864008,75.5215167446231,15451169
2031,2018-03-27,76.12366485595703,76.27905782496805,75.79345150357999,75.79345150357999,7563470
2032,2018-03-28,75.07476043701172,76.06539525234088,74.70569751489602,75.94885183965484,14095921
2033,2018-04-02,75.71575927734375,75.83230268930978,74.93878914646112,74.93878914646112,6821616
2034,2018-04-03,77.13373565673828,77.50279860980072,75.57979525507142,75.67691653017559,6269850
2035,2018-04-04,76.16252136230469,77.65819002243343,75.61864328657596,77.28912707684985,9689298
2036,2018-04-05,76.24020385742188,77.09486771308292,76.14308260547186,76.88120306645894,8673501
2037,2018-04-06,76.12366485595703,76.88121282498874,76.04597100603443,76.72581985597772,7948746
2038,2018-04-09,76.0848159790039,76.33733548372382,75.83230174344985,76.14309295342595,4610445
2039,2018-04-10,76.51215362548828,77.17258036228672,76.25963937994749,76.47330406405906,7562115
2040,2018-04-11,76.53157806396484,76.99775697548442,76.0653938832794,76.92006312481409,5790314
2041,2018-04-12,76.27906799316406,76.88122307345358,76.18194671593993,76.60928138955941,3537785
2042,2018-04-13,76.72581481933594,76.92005733514017,76.29848023073352,76.33732978772747,3438013
2043,2018-04-16,77.38624572753906,78.04667247015047,76.45388259086175,76.62870298424892,9628436
2044,2018-04-17,79.60062408447266,80.47471563712608,78.5517121136218,78.94019724813444,23457958
2045,2018-04-18,79.63945770263672,79.95024364034005,79.38693820044124,79.67830199297528,8814122
2046,2018-04-19,80.8437728881836,81.15455886608234,79.62004058593686,79.83371055626293,10627620
2047,2018-04-20,80.49412536621094,81.42649376051342,80.10564029164024,81.11570253935724,5446620
2048,2018-04-23,80.33872985839844,80.76606448079227,79.71715270484069,80.76606448079227,4139986
2049,2018-04-24,80.20275115966797,80.88259995200454,79.56175192358371,80.88259995200454,3594644
2050,2018-04-25,80.55240631103516,81.58189075553044,79.21213063007299,80.18334336434519,5924775
2051,2018-04-26,80.41643524169922,81.07685673759343,80.10564400613167,80.63009993495429,7950190
2052,2018-04-27,80.76607513427734,81.07686111746764,80.45528915108704,80.6106821426822,7371596
2053,2018-04-30,80.74665069580078,81.19340750990156,80.43585945225982,80.63010200353551,5644871
2054,2018-05-02,79.69772338867188,81.23224135446664,79.52290301868726,80.41642174314747,7210903
2055,2018-05-03,80.20275115966797,80.6300857401126,78.95960224375175,79.63945103608832,3782713
2056,2018-05-04,80.57183837890625,80.72723138169016,79.44523252226419,80.41644537612234,22466426
2057,2018-05-07,81.30995178222656,81.58189346451933,80.41643814469285,80.41643814469285,6003886
2058,2018-05-08,82.65022277832031,83.1358291337942,81.13513200307503,81.38764625408821,19748071
2059,2018-05-09,82.30058288574219,83.01928130751119,82.02864123345147,82.35885459147137,13934330
2060,2018-05-10,80.804931640625,82.28117309133816,79.52292749421585,82.0480809493395,13973187
2061,2018-05-11,80.358154296875,81.19339609611275,80.00851353839649,81.1156969788585,10688957
2062,2018-05-14,81.21282958984375,81.50419341651505,80.02795213571373,80.02795213571373,13962128
2063,2018-05-15,83.07756042480469,83.91280233254615,81.05743580542249,81.19340664369817,56040833
2064,2018-05-16,82.92216491699219,83.52431469354039,82.57252412372812,83.29122258775308,18183776
2065,2018-05-17,82.92216491699219,83.91279978013051,82.47540285208059,82.5531019770651,17900935
2066,2018-05-18,82.72792053222656,83.52431815423346,82.3977124102763,83.01928962840776,18414996
2067,2018-05-21,82.61136627197266,83.31064252657559,82.20345907532858,83.31064252657559,16669979
2068,2018-05-22,81.87325286865234,83.13582939687991,81.38764651164175,83.0387081254778,9411261
2069,2018-05-23,82.0869140625,82.53367083809192,81.46533689816228,81.97037064944679,18219990
2070,2018-05-24,82.26173400878906,82.51424824849015,82.12576318151434,82.51424824849015,17260447
2071,2018-05-25,82.37828063964844,82.76676572180195,81.6790095994386,81.6790095994386,30090956
2072,2018-05-28,80.3969955444336,82.55309064042167,80.1444813266599,82.45596938211136,17488299
2073,2018-05-29,80.41643524169922,81.46534183017815,79.93082887596833,80.90204160743009,15749359
2074,2018-05-30,81.38766479492188,82.33945030697619,80.41645186272316,80.41645186272316,36016623
2075,2018-05-31,81.36822509765625,82.63080171901262,78.31861589685447,81.54304550674146,274352477
2076,2018-06-01,80.00850677490234,80.76605466201245,77.83298963651214,80.37756964691296,17096388
2077,2018-06-04,78.35746002197266,80.39700673025595,77.93012537211816,80.39700673025595,14456405
2078,2018-06-05,77.25028991699219,78.14380893480633,75.79347058604567,78.00783807675123,13788817
2079,2018-06-06,78.1243667602539,78.95961390091095,76.72582468202084,76.72582468202084,8130515
2080,2018-06-07,78.76537322998047,79.23155217740292,77.01719032152216,78.26033945048164,7683528
2081,2018-06-08,76.88121032714844,78.16320886629498,76.43445357981953,78.04666546061462,12429285
2082,2018-06-11,76.02655029296875,77.40567552877205,75.56037134484478,77.15315600405951,19668041
2083,2018-06-12,75.77403259277344,76.3179106421101,75.13303327501356,76.3179106421101,13416832
2084,2018-06-13,76.97833251953125,77.44451141705802,75.7934499580069,76.25963412469939,10866676
2085,2018-06-14,77.25028991699219,77.44453249445172,76.37619831842427,76.99777562012822,7205187
2086,2018-06-15,76.8617935180664,77.30855559620083,76.24022157645852,77.25027861615453,9527937
2087,2018-06-18,77.17259216308594,77.50280558197954,76.24022889204338,76.86180089329383,4303444
2088,2018-06-19,77.19200897216797,77.58049408065816,76.45388831986989,76.74525215123754,8099053
2089,2018-06-20,77.36682891845703,77.5804936191891,76.45388786510217,77.19200851300971,8160216
2090,2018-06-21,75.92943572998047,77.17259023983394,75.28843632643627,76.95892025920803,10942576
2091,2018-06-22,76.80351257324219,77.07545421687537,75.40496533443644,76.22078499617027,7677797
2092,2018-06-25,75.4438247680664,77.0366147410392,74.39491288438114,76.80352262586842,8701812
2093,2018-06-26,74.1035385131836,75.63805655630182,73.42368968102133,75.32727062640821,9869227
2094,2018-06-27,72.72441864013672,74.78339254865728,72.14169107022508,74.5697226115236,13094540
2095,2018-06-28,71.79206848144531,73.32658152976222,71.15106382403661,73.19061595435225,22542641
2096,2018-06-29,72.58843994140625,73.94813745695494,71.52010617918943,71.96686288046526,8435793
2097,2018-07-02,71.88917541503906,72.78268889681299,71.28702044326485,72.64671807936942,13100144
2098,2018-07-03,71.6949462890625,72.04458183554378,70.39352011183601,71.50070373333217,9990760
2099,2018-07-04,71.09278869628906,73.520820557245,70.76257530936577,71.9668801662332,10626271
2100,2018-07-05,70.56831359863281,71.38413313622269,70.14098432247306,71.15104108703059,7739370
2101,2018-07-06,70.62660217285156,71.05393151925841,70.25753926186476,70.5683251990999,7229617
2102,2018-07-09,71.6755142211914,71.86975676431794,70.70430150555872,70.7820006304758,10238815
2103,2018-07-10,71.5007095336914,72.00573811189311,71.24818997542357,71.8697672580182,7258266
2104,2018-07-11,71.05393981933594,71.77263831095757,70.85969726858232,71.40358062602556,3825437
2105,2018-07-12,70.93739318847656,71.32587827241493,70.5489081045382,71.17048529267281,11523981
2106,2018-07-13,70.607177734375,71.22875490420822,70.412935198125,70.78199812466642,4793733
2107,2018-07-16,70.45179748535156,70.89855434559382,70.1604336283457,70.33525405021601,12191173
2108,2018-07-17,70.49063873291016,70.80142470269854,69.92733323485658,70.19927491029617,4698206
2109,2018-07-18,69.34459686279297,71.40357077831517,69.1697817527244,70.9373866131343,5845129
2110,2018-07-19,68.93669891357422,70.23812505247184,68.80072807473421,69.57769827477263,5980121
2111,2018-07-20,68.29571533203125,69.13095743622111,67.63528840174108,68.95613699315382,5273662
2112,2018-07-23,68.78129577636719,69.15035340541853,68.23741250127576,68.35396117558062,6336970
2113,2018-07-24,69.05323791503906,69.32517957530902,68.4705103023172,69.22805830652204,6260188
2114,2018-07-25,68.2374038696289,69.53882965183361,67.86834628726128,69.40285885026029,7757736
2115,2018-07-26,70.64602661132812,71.40357460303353,67.67411688931597,68.47050917256239,33869484
2116,2018-07-27,69.88848114013672,71.79206226093774,69.22805966096381,71.18990722117773,19690254
2117,2018-07-30,71.17049407958984,71.38415879446914,69.94676696793232,70.27697511471546,10288607
2118,2018-07-31,70.82083129882812,72.10282963377578,70.64601094898762,71.34528181002001,11713824
2119,2018-08-01,71.75321960449219,72.16112687296949,69.9856091463683,71.09279279259242,10299992
2120,2018-08-02,73.30715942382812,73.90930924694274,71.77264110546082,72.31652448408043,12305598
2121,2018-08-03,73.88987731933594,74.18124111824828,73.42369313340981,73.73448434708254,7491196
2122,2018-08-06,73.5985107421875,74.53087380967848,73.28772480941241,74.53087380967848,4944677
2123,2018-08-07,73.46255493164062,74.06471004453667,72.89925465473803,73.75391877909028,3270258
2124,2018-08-08,73.61793518066406,74.08411936351669,72.9769358811161,73.46254220943514,6225545
2125,2018-08-09,74.82225799560547,74.97765627352335,72.97695350241864,73.61795295674484,6328977
2126,2018-08-10,74.02584075927734,75.30783923890024,73.46253536325689,75.24956753876563,4909902
2127,2018-08-13,73.03521728515625,73.81218751364196,72.70500915338309,73.26830940753528,2537940
2128,2018-08-14,72.99636840820312,73.42369779172009,72.47191248305401,72.86039757291762,2304692
2129,2018-08-16,72.91867065429688,73.81218427012527,72.68557854216057,72.8021272328119,3661689
2130,2018-08-17,72.68558502197266,73.42370571856802,72.1611290402031,73.22946315266572,4022502
2131,2018-08-20,72.89924621582031,73.36542515627416,72.10284863014992,72.84096923774315,2487784
2132,2018-08-21,72.86040496826172,73.15176881523291,72.19997814079365,72.89925453502457,3655095
2133,2018-08-23,73.88987731933594,74.20066326384274,72.86039295034549,72.86039295034549,9442607
2134,2018-08-24,74.1812515258789,75.59922115902698,73.63737341210293,74.00643111433781,8393334
2135,2018-08-27,76.84236907958984,77.03661162284209,74.16182303654199,74.25894430816811,14042229
2136,2018-08-28,76.58985900878906,77.87185775658104,76.04598091182176,76.7646741457608,8224129
2137,2018-08-29,74.9970703125,77.32798099916668,74.62800734611115,76.5315886222222,6955827
2138,2018-08-30,76.51215362548828,76.9977599704383,74.74454863753667,75.0747620059359,22347117
2139,2018-08-31,78.27975463867188,78.57111841123519,75.69632497327814,75.69632497327814,11854651
2140,2018-09-03,75.56036376953125,79.63945681978892,75.36612124332851,78.8042097417845,8999761
2141,2018-09-04,75.54093933105469,76.3179094664714,74.45318324913767,75.56036674593967,5387824
2142,2018-09-05,76.00712585449219,76.53158176584007,74.880520177368,75.42439823503146,7334087
2143,2018-09-06,77.42510223388672,78.37689287140269,75.94886090750133,76.14310346461343,16457730
2144,2018-09-07,76.02655029296875,78.04667487567143,74.91936672877912,78.04667487567143,4580610
2145,2018-09-10,76.04625701904297,76.85421456501723,74.94271176801688,76.12508397082331,6293799
2146,2018-09-11,73.66179656982422,76.7950791903538,73.38590762910637,76.0856581222921,9560546
2147,2018-09-12,76.38126373291016,76.95274577059438,73.74063033524143,73.74063033524143,13582243
2148,2018-09-14,78.88394165039062,79.59336273674487,76.42066656492584,76.95273505251605,22816500
2149,2018-09-17,79.57366180419922,80.22396538321057,77.80010367290504,77.80010367290504,15162744
2150,2018-09-18,78.39129638671875,80.36191670027455,78.09570333968537,79.41602001889771,4937349
2151,2018-09-19,78.15481567382812,78.82482867406534,77.32715412813783,78.430704637608,6025625
2152,2018-09-21,78.98249053955078,79.5736766939376,76.8936295866605,78.43071786458646,11174973
2153,2018-09-24,77.87893676757812,78.96277800780646,76.67686043940309,78.82483885375198,3992299
2154,2018-09-25,75.90831756591797,78.27306212852973,75.53390288422786,77.64246785502004,10770907
2155,2018-09-26,76.00684356689453,76.46009052129841,74.17416772110207,76.24331907665965,7286693
2156,2018-09-27,76.67686462402344,77.20893324012123,75.73096783187755,76.06597439354285,8101331
2157,2018-09-28,74.25299835205078,78.01688124706276,73.83916485304447,76.65715635342784,10284429
2158,2018-10-01,75.82949829101562,76.42068444988422,73.26769160258507,74.21358838764475,4684738
2159,2018-10-03,74.46975708007812,75.79007371063335,74.23328158203623,75.08064721650764,10349581
2160,2018-10-04,74.58799743652344,75.25801050413227,72.73561748630176,74.09534234141397,11239097
2161,2018-10-05,73.81946563720703,75.4944931180916,73.44504559145503,74.48947342217062,7035573
2162,2018-10-08,73.56327056884766,74.50916717243634,71.92765156658578,73.50414768778333,4680183
2163,2018-10-09,73.52384948730469,74.66680798775205,73.031194500418,73.72091148205936,5552286
2164,2018-10-10,73.76034545898438,74.46976669909418,73.38592542658463,73.38592542658463,3526073
2165,2018-10-11,73.1888656616211,74.29241103527235,72.53856194694625,73.28739668947033,10016561
2166,2018-10-12,74.272705078125,74.7850642716441,73.34651237077873,73.40562991685397,6856067
2167,2018-10-15,74.134765625,74.88360039949531,73.34651736855217,74.2727101390085,6926558
2168,2018-10-16,73.78003692626953,74.41063644626317,72.95237539038096,74.07562995011192,6530627
2169,2018-10-17,74.52888488769531,74.9230089901893,74.09534730582186,74.11505671833672,4151254
2170,2018-10-19,74.54859161376953,75.4550748785795,73.72092995922779,74.48946872400577,9497796
2171,2018-10-22,74.54859161376953,75.27771690058837,74.1938756577873,74.64712263584235,4377225
2172,2018-10-23,75.25801849365234,75.92803163239093,73.22828035545083,74.09535020750317,4599675
2173,2018-10-24,75.04122924804688,75.77035971071118,74.64710525154172,75.47476136768348,4510189
2174,2018-10-25,75.39595031738281,75.73095683038146,73.58297861084566,74.76535076567646,7455415
2175,2018-10-26,74.25299835205078,75.27771670239014,74.0165228305686,75.0215371148053,6390862
2176,2018-10-29,74.70623779296875,75.08065245749228,73.8588720993472,74.64712025074397,8374975
2177,2018-10-30,73.36622619628906,74.70624715241588,73.14945472010716,74.48947567623398,5105532
2178,2018-10-31,73.2873764038086,73.60267346739298,70.4693908564581,72.95236993271962,9622136
2179,2018-11-01,74.272705078125,74.60771163341838,73.12974625328609,73.34651237077873,5603131
2180,2018-11-02,74.82445526123047,75.79006115761544,74.37121375001556,74.50915821316322,6034462
2181,2018-11-05,73.3268051147461,74.68652999793873,72.9129716189179,74.50917736742666,4872816
2182,2018-11-06,74.134765625,74.4894762712714,72.91297975837574,73.74064149677609,7337064
2183,2018-11-07,74.50917053222656,74.88358517050463,74.13475054829897,74.88358517050463,223308
2184,2018-11-09,75.55360412597656,75.75066616549343,74.41064536590874,74.48946697432551,9231137
2185,2018-11-12,73.2873764038086,76.02654035808744,72.61736346163065,75.47476247834142,3906667
2186,2018-11-13,72.5385513305664,74.09533813535052,72.06560032784868,73.70121408163561,7750412
2187,2018-11-14,73.2873764038086,73.70120446796922,72.55824593041469,72.63707286913524,9918943
2188,2018-11-15,73.74063110351562,74.29240373613023,73.12974092912978,73.30709355444348,8814911
2189,2018-11-16,74.134765625,74.88360039949531,73.38593085050469,73.70122801482357,5537047
2190,2018-11-19,74.76535034179688,75.08064744303769,73.95739817883631,74.17416426773318,5155461
2191,2018-11-20,74.25299835205078,75.3171301802455,73.89828239700249,75.3171301802455,2673334
2192,2018-11-21,71.77001953125,74.03623322671797,71.45472237274944,73.89828871525503,6426666
2193,2018-11-22,70.86351776123047,72.40060036404661,70.0752697243351,72.40060036404661,6231287
2194,2018-11-26,71.90794372558594,72.06559226029364,70.48909622191864,70.96204717169074,5022526
2195,2018-11-27,71.94734954833984,72.89324600169503,71.06057062101029,71.71087409858895,6727512
2196,2018-11-28,72.63709259033203,72.91297625945943,71.53354187687142,71.6911904514657,9281286
2197,2018-11-29,71.13941192626953,74.29240454186265,70.6664662413205,72.89326620695317,16395530
2198,2018-11-30,71.00146484375,72.34149093308224,70.27233960447477,71.33647136608306,10573839
2199,2018-12-03,72.44003295898438,74.29241312732213,71.37589568998676,71.37589568998676,11107638
2200,2018-12-04,73.79974365234375,74.17416363431317,71.78970994856223,72.28236500607488,6304336
2201,2018-12-05,72.3218002319336,73.9771238613053,71.92767606738329,72.9523999643443,5774768
2202,2018-12-06,72.3218002319336,73.07064042110005,72.00650303855379,72.3218002319336,8600328
2203,2018-12-07,71.98677062988281,73.7012112672031,71.19852255255388,72.44001755086646,8378029
2204,2018-12-10,70.66647338867188,71.88825387426765,69.62204020260062,71.13941912145559,6431248
2205,2018-12-11,71.06059265136719,71.4547167412564,69.81909749169607,70.07528242664414,6514193
2206,2018-12-12,71.94734954833984,72.44000450796739,71.2182191389614,71.29704072511275,7396629
2207,2018-12-13,71.94734954833984,72.12470212641671,71.37586765691253,71.86852261654008,4251108
2208,2018-12-14,73.1888656616211,73.40563178462925,71.13941814409691,71.53354225549384,9276710
2209,2018-12-17,75.88861846923828,77.46511494755346,74.76536365930862,74.88359875692207,23727234
2210,2018-12-18,77.38627624511719,77.64246116049802,75.23830332667171,76.02655144624428,15507368
2211,2018-12-19,78.43071746826172,78.6277795187282,76.8739251313164,76.8739251313164,11434466
2212,2018-12-20,78.01687622070312,78.41100028256467,76.81479997028528,77.66216563415767,7938383
2213,2018-12-21,77.60304260253906,78.4701122698877,77.11038756007416,78.03658010903804,8722621
2214,2018-12-24,76.44038391113281,77.95776269659848,76.14479084950898,77.64246556912639,8563441
2215,2018-12-26,76.97245788574219,77.36658199552919,75.4156655138234,76.30244476084415,4766041
2216,2018-12-27,77.46509552001953,78.62776351945072,76.26301939503405,76.87390948891537,46486470
2217,2018-12-28,77.66215515136719,78.1745142243694,77.09067320054633,77.8395130935251,5142112
2218,2018-12-31,78.29276275634766,78.82483129236851,77.24833509417311,77.52421872146758,6317785
2219,2019-01-01,78.82483673095703,79.02189876932793,77.28774855514413,77.81981712787552,3961625
2220,2019-01-02,76.95275115966797,78.82484061647243,76.46009603945627,78.47012465339986,7876559
2221,2019-01-03,76.08565521240234,76.85419912811706,75.67182716280134,76.81478566014346,7942863
2222,2019-01-04,77.20893096923828,77.54393752105031,75.43537253151008,76.18420724719861,4017540
2223,2019-01-07,78.21392822265625,78.39128616601211,77.18920472408139,77.28773572691266,3592512
2224,2019-01-08,77.78040313720703,78.23365009898559,77.16951296055313,77.99717458537283,3990870
2225,2019-01-09,77.87893676757812,78.33218374455728,77.0906885928666,77.78040574573919,4087529
2226,2019-01-10,77.1103744506836,77.81979545296599,76.81478147545786,77.81979545296599,3589725
2227,2019-01-11,76.59803009033203,77.20892560606045,76.16449788996648,76.81480153616462,2995789
2228,2019-01-14,75.868896484375,76.59802165688569,75.27770509897165,76.47978658719455,5370460
2229,2019-01-15,75.84919738769531,78.43071331964637,75.04124516177968,78.43071331964637,11498868
2230,2019-01-16,75.67183685302734,76.51920246755071,75.51418296094442,75.86889887248158,8515441
2231,2019-01-17,76.4206771850586,76.67685676041823,75.67184252414204,75.67184252414204,5325531
2232,2019-01-18,76.30242919921875,77.52421475950945,75.86889704339077,76.46008308750086,4366941
2233,2019-01-21,75.37623596191406,76.73596598901628,75.13976582298255,76.44037296970268,4067143
2234,2019-01-22,74.76535034179688,75.37624048006954,74.2923993442861,75.27770946772559,3577455
2235,2019-01-23,73.42533111572266,75.47477300619222,73.18885561222434,74.70623430188475,6173490
2236,2019-01-24,73.6026840209961,74.52887662834563,73.12973835780568,73.58297995631513,6157088
2237,2019-01-25,73.24796295166016,74.52886595945218,73.01148748109185,73.93767995585586,3868441
2238,2019-01-28,74.01649475097656,74.3317917629054,71.73057270472442,73.30706845566465,7440853
2239,2019-01-29,73.14945220947266,74.01652739313938,72.38090805369303,73.62240328159095,17469350
2240,2019-01-30,73.74063110351562,74.0559335690453,72.2823698963593,72.95238295816623,12711500
2241,2019-01-31,74.3318099975586,75.4747686282447,73.62238887386357,74.29239652498678,25774313
2242,2019-02-01,74.9624252319336,75.61272895588233,73.26769366701868,75.2580183196967,9474849
2243,2019-02-04,72.75531005859375,74.68651665721764,72.42030357771075,74.68651665721764,3678667
2244,2019-02-05,73.34650421142578,73.6815107294517,72.32178059273163,72.55825609637637,5500377
2245,2019-02-06,73.62239837646484,74.39093713538983,72.81444079423085,73.40562692216547,4322649
2246,2019-02-07,72.75531005859375,73.97709557058815,72.51883458116757,73.68150256021768,4309303
2247,2019-02-08,71.33648681640625,74.07565178293844,71.13942474242985,72.75533481816645,7692145
2248,2019-02-11,71.86852264404297,72.20352908584758,70.09496478870513,70.78468173244761,7913450
2249,2019-02-12,71.43499755859375,73.46474062041793,71.1197004680683,72.12471462156137,11930402
2250,2019-02-14,68.95201873779297,70.48910141941519,67.98641270482996,69.95703289810189,36962390
2251,2019-02-15,71.53353118896484,71.80942016252169,69.99644846143985,70.3117455635195,16005610
2252,2019-02-18,71.2379379272461,72.3217790625065,70.7649922756131,71.51382689993584,7973918
2253,2019-02-19,70.72557830810547,72.12471653469261,70.5088068751761,71.04087540699427,10824411
2254,2019-02-20,71.65177917480469,71.96707631016605,70.39057994205902,71.23794567078652,9658184
2255,2019-02-21,71.65177917480469,72.12472487784673,71.27735914911922,72.00648978849874,9197823
2256,2019-02-22,71.69117736816406,71.96706633259336,71.13940478495482,71.61235576807667,12182132
2257,2019-02-25,71.71089172363281,71.92765782088615,70.35116156260808,71.33647172403187,29907322
2258,2019-02-26,71.4153060913086,72.00649224955444,70.48911337426006,70.74529297370319,13683801
2259,2019-02-27,71.51383209228516,72.63708678314931,70.88323249867284,71.45471454974492,13566494
2260,2019-02-28,72.06559753417969,72.81443213807903,71.17881844769772,72.08530159784175,69863939
2261,2019-03-01,72.20355224609375,72.42031835968405,71.77001467326299,72.16413876753637,7227772
2262,2019-03-05,72.12471008300781,73.09031604866003,71.96706154766535,72.51883409418846,15733697
2263,2019-03-06,72.71591186523438,73.46475192535203,71.61236653292971,72.16413919908204,20336766
2264,2019-03-07,73.76034545898438,74.68653281533601,72.75532579890357,73.70122256760006,12295538
2265,2019-03-08,73.70122528076172,74.27270738374662,73.01150808195601,74.09534939436499,6211299
2266,2019-03-11,76.57833099365234,77.24834409420696,73.99681496095091,74.29240803255144,17678891
2267,2019-03-12,77.38627624511719,79.61308145942947,76.7162685508703,76.7162685508703,26457157
2268,2019-03-13,76.75567626953125,78.1351103753298,76.10536734313536,78.07598749427615,6930222
2269,2019-03-14,76.2193832397461,77.09289832127149,76.07718182865716,76.76787124788076,8466765
2270,2019-03-15,78.51490783691406,78.90087680223854,76.01624082746032,76.01624082746032,14301914
2271,2019-03-18,80.05878448486328,80.36349939724587,78.51489779970376,78.88055459244006,14247336
2272,2019-03-19,80.85105895996094,81.33859959480304,79.34779627031419,79.7134531240995,16995997
2273,2019-03-20,80.20099639892578,81.19639527023448,79.83533955822841,80.95262771684605,9060589
2274,2019-03-22,80.64790344238281,81.60267244089319,80.09941548942926,80.40413040655744,8782833
2275,2019-03-25,82.06990814208984,82.67933798936436,79.26652643613576,80.11972932444291,14506515
2276,2019-03-26,82.41526794433594,82.8418722505864,81.01358225109591,82.13087058411789,8371544
2277,2019-03-27,81.33859252929688,83.16688215002333,80.64790864561333,82.47619826633978,11579885
2278,2019-03-28,80.54634094238281,81.25734249635441,79.81502175192892,81.25734249635441,17034861
2279,2019-04-01,79.44937133789062,81.13545977155718,79.26654014783604,80.52602981886216,10617688
2280,2019-04-02,81.17608642578125,81.58237304533864,79.63219947570913,79.63219947570913,17946031
2281,2019-04-03,81.64329528808594,82.29335482505913,81.31826827490616,81.41983990535155,15076661
2282,2019-04-04,80.99324798583984,82.57777006863444,80.64790879864998,81.84645091258744,10130253
2283,2019-04-05,79.75407409667969,81.54173391527644,79.65250245345699,81.54173391527644,9883976
2284,2019-04-08,80.58695983886719,81.37922086489039,79.44935963235557,80.444763946014,13511642
2285,2019-04-09,80.58695983886719,80.99324641413767,80.0587894952613,80.83073288615236,10655872
2286,2019-04-10,80.7088623046875,81.1151489463404,80.34320542932294,80.34320542932294,8637199
2287,2019-04-11,79.61187744140625,81.01356840570999,79.48999366651664,80.91199675643043,13713296
2288,2019-04-12,80.05878448486328,80.30255751689216,79.24621138517637,79.89627096704871,11004111
2289,2019-04-15,80.46507263183594,81.60267278973193,80.07909819757795,80.36350099235901,8965316
2290,2019-04-16,79.97753143310547,81.19639118112386,79.83533553766156,80.85105199434355,4918434
2291,2019-04-18,78.94152069091797,80.3838361810983,78.61649355557516,80.18069284385511,11593259
2292,2019-04-22,79.14464569091797,79.91658909146523,78.57584558054708,78.90087264058347,7772049
2293,2019-04-23,78.413330078125,79.04307205758542,78.02735563225293,78.73835712998567,6686014
2294,2019-04-24,77.98673248291016,79.08370851948955,77.21478903635398,78.45396097604035,7288151
2295,2019-04-25,77.82421112060547,79.55092901645604,77.47886643931251,78.08829628490683,17599280
2296,2019-04-26,77.5195083618164,78.98214132287531,77.33667717520339,77.6007623809438,8664580
2297,2019-04-30,75.73182678222656,78.21017560771601,75.32554027019923,77.88514309172604,14290974
2298,2019-05-02,77.27572631835938,77.51949936869131,75.7521516420528,75.99592469238473,8897549
2299,2019-05-03,77.5398178100586,78.3930208004173,77.27573261344193,77.5601354470998,10782838
2300,2019-05-06,77.3773193359375,78.35240629598088,76.72725952570326,77.19448812003489,5477945
2301,2019-05-07,77.82421112060547,78.73835588899695,77.39760692232092,77.39760692232092,9450289
2302,2019-05-08,77.19445037841797,78.71803024126632,76.74753964358628,77.98671124582552,10180731
2303,2019-05-09,76.3412857055664,77.21480093790437,75.71153806505068,77.15385903994881,7921214
2304,2019-05-10,75.38650512695312,76.56473526890092,75.18336180900988,76.54442314135267,5938686
2305,2019-05-13,74.20826721191406,75.58964614030452,73.96449964630635,75.3458730640818,5504435
2306,2019-05-14,73.80194854736328,74.83798229386298,73.55818108758699,73.90352015914094,11334983
2307,2019-05-15,72.52217102050781,75.00052025921812,72.09557231599673,74.41140251430812,7616268
2308,2019-05-16,73.88324737548828,74.2285921415118,72.66438738525152,72.86753071695765,8660893
2309,2019-05-17,74.00511932373047,74.59423709562012,73.27380565090131,73.82229366083051,10183233
2310,2019-05-20,76.40220642089844,76.74755109438676,74.7770602027078,75.60994543528487,6287120
2311,2019-05-21,74.73644256591797,76.62567424883817,74.6551830375841,76.48347282956138,7748239
2312,2019-05-22,73.98480224609375,75.28492147811986,73.86291847898505,74.7161158699745,6972640
2313,2019-05-23,75.02083587646484,76.42252684616571,74.39109385275266,75.5693238868093,13966122
2314,2019-05-24,75.4271240234375,75.7927808409203,74.8583184066705,75.4271240234375,7240775
2315,2019-05-27,76.11781311035156,77.03195797195747,75.42712918795152,75.75215626783216,6424176
2316,2019-05-28,77.27572631835938,77.72264265886554,76.30063962764605,76.48346528243418,11255911
2317,2019-05-29,77.25541687011719,78.41333476634938,76.93038428820897,77.76327511314757,8310232
2318,2019-05-30,77.68202209472656,78.7789981957734,76.44285008221611,78.57585488155102,34989609
2319,2019-05-31,76.91007232666016,78.1695618741829,76.54441549302184,77.80389952992996,11849847
2320,2019-06-03,78.43363952636719,78.61647068093487,77.19446222337154,77.29603386243934,12106965
2321,2019-06-04,78.39302825927734,79.63220585455932,77.98674160717479,78.2305147005594,11447117
2322,2019-06-06,79.40872955322266,80.50570550628528,78.88055921174174,79.22590390145511,26132949
2323,2019-06-07,77.90547180175781,79.65250748184567,77.66170425112597,79.40873442059915,8783688
2324,2019-06-10,78.94152069091797,79.61189260169733,78.16957711151701,78.39303257823823,11231885
2325,2019-06-11,78.67742156982422,79.51030690128941,78.3727066177348,79.34779336229799,6589306
2326,2019-06-12,77.66170501708984,78.65710388695982,77.31636030280242,78.41333633392372,7509749
2327,2019-06-13,78.75868225097656,79.00245533540657,77.05228168119694,77.68202376457718,11041648
2328,2019-06-14,79.0633773803711,80.01815184017143,78.55551921139366,78.81960986775297,34979466
2329,2019-06-17,78.8399429321289,79.81502977345029,78.65711173848696,79.7947176455413,10860754
2330,2019-06-18,80.3635025024414,80.79010119201493,78.88055764033552,79.10401304713801,17815522
2331,2019-06-19,81.37923431396484,81.8667804891091,80.44477724065617,80.48540149640546,32722391
2332,2019-06-20,81.64329528808594,82.37461433366089,80.97292362926913,81.52141153579693,11459458
2333,2019-06-21,81.21671295166016,82.09022804675755,80.66822493500351,81.74488333178004,16601442
2334,2019-06-24,80.87136840820312,81.56205783962302,80.26193850187313,81.25734288645802,9883389
2335,2019-06-25,81.90739440917969,82.19179722722834,80.85105368068943,80.85105368068943,10375296
2336,2019-06-26,85.1780014038086,85.70617174715416,81.68393575608174,81.84644928398696,31182825
2337,2019-06-27,84.38574981689453,85.2795825862718,83.79663752351789,84.95455549410642,13741562
2338,2019-06-28,84.06071472167969,85.15769069687583,83.14656991255438,84.16228636713807,12067819
2339,2019-07-01,84.12165069580078,85.32019823223617,83.55285062332506,84.20291021070334,11211814
2340,2019-07-02,84.2435531616211,84.99517899441935,83.83726654470748,84.26386528822081,12203723
2341,2019-07-03,84.89359283447266,85.17799562196242,83.9794481026164,84.5888779238539,13693989
2342,2019-07-04,85.40147399902344,85.64524709523673,84.38575735698097,84.91393331721233,12324046
2343,2019-07-05,83.63410949707031,86.13277635374297,82.96373774724213,85.34051532446416,12525923
2344,2019-07-08,81.76519775390625,83.83726045169816,81.39953541676716,83.28877245660405,8948141
2345,2019-07-09,83.18720245361328,83.37002811518111,81.094822078736,82.04959668008341,6875651
2346,2019-07-10,83.41065979003906,83.87788828335985,82.51682705537904,83.1668867250759,12675299
2347,2019-07-11,84.75139617919922,84.97485157403823,83.73567430910997,83.85756357861537,7808266
2348,2019-07-12,83.97944641113281,85.25925341844535,83.04498957496904,84.75139524430986,6349095
2349,2019-07-15,83.26844787597656,83.99976697864555,82.43556264554654,83.5528506676724,6656137
2350,2019-07-16,84.873291015625,85.07643431403402,83.00437156813906,83.20751486654808,6627472
2351,2019-07-17,84.50763702392578,85.54366567642379,83.87788947130076,84.8326641080701,6388864
2352,2019-07-18,83.43096160888672,84.87328218387447,83.28876572328876,84.87328218387447,8419638
2353,2019-07-19,83.57317352294922,84.36543460825675,82.39494346862156,83.61380328563943,10869152
2354,2019-07-22,82.92311096191406,84.18260049772947,82.3136810746435,83.69505989428177,9061812
2355,2019-07-23,85.50303649902344,85.72649744269154,82.96374516607817,83.1668884727138,14046808
2356,2019-07-24,85.23895263671875,86.53907202378272,84.73109436218046,85.17801074589714,18181391
2357,2019-07-25,86.5999984741211,87.10785665811,85.25925507263598,85.32019695259186,28085772
2358,2019-07-26,85.94994354248047,86.94534784115048,85.42177320682758,86.60000315524776,10950941
2359,2019-07-29,84.46699523925781,86.33591448363677,83.9185072910381,86.27497260285992,5948953
2360,2019-07-30,84.60918426513672,85.23892612545401,83.97943689420617,84.42635313892163,10050004
2361,2019-07-31,85.6452407836914,86.9250480668431,84.0810361680955,84.30449711924638,26229893
2362,2019-08-01,86.94535064697266,87.85949545706686,85.23894479721771,86.11245984696261,27069006
2363,2019-08-02,85.54366302490234,86.92504186623542,84.64983581590322,86.51874975772624,20863783
2364,2019-08-05,81.72457885742188,85.32021673591179,79.97754299304397,85.32021673591179,18063375
2365,2019-08-06,80.48539733886719,82.29337500846806,79.73377149771726,81.50111389243735,11846580
2366,2019-08-07,80.79011535644531,81.6433183957934,80.07911374209111,80.85106276045354,9432897
2367,2019-08-08,82.35430908203125,84.7717164543005,80.05879099098901,80.4650775738501,6595239
2368,2019-08-09,82.06990814208984,84.85297221343292,81.7651932184526,82.67933798936436,9175926
2369,2019-08-13,82.06990814208984,83.45128136045588,79.93690367662909,81.44016066020433,7558090
2370,2019-08-14,83.3497085571289,83.77630724002746,80.343189121283,81.68393256234774,8024154
2371,2019-08-16,85.78744506835938,87.04693475583343,82.1918071983794,82.92312094691776,11894601
2372,2019-08-19,85.12958526611328,86.34249364171603,84.75954721857666,85.99301109479308,8100095
2373,2019-08-20,84.71843719482422,86.71253839763978,84.55397644726708,85.10903634983416,8711658
2374,2019-08-21,84.24561309814453,85.35573293811638,83.99891918074611,84.9651337708487,5649369
2375,2019-08-22,83.36163330078125,84.5128641689347,82.5598794477386,84.0811539875377,5059207
2376,2019-08-23,82.84768676757812,84.12226175951082,82.5187596917229,83.07381960120696,7611285
2377,2019-08-26,83.42330169677734,83.66999560808071,81.88147172193374,83.19716328781509,7846961
2378,2019-08-27,84.92401885986328,86.09581080808574,83.48497748613377,83.48497748613377,18828020
2379,2019-08-28,84.5950698852539,86.85641988128212,84.01944906131621,85.49960653768095,15756988
2380,2019-08-29,84.2044906616211,85.02679994468468,83.73166393918788,84.595089801733,8660979
2381,2019-08-30,82.43651580810547,85.19124815518991,79.7640110312475,84.43061106490984,15630977
2382,2019-09-03,81.0180435180664,83.21772200165427,80.60688886979361,82.80656735338147,9494810
2383,2019-09-04,80.95637512207031,81.81980103808306,80.29852653955383,81.18250795825938,8565768
2384,2019-09-05,81.96369171142578,83.5877546983973,81.14138246772201,81.81979205509079,14199248
2385,2019-09-06,83.66997528076172,84.01945219550853,82.25148981786475,82.37483395522943,13782929
2386,2019-09-09,83.42330169677734,84.22504993771082,82.97103045549481,83.56720694309114,4769289
2387,2019-09-11,82.80656433105469,83.83445091422023,82.1487158025004,83.46441285960896,7723322
2388,2019-09-12,82.0870361328125,83.05325054697721,81.26472694231336,83.05325054697721,11516235
2389,2019-09-13,83.32049560546875,83.46440082168506,81.84033802386257,82.02535981280364,7223537
2390,2019-09-16,83.11492919921875,83.87556637596069,82.58042483710533,82.64210249258724,6031015
2391,2019-09-17,82.41596984863281,83.34106782567503,81.96369861119489,83.21772365939283,5823968
2392,2019-09-18,83.07381439208984,83.46441352747489,81.51142900383294,82.43652693608439,7206830
2393,2019-09-19,82.70377349853516,83.36162200979523,81.86090317651269,83.36162200979523,6306748
2394,2019-09-20,80.6685562133789,85.89022217038888,80.33963474473765,82.31317470986815,51859153
2395,2019-09-23,77.4204330444336,81.51142363959794,76.63924040171513,80.9974803777251,24586363
2396,2019-09-24,78.30443572998047,78.92116781270083,76.06364026543937,77.25599342001298,18234411
2397,2019-09-25,81.71700286865234,83.62887073251251,79.39397480897046,79.55844111795572,48245282
2398,2019-09-26,81.9225845336914,82.80656589659803,81.03859759414306,82.21038943643404,15826874
2399,2019-09-27,81.44975280761719,82.12816243141368,80.60688801821915,81.32640864509516,10034452
2400,2019-09-30,81.84033966064453,82.23093874438054,80.44241519652984,80.99747499781328,9111327
2401,2019-10-01,80.79191589355469,83.32051602789528,80.58633855618322,82.02537991778348,7634447
2402,2019-10-03,81.86090850830078,82.23095215392738,79.96960158312497,80.87413846546083,9432906
2403,2019-10-04,80.81246948242188,82.14872214368445,80.42187032001138,81.84035614493155,19442087
2404,2019-10-07,80.79191589355469,81.16195398549489,79.9284899612661,80.87414348251797,11655995
2405,2019-10-09,81.28529357910156,81.77868139166131,80.3396401111109,81.20306599476952,8504262
2406,2019-10-10,81.86090850830078,82.06648583291918,80.79191088159857,81.36752627520173,6982965
2407,2019-10-11,82.64210510253906,83.978357685061,81.77867924158116,81.84035132236922,10517558
2408,2019-10-14,81.57311248779297,83.17661467920112,81.28530197131145,82.64211580761256,11162487
2409,2019-10-15,82.74488830566406,83.05325426590915,81.53197996471017,81.57309654140445,5013200
2410,2019-10-16,81.63475799560547,82.74487753869279,80.85356544663026,82.64208889865287,6668842
2411,2019-10-17,81.28529357910156,82.12816396083764,80.79191134318368,81.71700930925181,7899823
2412,2019-10-18,83.2793960571289,83.56720654839715,80.99748993579477,81.28529485042107,8795448
2413,2019-10-22,84.30728149414062,85.3351681244531,82.64210738369115,82.64210738369115,10675241
2414,2019-10-23,84.8006591796875,85.1090251319534,83.17659626709728,84.286715925911,5777589
2415,2019-10-24,83.91667175292969,85.21181320497847,83.71109445281289,84.86233067945167,5428181
2416,2019-10-25,83.44384765625,84.45117868860346,82.703771583619,84.45117868860346,3993616
2417,2019-10-27,83.1971435546875,83.99889718209891,82.64208935670801,83.87555304402362,388417
2418,2019-10-29,82.66265106201172,83.42328817497382,82.02536367302895,83.15603880464688,5943950
2419,2019-10-30,82.21039581298828,83.81389792208785,81.94314639091205,83.81389792208785,6419057
2420,2019-10-31,81.55253601074219,82.6009836285798,81.34695870253576,82.35428974340381,15582577
2421,2019-11-01,81.1208267211914,81.75811415247192,80.89469391051547,81.59365341955838,8803683
2422,2019-11-04,80.0723876953125,81.6758896609398,79.78457721935611,81.36752368383294,15175738
2423,2019-11-05,80.33964538574219,80.79191664750846,79.72291336787241,80.07239595999373,8153818
2424,2019-11-06,80.21629333496094,80.79191432977325,80.05183258357545,80.3396430809816,9183411
2425,2019-11-07,79.84624481201172,80.93580342122667,79.62011200549891,80.58632646145985,15498054
2426,2019-11-08,78.79780578613281,80.33963564384665,78.46887873716892,80.2779635648664,11762251
2427,2019-11-11,78.83891296386719,79.39397280105112,78.2632976269007,78.79780196430202,10089055
2428,2019-11-13,77.81104278564453,79.90793284619976,77.42044917124464,78.94172377392886,9456977
2429,2019-11-14,77.2970962524414,78.18108327212438,76.84483056761282,78.1194056090639,19380370
2430,2019-11-15,77.15319061279297,77.6671339209568,76.78314696960157,77.29709027776539,18256039
2431,2019-11-18,78.38665771484375,78.53055738562172,76.74203906236845,77.1737492279864,11766437
2432,2019-11-19,80.36019897460938,80.58633738842637,78.20163696348818,78.53055846785932,22218922
2433,2019-11-20,80.62744140625,81.05915711704398,79.76402113794528,80.5657693266056,9597590
2434,2019-11-21,80.70967102050781,80.9769204049961,79.76401763642887,80.50409371295662,12107895
2435,2019-11-22,81.71700286865234,82.72432833965925,80.5863276659065,80.5863276659065,16199814
2436,2019-11-25,81.65532684326172,82.39540851853373,81.32640537201296,81.81979315552763,6529113
2437,2019-11-26,79.92849731445312,81.98427087729291,79.72291995816914,81.84036561256559,21594044
2438,2019-11-27,80.21629333496094,80.58633699638088,79.80513866817617,80.15462125027163,12155700
2439,2019-11-28,80.64800262451172,81.30585115402938,79.84624885781182,80.66855812554849,6724188
2440,2019-11-29,79.4762191772461,80.54522245327536,78.98283133395806,80.33964511467904,17547179
2441,2019-12-02,78.69502258300781,80.17518046432558,78.28386792578854,80.17518046432558,19957065
2442,2019-12-03,77.87271118164062,78.98282538039727,77.74936144179534,78.98282538039727,7451455
2443,2019-12-04,77.46155548095703,78.11939844460942,77.17374500187782,77.89326562293412,10311154
2444,2019-12-05,77.00927734375,77.66712582495408,76.68035031482734,77.50265952217215,4569931
2445,2019-12-06,76.72148132324219,77.35877442480569,76.41311531247858,77.07096391743607,5388071
2446,2019-12-09,77.27652740478516,77.64656543603729,76.2897574625657,76.88592829718269,5459781
2447,2019-12-10,75.13851928710938,77.2765254208978,74.91238648954995,77.2765254208978,10563080
2448,2019-12-11,74.72737121582031,75.36466424242776,73.30889107912941,75.2413145066449,39214905
2449,2019-12-12,75.9608383178711,77.44099617320815,74.43956945884727,75.13852901786628,63493233
2450,2019-12-13,76.35144805908203,77.11208538244621,76.06363753349258,76.35144805908203,12987237
2451,2019-12-16,76.86538696289062,77.25598614247608,76.2486549382666,76.5570209505786,8479418
2452,2019-12-17,77.3176498413086,77.64657132143266,76.31031874638589,77.02983936371876,17903634
2453,2019-12-18,76.96815490722656,77.70823090682647,76.53644483690009,76.90648283670004,10099352
2454,2019-12-19,76.63923645019531,76.94760239141966,76.0225045677466,76.9270413160201,5749401
2455,2019-12-20,76.5158920288086,77.07095187679566,76.1047374120243,76.33087579724051,9690984
2456,2019-12-23,76.39254760742188,77.09150710752732,75.96083191532247,76.33087553044807,17045076
2457,2019-12-24,76.9476089477539,77.05039760358682,76.26919935794352,76.65979848076516,3748896
2458,2019-12-26,76.00194549560547,77.09150406798855,75.67302404695285,77.00927649414598,3925143
2459,2019-12-27,77.72880554199219,77.91382178584969,76.26920320947134,76.26920320947134,7122947
2460,2019-12-30,78.24275207519531,78.73613432247937,77.58490350217456,77.70824766983507,6925363
2461,2019-12-31,78.22218322753906,79.0444980446285,77.81102860731508,77.91381726237107,11907723
2462,2020-01-01,80.3807601928711,80.54522094534073,78.22219260137942,78.34554234821323,13620373
2463,2020-01-02,80.21629333496094,80.87414191714497,79.90792733487237,80.40131516567091,5673692
2464,2020-01-03,79.35286712646484,80.09294324127873,78.63334093617125,79.86681042193051,7358268
2465,2020-01-06,79.39396667480469,79.74344918063065,77.29707721648985,78.94170110135555,7355290
2466,2020-01-07,78.81835174560547,79.96958791265455,78.59221895783843,79.41452811574169,14023712
2467,2020-01-08,78.34553527832031,78.50999601594903,77.64657017259624,78.24274662022216,9451757
2468,2020-01-09,79.33231353759766,79.51733537208794,78.59223735292089,78.9211588624123,7714854
2469,2020-01-10,79.00337982177734,79.64066723919439,78.53054755705485,79.64066723919439,4118638
2470,2020-01-13,80.09294128417969,80.17517444010146,78.85947740520221,79.10617129632601,27682638
2471,2020-01-14,80.2779541015625,80.73021967853147,79.86679952130643,80.09293230979091,5994314
2472,2020-01-15,79.8667984008789,80.50408576067915,79.31173860999179,80.33962504621206,7114590
2473,2020-01-16,80.77135467529297,81.28529801784012,79.8051400759759,79.8051400759759,8552344
2474,2020-01-17,81.16194152832031,81.34695775757203,79.62011173468271,80.56576511079058,4698386
2475,2020-01-20,84.14281463623047,86.75364760289375,83.5671992803983,84.0400259806661,49337827
2476,2020-01-21,82.47764587402344,83.99892040630765,81.8198028535524,83.73167098216102,17283910
2477,2020-01-22,82.25151062011719,83.19716411678691,79.37342797173207,82.43653244959876,56787054
2478,2020-01-23,83.03268432617188,85.2734789620893,79.72289227015807,80.89468390933837,226059260
2479,2020-01-24,80.97692108154297,81.47030885444454,79.86680695747654,80.77134377227421,16151679
2480,2020-01-27,79.35286712646484,80.77134727596507,79.0650566503474,80.7507917748031,8213919
2481,2020-01-28,78.30443572998047,79.35288361659077,77.74937574020359,79.35288361659077,9174575
2482,2020-01-29,79.10615539550781,79.68177064133349,77.81101412159953,78.30440180467319,17600091
2483,2020-01-30,79.92849731445312,80.27797993546443,78.69503317674925,79.10618788931721,26386034
2484,2020-01-31,76.82425689697266,80.38074874280474,76.1047363278503,80.2985155899628,63986362
2485,2020-02-03,77.02985382080078,77.70825798628167,72.95942325127272,74.37790367425227,16329297
2486,2020-02-04,79.90792083740234,80.2985199697443,77.29708780028268,77.44099303728454,14207381
2487,2020-02-05,77.85214233398438,80.46297519213518,77.2970825016781,79.80512670853668,14550344
2488,2020-02-06,79.31175231933594,79.66123488338842,77.56434507571534,78.09884388428375,9175642
2489,2020-02-07,78.28385925292969,79.27062920560596,77.5232221060146,79.27062920560596,18058457
2490,2020-02-10,76.72148132324219,78.57167738782387,75.96084404803015,78.40721663074505,30471811
2491,2020-02-11,77.91381072998047,78.61277575641574,77.33819542525548,77.5026561442282,32456571
2492,2020-02-12,77.85214233398438,78.90058992314982,77.52322088050575,78.13995278825911,16386952
2493,2020-02-13,78.34553527832031,78.59222917308419,77.17374346067307,77.62601467163326,18581113
2494,2020-02-14,75.69358825683594,78.69502052191146,75.4057777736637,78.32497687879234,23830630
2495,2020-02-17,75.48800659179688,76.39254899261903,74.23398722290575,76.06362194839211,17670292
2496,2020-02-18,76.0636215209961,76.61868137398896,74.35733096128142,75.07685154714291,30879880
2497,2020-02-19,77.09149932861328,77.27652111750646,75.2413037462447,76.47476746782375,22313738
2498,2020-02-20,77.81104278564453,78.40721932425814,76.43367901823115,77.09152206914517,25907657
2499,2020-02-24,76.5158920288086,77.79047245616817,76.08418191184165,77.70823930215475,14921452
2500,2020-02-25,76.53644561767578,77.17373298068576,76.20751861044415,76.51588454286333,17807428
2501,2020-02-26,76.4131088256836,77.46155651926134,75.6319161133939,76.06362626115768,17113656
2502,2020-02-27,76.65980529785156,77.17374862271927,74.54235991472495,76.10474539166603,28472046
2503,2020-02-28,74.62459564208984,76.18698686612618,73.65838097059834,75.42634954700978,28010970
2504,2020-03-02,75.44689178466797,76.96816615539299,74.72737117787887,75.5496804427807,19540018
2505,2020-03-03,78.81835174560547,80.05181548246034,74.85071117405047,75.57023168721581,16039306
2506,2020-03-04,81.0180435180664,81.4086426645823,77.52322900774759,78.40721038620575,16939245
2507,2020-03-05,80.56575775146484,82.04591533347936,79.99014246308165,80.60687432420096,9715265
2508,2020-03-06,78.36609649658203,79.18840582135986,77.3587709197144,78.32497991501474,14371982
2509,2020-03-09,74.39845275878906,77.54378471091735,73.16498881076684,76.02251585434172,69609292
2510,2020-03-11,74.58346557617188,75.61135215226857,72.8771749751797,73.80227289366671,42604599
2511,2020-03-12,68.29280090332031,73.14442323669259,67.73774104549719,72.44546372175807,58418097
2512,2020-03-13,69.03286743164062,70.96529612769369,61.46762451222394,66.93597802407344,44617540
2513,2020-03-16,67.33197784423828,69.44209868589392,66.07443592745541,69.22895540014615,39669086
2514,2020-03-17,69.05845642089844,72.61795119627709,66.39416478990887,66.73519180592238,35460792
2515,2020-03-18,61.449241638183594,70.29469032403095,52.07092881588393,69.91103346511782,119909061
2516,2020-03-19,62.72809600830078,64.75295757228577,59.72277169157243,61.982094379464215,44039786
2517,2020-03-20,67.0335922241211,68.99451194610002,63.19701242185554,63.19701242185554,131485883
2518,2020-03-23,65.22187805175781,66.43679622128742,60.34089335282849,60.34089335282849,39665620
2519,2020-03-24,62.79204177856445,67.01227867230406,61.98209825865613,64.81690346927678,42302851
2520,2020-03-25,64.0495834350586,66.90570038389288,63.23963421341365,63.303581833351636,23309603
2521,2020-03-26,67.50249481201172,68.93055015264781,62.770712872301665,64.19877399481923,25329120
2522,2020-03-27,68.20589447021484,70.8701865453931,66.77783276154253,67.60909420175169,28883749
2523,2020-03-30,66.35153198242188,68.16325020998943,65.24318555741579,66.074446821641,22364337
2524,2020-03-31,67.82221221923828,68.97318249641025,66.67123616018462,67.52380930559276,24838523
2525,2020-04-01,65.90393829345703,69.0371407214242,65.28582030348792,67.77959850242516,14182117
2526,2020-04-03,66.58599090576172,68.39770923082114,64.68901871688809,65.88261906535054,21066826
2527,2020-04-07,67.35332489013672,69.01584208454146,66.67126492318283,68.6321851599687,24741992
2528,2020-04-08,67.50249481201172,69.35683670970491,66.18100532875843,67.31066354858343,21481260
2529,2020-04-09,70.10285186767578,71.06199672915874,67.50250242016779,68.58953095042895,15607786
2530,2020-04-13,68.18456268310547,70.29468388671572,67.03359221176751,69.9110270629364,14901247
2531,2020-04-15,68.01405334472656,69.86840151869303,67.54513685056861,68.82399686269956,25249654
2532,2020-04-16,69.65525817871094,71.06200766109134,67.14016797806376,67.43856517841135,31150756
2533,2020-04-17,71.50961303710938,73.85418994502605,70.0176095502533,71.46698320967963,18536308
2534,2020-04-20,70.55046844482422,72.1277315978613,69.12240679792043,72.1277315978613,24177042
2535,2020-04-21,69.3355484008789,70.76361001166,69.12240504947526,69.91103660604543,13915863
2536,2020-04-22,69.1436996459961,69.37816074258036,66.75649933741362,68.20587260530498,19702407
2537,2020-04-23,67.35332489013672,69.01584208454146,67.18281134386929,68.84532853827403,32128585
2538,2020-04-24,67.84354400634766,68.24851868118847,66.39417039314813,66.92702876431585,33134279
2539,2020-04-27,68.03535461425781,68.84529793540811,67.20409349562257,68.84529793540811,9762001
2540,2020-04-28,67.01229095458984,68.37641086689702,66.84177741102246,68.22720934806904,26134701
2541,2020-04-29,67.37461853027344,68.46165293213515,66.50073323043789,67.9927364714428,14509262
2542,2020-04-30,69.07976531982422,69.67656546182289,67.01227395121931,68.03536651679718,18702868
2543,2020-05-04,67.8009033203125,68.84530787326777,67.18279117789368,68.58953473969889,12598146
2544,2020-05-05,69.76182556152344,70.69965849217418,68.29113432524902,68.82399263087271,18305545
2545,2020-05-06,70.50784301757812,71.04070144282225,69.35686650629722,69.44212616708987,12853774
2546,2020-05-07,68.95189666748047,70.33732855493608,68.63218161652918,69.76184030684696,8561359
2547,2020-05-08,67.77960205078125,69.3142353136892,67.3959451805251,69.3142353136892,30898767
2548,2020-05-11,67.6943359375,69.22896905393057,67.50251041162294,67.90747926528528,9453421
2549,2020-05-12,69.61263275146484,70.33732245014328,67.22542608851144,67.56645891572386,19986028
2550,2020-05-13,71.04068756103516,73.27869250974057,69.07976778293575,73.08686698326694,27175817
2551,2020-05-14,68.54692077636719,69.91104061635392,68.20589370731238,69.91104061635392,26454121
2552,2020-05-15,68.1206283569336,68.95188971838448,67.45988629764524,67.86485518557306,20009870
2553,2020-05-18,65.8613052368164,68.29113568988517,65.34975894044257,68.14193998683535,32898286
2554,2020-05-19,67.37461853027344,67.90747683063233,65.64815994986365,66.07444659015077,12276533
2555,2020-05-20,67.54513549804688,68.48296846758363,66.39416497930583,66.60730831039301,24677051
2556,2020-05-21,67.73698425292969,68.14195899904072,66.92704054259202,67.16149595441352,17176100
2557,2020-05-22,66.43680572509766,67.35332104308469,65.69080394363874,66.92703431082245,25080927
2558,2020-05-26,67.07621002197266,67.65169226365474,66.28757871426548,66.56466382727567,18512685
2559,2020-05-27,66.99097442626953,67.31068946717151,66.39417417296258,67.07623408326354,22655078
2560,2020-05-28,67.0335922241211,67.50250868966341,66.52204593773261,67.50250868966341,25797051
2561,2020-05-29,67.1614761352539,67.63039260240541,66.75650729053241,67.03359245415926,63844851
2562,2020-06-01,67.71565246582031,68.65347962130731,67.2254181956282,67.5877630024248,45314328
2563,2020-06-02,70.35863494873047,71.7653845294767,67.60908919970161,68.14194757531381,43626060
2564,2020-06-03,70.14547729492188,71.40302511768986,69.84708013455612,70.55045189056099,13811685
2565,2020-06-04,72.14904022216797,72.44744322037809,70.37995160047934,70.42258142620699,23992166
2566,2020-06-05,73.08688354492188,74.3018019487561,70.14550032030719,71.18990517912071,22851633
2567,2020-06-08,73.47052764892578,74.55755636793693,72.83109763024083,73.93944415233803,11723588
2568,2020-06-09,72.70320892333984,74.19521809787359,72.46875356010517,74.17390029456296,8412588
2569,2020-06-10,72.49006652832031,73.0016128680922,71.87195429813616,72.70320987291139,10101681
2570,2020-06-11,72.8950424194336,76.00693877183039,71.55224048234584,71.6374943524834,22109491
2571,2020-06-12,70.89148712158203,72.21297693385114,70.59308992647797,70.78491545578424,20331770
2572,2020-06-15,69.59132385253906,70.76361232355862,69.31423864303845,70.42258526292457,13833335
2573,2020-06-16,69.35684204101562,70.8701629040229,68.82398380373459,70.63570759237201,13972830
2574,2020-06-17,67.99274444580078,68.97320152069855,67.5025159083519,68.5682326340596,28371013
2575,2020-06-18,70.52913665771484,70.89147563722237,67.9927291098703,68.5042695537008,19720997
2576,2020-06-19,73.06554412841797,73.44920671859853,70.35862288794821,70.69965565901069,21577413
2577,2020-06-22,76.13481140136719,76.62503987452173,72.74583034533434,75.19697849298957,33039735
2578,2020-06-23,79.90746307373047,80.56820515838307,76.32665588287462,77.371054848354,34298071
2579,2020-06-24,76.09217834472656,80.31242047102168,75.45274842036456,79.60904292871764,32910525
2580,2020-06-25,76.45453643798828,78.13837117810178,74.32310298563361,76.04956176928758,40909792
2581,2020-06-26,76.39057922363281,77.62680922093483,75.942974819551,77.13658078188705,11954078
2582,2020-06-29,75.98562622070312,76.8595174777372,75.51670966593896,75.87905453925144,7547198
2583,2020-06-30,74.53624725341797,76.71031055810516,74.17390240565621,76.30533588439202,11889584
2584,2020-07-01,73.93943786621094,74.77069335070043,73.27869010061491,74.60017984992433,15209917
2585,2020-07-02,74.642822265625,75.367511993559,73.57710547859477,73.96076236554893,15481100
2586,2020-07-03,75.70853424072266,76.47584796586156,74.64281752142794,75.0264743839974,22720042
2587,2020-07-06,75.87904357910156,76.17744655681776,74.94121638691898,76.04955708841813,11724475
2588,2020-07-07,73.79023742675781,76.09218417444573,73.1934372746732,76.09218417444573,20855578
2589,2020-07-08,72.36217498779297,74.45097838191136,71.95720036422968,73.74760657740694,16818545
2590,2020-07-09,73.1294937133789,73.53446255117836,72.25560263456045,72.68188927343309,16110083
2591,2020-07-10,73.57711029052734,74.0673388882454,72.25562023180787,73.15082354783615,23809286
2592,2020-07-13,72.08509063720703,74.2591536971284,71.70143381060507,73.57709390434563,10803798
2593,2020-07-14,69.63394927978516,71.95720827002945,69.4847477819808,71.82932457584474,16288923
2594,2020-07-15,69.71918487548828,70.89147296516812,69.52735938448791,70.35861474258637,15061461
2595,2020-07-16,69.1436996459961,70.12416228448289,67.99272930761855,70.12416228448289,15458966
2596,2020-07-17,69.61263275146484,69.84709390427652,68.90926085679659,68.90926085679659,13711930
2597,2020-07-20,69.69788360595703,70.01759858880249,69.20765512197053,69.61262396444518,8390572
2598,2020-07-21,74.02469635009766,74.36572915483735,69.9536609690076,69.9536609690076,33717545
2599,2020-07-22,76.58241271972656,77.32841435584288,74.0886404473582,74.17389430807043,46076322
2600,2020-07-23,77.47762298583984,77.81865580579318,75.64459253791739,75.87904790385518,18738194
2601,2020-07-24,77.58419036865234,78.1170486998543,76.15612888465454,76.51847370624844,14438899
2602,2020-07-27,77.11526489257812,77.3923558180129,76.19874982611262,77.28578416419407,11938756
2603,2020-07-28,77.54156494140625,77.94653960882985,76.17745100533101,76.81688103902094,11893746
2604,2020-07-29,77.47762298583984,78.64991137929526,76.94476462517828,77.28579744513164,13335993
2605,2020-07-30,75.38880920410156,78.11704248647709,74.8559509152828,77.79732751318583,23995122
2606,2020-07-31,76.00692749023438,76.45452614219943,75.11172440442175,75.28223790127117,14354565
2607,2020-08-03,76.1135025024414,76.51847135256843,74.21652458895964,76.30532802664386,12500988
2608,2020-08-04,75.98562622070312,76.32665907047878,74.85596755369201,75.81511268675717,9628257
2609,2020-08-05,75.00515747070312,75.85773079053605,74.66412467364023,75.47407395298781,10577794
2610,2020-08-06,74.98384857177734,75.77248014263746,74.77070521651156,75.30356360467603,8564058
2611,2020-08-07,75.00515747070312,75.85773079053605,74.70675449600846,74.94121562809222,8026904
2612,2020-08-10,75.55933380126953,76.22008164561086,75.13304710758479,75.3888202801723,7766140
2613,2020-08-11,75.38880920410156,77.73338567490408,74.83463889648304,75.94297951172007,21833550
2614,2020-08-12,75.90036010742188,76.49716027095377,73.83286866421957,75.11172863545198,19435650
2615,2020-08-13,76.19876861572266,76.85951650146049,75.1969936664247,76.71031499294655,10641012
2616,2020-08-14,74.77069091796875,77.00869572028155,74.21652061300618,77.00869572028155,17130105
2617,2020-08-17,76.15612030029297,77.79732493177403,74.8559484314695,75.02646192185716,17368089
2618,2020-08-18,75.77247619628906,76.68899141982169,75.26093563942314,76.6676793981585,13890131
2619,2020-08-19,75.60195922851562,76.47584458697362,75.47407554060376,76.09218774135506,12400644
2620,2020-08-20,77.2431640625,80.18454092151124,75.21830238524026,75.53801738691286,44062975
2621,2020-08-21,80.61083984375,81.20764011454621,77.83997607473259,78.01048961183382,49949864
2622,2020-08-24,78.96961975097656,81.27157230084862,78.60727493983872,80.84528564818828,19724617
2623,2020-08-25,78.75646209716797,79.63035304527195,78.01046059072594,79.50246360361,10109220
2624,2020-08-26,79.01225280761719,80.8452889582363,78.47939446997495,79.71562465692834,18000615
2625,2020-08-27,78.94831085205078,79.99271550510872,78.73516751729471,79.67300050297462,10363056
2626,2020-08-28,77.71207427978516,79.60904633407466,77.49893096254706,79.50247467545562,12114955
2627,2020-08-31,76.28402709960938,79.01226091179211,75.8790524087104,78.22362933481617,24259718
2628,2020-09-01,76.90213775634766,77.71208712119723,76.13482400024998,76.32665533021614,16505345
2629,2020-09-02,79.01262664794922,79.84112409877207,76.41811540303102,77.59545793242792,30959608
2630,2020-09-03,77.83529663085938,79.12165234515965,77.4646512628124,78.66379421486624,11884498
2631,2020-09-04,76.3309097290039,77.61725934173162,75.74223845536045,77.2684201721895,17373558
2632,2020-09-07,76.81055450439453,77.15939955373412,75.45879842049136,76.33090217234222,13069001
2633,2020-09-08,76.26548767089844,76.74514590477595,75.76402920952592,76.679739307959,9597878
2634,2020-09-09,76.41810607910156,77.59544846484849,75.61140895659584,76.30909311428543,20122483
2635,2020-09-10,77.4428482055664,77.8134935600983,75.93846655483891,76.74516387603578,19635358
2636,2020-09-11,76.37450408935547,77.74807225625976,75.91665197660883,77.66085951367364,31182063
2637,2020-09-14,74.7829360961914,77.39924810854791,74.45589709464684,77.39924810854791,14143608
2638,2020-09-15,75.56780242919922,75.82942879226708,74.56487968489067,74.93552491834532,7858789
2639,2020-09-16,74.97913360595703,75.63321136254817,74.47767517543681,75.4369856698382,13201491
2640,2020-09-17,73.3875503540039,74.73931243067844,73.21313077637903,74.71751220134999,10765947
2641,2020-09-18,74.95733642578125,75.4369946874855,72.95149654959313,73.73639349992706,23788415
2642,2020-09-21,74.34686279296875,74.87012741125272,73.10411376029342,74.56488873153172,13331596
2643,2020-09-22,73.60557556152344,74.32506592275253,72.60265856455617,73.60557556152344,9039386
2644,2020-09-23,71.46892547607422,74.085236967811,70.98926718638928,74.085236967811,8404497
2645,2020-09-24,69.48489379882812,71.97038624505674,69.1142484763819,70.74944320982158,20770480
2646,2020-09-25,70.0953598022461,70.85845061782112,69.63750176430167,70.20437277589967,8761400
2647,2020-09-28,73.32213592529297,73.71458141164247,70.20436634716663,70.20436634716663,16915185
2648,2020-09-29,71.2072982788086,73.86721633674814,70.8584590871552,73.69279674092144,13468026
2649,2020-09-30,70.83663177490234,71.18547677665227,69.89912155242486,71.05465768312182,14349950
2650,2020-10-01,71.774169921875,72.3846414692296,70.98927286299072,71.83957653153209,14856837
2651,2020-10-05,71.01107025146484,72.55905211788347,70.70583155826539,71.5125287494362,10360105
2652,2020-10-06,71.16368865966797,71.6869533376457,70.57502328985898,71.12008819844714,8989183
2653,2020-10-07,69.59390258789062,71.16368470594408,69.33227026343758,71.07647787401469,17614061
2654,2020-10-08,69.02702331542969,70.24797204549978,68.89621012600476,69.85552064856155,12953710
2655,2020-10-09,68.89620971679688,69.48488089437608,68.32933876588176,69.20144246175266,11980039
2656,2020-10-12,69.68111419677734,70.9892699943902,69.13604928110531,69.4194818543882,20670634
2657,2020-10-13,69.96454620361328,70.64043024217422,69.4194812923542,69.7683263841597,11179799
2658,2020-10-14,68.4819564819336,70.11715087316261,68.15491760368779,69.96453154711493,13362234
2659,2020-10-15,67.91509246826172,68.48195749991491,67.41363403036364,68.28573771864957,15536883
2660,2020-10-16,69.31047058105469,70.29158745346724,67.74068831666101,68.06772727413185,18673957
2661,2020-10-19,69.65930938720703,70.81484574961225,69.5066900379839,69.74651621938278,18793008
2662,2020-10-20,68.54737091064453,69.94273931640281,68.41655771012505,69.7683197442661,13701957
2663,2020-10-21,71.40352630615234,72.45004982894412,68.56918856166078,68.72180793076929,36573148
2664,2020-10-22,71.99219512939453,72.34103432006849,70.29158781044318,70.7058395244099,39056262
2665,2020-10-23,74.19424438476562,74.73930923801743,71.81776517318707,71.99218474336121,29149043
2666,2020-10-26,75.02275085449219,75.41519638250398,73.97622156068421,74.15064113820806,36760149
2667,2020-10-27,75.65502166748047,76.46171885761089,74.78291787584378,75.02274996714328,23610507
2668,2020-10-28,75.37158203125,76.11287255017427,74.80471698571858,76.11287255017427,14060472
2669,2020-10-29,74.82652282714844,75.56781340169361,74.23785159610755,74.5866966547362,17654072
2670,2020-10-30,74.56488800048828,75.0009398733391,73.82359745090905,74.34686206406286,22904945
2671,2020-11-02,75.45880126953125,76.0474665927907,74.97914300503678,75.24077532333669,13423596
2672,2020-11-03,78.46755981445312,78.79459874070649,75.80764203139265,75.87304863377683,27441682
2673,2020-11-04,77.22481536865234,78.48936477688733,76.1564857794024,78.46756454622214,19461431
2674,2020-11-05,78.07511901855469,78.40215796463242,77.00678942896766,77.61726094544619,10248002
2675,2020-11-06,77.8134765625,78.24952843391368,77.22480535322512,77.72626382248446,8815864
2676,2020-11-09,80.25536346435547,80.53879598109411,78.09690446316957,78.44574357387378,15228920
2677,2020-11-10,81.06207275390625,81.47631852088213,79.16524575761545,79.92833660209648,13815795
2678,2020-11-11,82.697265625,83.28593096078016,80.1899612761008,80.1899612761008,15502357
2679,2020-11-12,82.6318588256836,83.26413649257711,81.6071415173382,83.06791075751833,26079694
2680,2020-11-13,82.34841918945312,82.82807745619542,81.1928828520733,82.23940621584498,11968619
2681,2020-11-14,81.97777557373047,82.80627892157086,81.5417236703755,82.41382747708542,1162700
2682,2020-11-17,81.45451354980469,82.52283712129429,81.04026189260875,81.54172037835548,16872514
2683,2020-11-18,80.84403991699219,82.71906060952733,80.56060146741628,81.4545113577479,16685757
2684,2020-11-19,82.76266479492188,85.98944739458774,77.79166883090669,77.8352752000235,64832376
2685,2020-11-20,83.65657043457031,84.59408668932872,82.45742778849814,84.37606075367924,27479934
2686,2020-11-23,84.92113494873047,85.42259347310454,83.06790837720422,83.72199217054639,20909280
2687,2020-11-24,84.8121109008789,86.20747331207085,84.26704607283553,85.03013683209626,15308572
2688,2020-11-25,85.16096496582031,86.09847545166636,84.39787407268213,84.8121257804046,19854793
2689,2020-11-26,86.18567657470703,86.83975439484549,84.09262400166466,85.09554687447626,24879552
2690,2020-11-27,83.89641571044922,86.18568839490304,82.28302116710096,86.18568839490304,46793847
2691,2020-12-01,83.87460327148438,85.66241727377923,83.56937048505954,84.9647330394285,18193922
2692,2020-12-02,84.65949249267578,85.1173445875102,82.65365272065777,84.09262151670767,15836732
2693,2020-12-03,84.35426330566406,85.07374778459614,83.28593374513915,85.03014732443809,21308517
2694,2020-12-04,84.74669647216797,85.88043247170732,84.04901823952693,84.68128987714935,14838659
2695,2020-12-07,84.37606811523438,86.01126277527128,83.9400162058912,84.15804216056279,22078115
2696,2020-12-08,83.54756164550781,84.85571732483419,83.32953569895342,84.59409092043477,15896364
2697,2020-12-09,84.02722930908203,84.9211393385366,83.32954501920682,84.11444206319129,18701467
2698,2020-12-10,84.04903411865234,85.20457056339926,83.50396328563386,84.15804710238947,13612880
2699,2020-12-11,84.20164489746094,85.1391612593721,83.7873991209802,84.59409635795059,14876364
2700,2020-12-14,84.72489929199219,85.90224170199195,84.07082148962165,85.46618983374492,20316890
2701,2020-12-15,84.07083892822266,84.89933646687875,83.43856122237992,84.76852324500318,16084083
2702,2020-12-16,85.55339050292969,85.83682301402989,83.96180248121476,84.89931274762232,35024972
2703,2020-12-17,86.4930648803711,87.43272150217432,85.73238902724557,86.4930648803711,23058726
2704,2020-12-18,86.76153564453125,87.16424387541545,85.93374279443839,86.49306146760978,20310375
2705,2020-12-21,83.00291442871094,86.44832009570172,82.53308914184692,86.35883274386859,21609326
2706,2020-12-22,85.15069580078125,85.48628700132932,82.77918100884402,82.98053815677123,23934507
2707,2020-12-23,84.99407958984375,85.7771256712952,84.56899500374331,85.68763226295967,9836093
2708,2020-12-24,85.0164566040039,86.02323628559617,84.7703588151899,85.12832033873683,12945145
2709,2020-12-28,85.71000671386719,86.04559788405311,85.01644798741904,85.10594139373346,6879688
2710,2020-12-29,84.88220977783203,86.2022040766614,84.5689889401113,85.7323728200803,8549660
2711,2020-12-30,85.10594177246094,85.3072989030667,83.58459634131376,85.01644836574827,19132583
2712,2020-12-31,84.94933319091797,85.46390511820735,84.14391678898637,85.24017766556018,23272111
2713,2021-01-01,84.79270935058594,84.97169613959399,84.34525451605506,84.5689819333205,3074621
2714,2021-01-04,84.32289123535156,85.19543066306369,84.1215341154195,85.01644385912624,7133203
2715,2021-01-05,84.12154388427734,84.7927262700004,83.31612744900801,84.7927262700004,10478882
2716,2021-01-06,87.76830291748047,88.41710889010392,83.6740856703596,84.12154057658086,54265234
2717,2021-01-07,88.17100524902344,90.29641591206857,87.47745261815415,88.59608980923053,40129922
2718,2021-01-08,91.0794677734375,91.28082490831292,88.39473834307483,88.9316866567456,29487917
2719,2021-01-11,91.0794677734375,91.72827981337338,90.13981125901145,91.28082490831292,12726089
2720,2021-01-12,91.14659118652344,91.61642251117844,89.46863517488984,89.96083681876823,31454127
2721,2021-01-13,91.72827911376953,92.44420817020503,90.65438249461853,91.19133080419404,23792586
2722,2021-01-14,91.77303314208984,92.84692991796528,91.10185069166589,92.15337107779602,12024674
2723,2021-01-15,90.83338165283203,92.0638827995627,90.60965417160827,91.25846022575936,13530190
2724,2021-01-18,87.58934020996094,90.3859339498707,87.05239178429953,90.05034270108153,26118654
2725,2021-01-19,89.33440399169922,89.49101443828248,87.3656034219279,87.49983747957288,19382828
2726,2021-01-20,87.76830291748047,89.75947360876766,87.32084801125922,89.49100552023138,21158179
2727,2021-01-21,87.32084655761719,88.46185412188862,86.8733916588448,87.90253549842312,12509109
2728,2021-01-22,86.89576721191406,87.83542376975231,86.3588249424321,87.25373479389789,16720401
2729,2021-01-25,85.10594177246094,88.05914529703807,84.83746762131838,87.00762507864377,9393599
2730,2021-01-27,86.06797790527344,86.96288779333672,84.70324275357537,85.01645757299987,18874916
2731,2021-01-28,83.8083267211914,85.44153593337063,83.13714435435098,85.44153593337063,16072463
2732,2021-01-29,82.5330810546875,84.56899852360023,81.88426898973951,84.43476447450551,13415015
2733,2021-02-01,84.52426147460938,84.77035926472844,81.66054499506359,82.53308455820583,9485240
2734,2021-02-02,86.89576721191406,87.5445792818251,84.65849258324958,85.46390902197047,10803602
2735,2021-02-03,92.39945983886719,93.9655519670517,87.03000111366319,87.03000111366319,73411707
2736,2021-02-04,91.8848876953125,92.91403765777845,91.37031574857743,92.39946571104338,23523019
2737,2021-02-05,92.66793823242188,93.20488048813296,90.05032577021886,92.01912617915085,28755118
2738,2021-02-08,95.1065673828125,95.48690528776325,92.04149989326255,92.39946747927333,28436890
2739,2021-02-09,94.3011474609375,97.29909781422592,93.96555627522591,93.96555627522591,27738169
2740,2021-02-10,94.16691589355469,95.75538462485186,92.62319994054313,94.21166260284406,34189378
2741,2021-02-11,95.64350891113281,96.11333412735642,93.22725367099126,93.45098112043021,20504448
2742,2021-02-12,95.15131378173828,97.99265379670919,94.21165721637051,97.99265379670919,25066544
2743,2021-02-15,95.06181335449219,96.40418411240137,94.65910516161716,95.75537208516155,8599603
2744,2021-02-16,100.92349243164062,102.86992887443276,95.44216893509952,95.48691564682977,80200957
2745,2021-02-17,102.9370346069336,103.45161266218419,99.42451805306912,100.90111698214614,39034960
2746,2021-02-18,105.82311248779297,106.62852891339239,102.2434731402476,103.36211043635554,44291912
2747,2021-02-19,103.89906311035156,105.64414222044242,102.35534114957765,104.48075210105118,36335681
2748,2021-02-22,100.65501403808594,104.65973812224715,100.05094866379962,104.01092604079221,25800846
2749,2021-02-23,101.16958618164062,102.51194491616333,100.52077409900821,101.01297574076425,18293559
2750,2021-02-24,99.67060852050781,102.10924028203502,99.1560365721018,101.19195404714134,11421326
2751,2021-02-25,101.81839752197266,104.16752984200818,98.79807066707916,100.09569482288374,30696079
2752,2021-02-26,95.88961029052734,101.68415387690187,94.50249883794778,99.11128811142207,38070699
2753,2021-03-01,101.68415069580078,102.3777033658955,97.27671869988852,97.32146540386135,31441940
2754,2021-03-02,100.69976043701172,102.62381433436805,99.9390906476134,102.46720995381294,18223787
2755,2021-03-03,101.79600524902344,102.98176548698234,100.09567920322554,102.91464240257338,19350542
2756,2021-03-04,100.74449920654297,102.89228648326323,99.80484265229009,99.80484265229009,22865747
2757,2021-03-05,98.55198669433594,101.12485290957092,98.14927841357677,101.12485290957092,17342685
2758,2021-03-08,100.32933044433594,102.03832386283867,98.89377720904469,99.28115028682299,15749448
2759,2021-03-09,98.43804931640625,101.21801328417328,97.18478742924741,100.48884149539343,12585004
2760,2021-03-10,98.05066680908203,99.78245041380139,97.52657676102733,99.34950296730786,10661165
2761,2021-03-12,100.28375244140625,100.67112550524439,98.16460191497451,98.30132509228764,18173078
2762,2021-03-15,102.15223693847656,103.22320717587311,100.1470196193906,100.71668398170219,30092241
2763,2021-03-16,102.2889633178711,103.54222495445372,101.85601591636818,102.60797166206693,14767699
2764,2021-03-17,100.46604919433594,102.53962531147113,99.96474324410676,102.51684120606497,12571132
2765,2021-03-18,100.7394790649414,101.8560238092842,100.32932191561811,100.71669496046691,14232655
2766,2021-03-19,104.90943145751953,105.77531399698157,99.87359405166418,101.12685583148607,70334403
2767,2021-03-22,101.87881469726562,106.82350964787615,101.26358202294327,106.82350964787615,29180881
2768,2021-03-23,99.80523681640625,102.08389462671188,99.57737103537568,101.8788129512824,38455903
2769,2021-03-24,100.7394790649414,102.03831518884404,98.84819441215564,98.91655290683374,24398959
2770,2021-03-25,98.6203384399414,101.81045953355601,98.14182274840131,100.73948907302007,20272124
2771,2021-03-26,97.80001831054688,101.1724306035813,96.68347352091666,99.96474321110169,25184863
2772,2021-03-30,100.87621307373047,101.94718354293511,98.16460764970756,98.8482050324439,53328751
2773,2021-03-31,98.27853393554688,100.76227339824099,97.82280237771344,100.21539305633894,20694060
2774,2021-04-01,99.66852569580078,99.9647499923521,97.86838344703806,98.7342722297478,11229344
2775,2021-04-05,97.59491729736328,99.8052161519736,97.23033459570232,98.07343904720362,14484908
2776,2021-04-06,95.33906555175781,99.80523865079672,95.02005716120469,98.07346115563686,25301732
2777,2021-04-07,95.95429992675781,98.52918812447811,95.49856837760444,96.11380720521244,22841720
2778,2021-04-08,95.24791717529297,97.29870911800224,95.02005140388083,96.59232151787181,20468881
2779,2021-04-09,94.92890167236328,96.36445478163573,94.79218468338671,95.43020760070172,11773021
2780,2021-04-12,91.67042541503906,94.17694895764156,90.46273803530883,94.17694895764156,18544315
2781,2021-04-13,95.13397216796875,95.4301963968098,92.26286010524946,93.493337586594,19831072
2782,2021-04-15,94.70103454589844,96.3416692963754,94.35923589710134,94.74660893532229,10159348
2783,2021-04-16,95.6352767944336,97.89114390590615,94.45037371321627,94.56430658292459,22020846
2784,2021-04-19,91.6932144165039,94.33646127496559,91.14634023221382,93.81236501579514,18404990
2785,2021-04-20,92.83253479003906,93.74399786096468,91.89828761484213,93.42498949489344,14467660
2786,2021-04-22,92.7186050415039,93.37941826277255,91.69320905203826,92.96926110323724,11626459
2787,2021-04-23,96.22772979736328,97.02525992305614,92.9692508057833,93.10596778340044,38318040
2788,2021-04-26,98.34689331054688,98.64312377078583,94.88333220385557,94.88333220385557,19139358
2789,2021-04-27,98.73426818847656,100.48883597027972,98.34689511749326,98.46082801006159,15270611
2790,2021-04-28,100.67112731933594,101.03571628415257,98.57476086071912,99.71408978591793,16383579
2791,2021-04-29,100.32933044433594,101.92439096827181,99.82802447199079,101.6737410727268,14761969
2792,2021-04-30,100.28375244140625,101.30914845560757,98.73426636730858,99.23557232161353,16897105
2793,2021-05-03,100.62554168701172,101.55979501007916,98.77983150684267,99.12163014622615,15528063
2794,2021-05-04,99.3722915649414,101.03571674837858,98.75705888751126,100.8989935679735,20857434
2795,2021-05-05,99.4406509399414,100.42047253158324,98.80262182793768,99.37228626275906,23178237
2796,2021-05-06,98.16460418701172,99.98753047667269,97.34428982916631,99.55458919163124,18823613
2797,2021-05-07,97.7772216796875,98.80261761868137,97.29870604732547,98.59754213963527,12509591
2798,2021-05-10,100.1926040649414,100.32932105312233,97.95952077670746,98.16459625897885,17845577
2799,2021-05-11,101.81045532226562,102.63077584973075,99.53179749250965,100.26096923428256,22995780
2800,2021-05-12,102.97257995605469,107.09694837297373,101.65095340007572,101.81046069282374,55645370
2801,2021-05-14,104.29418182373047,104.81827803528545,102.01553032432705,103.79288207898935,18820793
2802,2021-05-17,104.089111328125,105.27400836346759,103.49665662919921,105.25122425942428,10996347
2803,2021-05-18,106.23104095458984,109.3072411889496,104.13468083136937,105.22844146414212,52885042
2804,2021-05-19,106.52726745605469,108.46412641480082,105.45630332975146,106.73234911242366,28081040
2805,2021-05-20,104.33975982666016,107.07414897614626,104.08910996045903,106.64120155497586,10707136
2806,2021-05-21,103.88402557373047,104.47647406805956,102.99534665098261,103.92959378002176,21702883
2807,2021-05-24,105.27401733398438,106.82350961609004,104.08912019767537,104.36255419451282,22028927
2808,2021-05-25,106.13990020751953,106.84628158788652,105.34237005105486,106.18546841431406,9165363
2809,2021-05-26,102.81307220458984,106.55006751709203,102.51684790866821,106.27663350932146,18322114
2810,2021-05-27,104.04353332519531,104.63598185748752,101.74209150984336,103.3143678027602,51194207
2811,2021-05-28,102.74470520019531,105.27401283155166,102.44847474753243,105.27401283155166,15307498
2812,2021-05-31,102.83584594726562,103.26879338469358,101.96995725366436,102.99535322322618,13102261
2813,2021-06-01,102.26618194580078,103.90681674018593,102.0383161738377,103.13207064300957,15733731
2814,2021-06-02,103.65615844726562,103.97517297461373,102.12945666282111,102.17503104976429,7995532
2815,2021-06-03,103.13207244873047,105.47909488604758,102.83584817624285,104.38533421647057,10291328
2816,2021-06-04,103.06371307373047,103.97518235102731,102.44847424765109,102.99535457777826,6142487
2817,2021-06-07,107.66659545898438,108.37297683680075,103.40550454500826,103.5877959152911,18058790
2818,2021-06-08,106.66399383544922,108.89708342371894,105.75253071574888,108.89708342371894,22511761
2819,2021-06-09,110.33262634277344,111.88210599788687,106.55004506961097,107.55265682439492,39865778
2820,2021-06-10,110.12755584716797,113.02144616897529,109.48952674885165,113.02144616897529,32690784
2821,2021-06-11,112.2467041015625,113.3860329875658,111.19852399894138,113.3860329875658,29142097
2822,2021-06-14,113.3404769897461,113.84177680859956,110.33265335160345,112.99867828711575,18732629
2823,2021-06-15,112.83916473388672,114.6165103741609,112.58850248957675,114.18356292604592,15026686
2824,2021-06-16,110.35543060302734,112.79358958530622,109.80855024029361,112.49737147893683,30706682
2825,2021-06-17,109.30724334716797,111.22130594854886,107.8944681383995,111.22130594854886,22261167
2826,2021-06-18,106.18548583984375,111.6542649530535,104.86385927581381,111.19853336028602,49278209
2827,2021-06-21,107.02859497070312,107.30202897693124,104.0891237724538,105.68418432130889,11719831
2828,2021-06-22,106.66399383544922,108.00840440950917,105.75253071574888,105.75253071574888,10961545
2829,2021-06-23,105.84368133544922,107.55267471451965,105.72974844351118,107.43874182258163,10721151
2830,2021-06-24,105.34237670898438,106.16269102069245,103.95238560128776,105.84367646544224,12964208
2831,2021-06-25,105.20564270019531,106.0943216496057,104.5448418766037,105.47908903367252,7736431
2832,2021-06-28,105.661376953125,105.95760739807486,105.13729310149496,105.72974162888549,9989595
2833,2021-06-29,107.55267333984375,108.4185682525094,105.57024599046427,106.00318108428728,61089570
2834,2021-06-30,105.91203308105469,108.28183941645388,105.72973553121302,108.07675776350914,17437744
2835,2021-07-01,105.182861328125,106.16268908080873,104.90942735005517,105.98039152042273,15924813
2836,2021-07-02,103.88402557373047,105.31957242200765,103.72451212669402,105.18285544062532,9549992
2837,2021-07-05,104.95499420166016,105.22844053870307,104.06631524066148,104.49926266909766,6849185
2838,2021-07-06,104.27140045166016,105.04614655588645,104.04353467762357,104.54484679800973,5343938
2839,2021-07-07,105.25122833251953,105.47909410678885,104.27140055815768,104.27140055815768,7228897
2840,2021-07-08,105.34237670898438,106.25383980255098,104.61319881662544,104.86384869485437,8740010
2841,2021-07-09,104.93219757080078,105.4790778170914,104.81826470126137,105.29678028082535,2990856
2842,2021-07-12,104.362548828125,105.61581058045488,103.99796606358545,105.13729492933989,5578309
2843,2021-07-13,104.20304107666016,105.68416850754394,104.04352762813673,105.00057123175142,8264289
2844,2021-07-14,104.79548645019531,105.47908370559438,104.11188919479625,104.20303796801777,9228746
2845,2021-07-15,105.00056457519531,105.47908016541264,104.49925252055652,105.27399852317441,5376823
2846,2021-07-16,106.57284545898438,107.7805390422148,105.04614967264536,105.57024591348342,15903784
2847,2021-07-19,106.25385284423828,106.93745024831856,105.5018907547456,106.57285507613366,13725925
2848,2021-07-20,105.41072082519531,107.68937838188965,105.25121974123009,107.05136168352031,14178067
2849,2021-07-22,106.2994155883789,106.86908006245906,104.22583937522917,106.86908006245906,10378326
2850,2021-07-23,106.18548583984375,106.618433325475,105.75253835421252,106.52728453441937,6660369
2851,2021-07-26,106.04874420166016,107.25643758697689,105.75251379016503,106.39054281684325,12963701
2852,2021-07-27,105.661376953125,107.0285839307704,105.11450899707786,106.18547316726422,10832912
2853,2021-07-28,103.95237731933594,105.91203270438471,103.63336897075605,105.72973515519138,13828088
2854,2021-07-29,101.71929168701172,105.45629313603253,101.56738115951096,103.90680081052061,28609665
2855,2021-07-30,103.99793243408203,105.2435911364791,102.20538726919162,102.72188050494204,34142169
2856,2021-08-02,103.90679168701172,104.5144337436609,102.87379895445716,104.21061271533631,9575755
2857,2021-08-03,106.0031509399414,106.4588824785697,103.96755253990345,104.84864093209036,20959435
2858,2021-08-04,106.48927307128906,107.30958739562732,105.63857169836031,106.73233237248438,23323277
2859,2021-08-05,106.45889282226562,106.79310092806885,105.27399565170941,106.48927987279697,6621382
2860,2021-08-06,106.33735656738281,107.24881962367466,106.06392259549881,106.64117758614677,5340311
2861,2021-08-09,107.21844482421875,107.55265292803881,105.76011365757563,107.55265292803881,16415005
2862,2021-08-10,104.87902069091797,107.00576797406958,104.11946808979239,107.00576797406958,11925263
2863,2021-08-11,107.15767669677734,107.55264651523918,104.84864424559434,105.0916911838697,31279965
2864,2021-08-12,113.62906646728516,114.05441096895035,107.12730129892023,107.55264580058542,58107755
2865,2021-08-13,112.2618637084961,113.81135581158703,111.56307290979805,111.92765565096397,26776843
2866,2021-08-16,109.8009262084961,111.98844773188918,109.61864098988706,111.80615015076955,21308655
2867,2021-08-17,111.35041809082031,111.65423914973114,109.98322332572155,110.01361037661685,15962459
2868,2021-08-18,109.74014282226562,113.02141209760083,109.46670886703276,111.62383055139068,25227527
2869,2021-08-20,108.52486419677734,109.40595255868604,107.58302646681685,107.73493697447262,18720467
2870,2021-08-23,106.73234558105469,109.31482470551441,105.85125705049705,109.0717653742395,13112745
2871,2021-08-24,107.30958557128906,108.95022655458312,106.6107947281736,107.73494243177689,11029463
2872,2021-08-25,106.64117431640625,107.8260713082518,106.36774035290605,107.67416080352757,12001351
2873,2021-08-26,105.1828384399414,106.58042012728266,104.27137534711261,106.58042012728266,12115246
2874,2021-08-27,105.94239044189453,106.24621147118732,104.36252356207389,105.60819472717806,8051699
2875,2021-08-30,106.64117431640625,107.15766755996691,105.00054581038802,106.45887676573376,14512401
2876,2021-08-31,106.55004119873047,107.5830402001608,106.30698188295214,106.64118998746113,43248333
2877,2021-09-01,106.73234558105469,108.03877866946007,106.12470343412299,108.03877866946007,11817591
2878,2021-09-02,106.79309844970703,107.00577071095977,105.85124825521767,106.5804261884543,13545023
2879,2021-09-03,106.67156219482422,107.43111472437293,105.97277139513768,106.94499616045832,12286475
2880,2021-09-06,105.79048156738281,107.15767622039682,105.12207776507786,106.76270640369087,13950485
2881,2021-09-07,105.12207794189453,105.82086879377897,104.78786985892515,105.79048174532375,12485031
2882,2021-09-08,106.88440704345703,107.34818087724177,105.24574327161871,105.89502538085031,25370295
2883,2021-09-09,107.28634643554688,107.68828627262103,106.29696477705919,106.60614733162848,5078350
2884,2021-09-13,107.5337142944336,107.78106289861482,106.79166848188996,107.75013960533994,7522483
2885,2021-09-14,107.6573715209961,108.27573667916457,107.28635494222928,107.53370352163094,8434427
2886,2021-09-15,110.00716400146484,110.68736315837084,107.44094608249684,107.59553737182418,20064238
2887,2021-09-16,110.96561431884766,112.32602511368319,110.25450450456658,110.65643176284009,16214883
2888,2021-09-17,110.56369018554688,111.5530718766009,109.29603663781872,111.02746403266633,21219226
2889,2021-09-20,109.45063781738281,110.81103619301373,108.27574144897144,109.57430582219584,7833069
2890,2021-09-21,108.77043914794922,110.31635211883915,108.49216726478586,108.86319644233701,9481007
2891,2021-09-22,109.29603576660156,109.72888632152775,108.70859393053449,108.70859393053449,9165634
2892,2021-09-23,110.22360229492188,110.53278491005489,109.45064575708932,109.45064575708932,10295913
2893,2021-09-24,108.9250259399414,110.99654671912222,108.70860064910248,110.25451355605405,7093411
2894,2021-09-27,108.83226013183594,109.54338252951328,108.27572901275497,109.14144268902865,5205649
2895,2021-09-28,113.74827575683594,116.80919110576167,108.89411135699069,109.35788526616074,38873626
2896,2021-09-29,120.61212158203125,121.38507798135042,112.82071101235758,113.46999942005391,53686662
2897,2021-09-30,117.42753601074219,122.43629084745871,116.65457962912944,120.5502722440555,23618199
2898,2021-10-01,118.63333892822266,119.65364383363568,117.27294077478517,117.98406313799244,16994903
2899,2021-10-04,118.50969696044922,119.37541078481249,117.52031512432231,118.72612227137188,10757286
2900,2021-10-05,117.45845031738281,120.64303322336008,117.08743375897211,118.50967857699555,17200858
2901,2021-10-06,116.00530242919922,118.81886896200761,115.47969455512278,118.69518838061397,8929507
2902,2021-10-07,116.43817138671875,118.4478582728152,116.00530820131009,118.10775238289926,6733699
2903,2021-10-08,116.067138671875,117.58214090368321,115.63428808031364,116.8710184341138,8165175
2904,2021-10-11,119.62271118164062,120.64301600717191,117.05650634678197,117.48935683971338,12982042
2905,2021-10-12,119.56090545654297,120.36478522563343,118.50968967912176,119.90101133900552,8539966
2906,2021-10-13,123.30204010009766,126.45570053119563,120.05562236029924,120.64306434761225,33075614
2907,2021-10-14,126.54842376708984,127.35229087114901,122.59088450037613,123.79669144680015,19185455
2908,2021-10-18,126.02281951904297,129.82575503396487,125.00251453037112,129.73301032827086,38546365
2909,2021-10-19,122.8382339477539,126.64118196252613,121.81792898076564,126.14648483287408,16174177
2910,2021-10-20,120.17926788330078,123.82762489059365,119.5609027153078,123.67303359859541,21909934
2911,2021-10-21,119.99376678466797,122.0343643060043,119.65366090744276,121.35416513222553,16946547
2912,2021-10-22,120.24109649658203,121.81793263658284,118.26233307993131,121.13773349840109,7705870
2913,2021-10-25,119.12805938720703,120.58121510438178,117.79857167889605,120.24110920899794,7862419
2914,2021-10-26,117.73672485351562,119.31354840784584,117.30386170828444,119.09712312556572,8525850
2915,2021-10-27,117.64398193359375,118.63336375960773,116.59276610232997,117.58214792834396,9862679
2916,2021-10-28,114.95410919189453,118.16960364705878,114.5521692398305,117.922255016506,11095238
2917,2021-10-29,114.42848205566406,116.65459419656413,112.10961262125319,115.57245512717239,12988035
2918,2021-11-01,116.09806060791016,116.56183448517211,114.11929709719443,114.1502078072756,5475153
2919,2021-11-02,114.70672607421875,118.26232539996947,114.49030080530709,116.65457865576404,10946890
2920,2021-11-03,113.74827575683594,115.81980928233341,113.16083383748955,114.70674686805634,13957727
2921,2021-11-04,114.42848205566406,114.92316665326861,113.93378487738767,114.36663547287563,830214
2922,2021-11-08,116.96376037597656,117.70579345860047,114.15019415807657,116.00528944530643,11947323
2923,2021-11-09,115.35602569580078,117.70580575673283,114.58306924536167,117.70580575673283,10381150
2924,2021-11-10,114.02653503417969,115.32509932004056,113.50092717807779,114.98499345867819,13857851
2925,2021-11-11,112.63521575927734,114.5521452280662,111.73857873405568,114.39755393895949,8851354
2926,2021-11-12,112.54244995117188,113.59366560526082,111.49123429708291,113.59366560526082,9590673
2927,2021-11-15,116.43817138671875,116.7164306925248,112.54246562140139,112.66613362827694,24821341
2928,2021-11-16,116.00530242919922,118.32417179777597,115.32510326388433,116.87101617626884,23206330
2929,2021-11-17,118.13866424560547,119.83916836932531,115.63428041294969,115.63428041294969,18359498
2930,2021-11-18,119.03529357910156,120.24110061166026,118.1386691272678,118.63335370802486,10742933
2931,2021-11-22,120.08649444580078,121.8179217156516,118.72609629139647,120.21017501117291,25095721
2932,2021-11-23,124.81702423095703,125.15713015354541,119.43725154363409,119.49908555301198,19671538
2933,2021-11-24,125.71363830566406,128.27984357848382,124.90975858940443,125.03342658544237,18120478
2934,2021-11-25,126.30109405517578,126.76486796235514,124.44599842645839,125.28078894324675,18537454
2935,2021-11-26,124.90977478027344,126.73394715197371,124.16774154652106,126.17742851699576,12814537
2936,2021-11-29,123.82765197753906,126.14652186475891,122.74551269683649,123.0546953484658,16066147
2937,2021-11-30,127.84696960449219,129.54747343236332,123.8585202041165,123.8585202041165,37739647
2938,2021-12-01,128.12525939941406,129.08373045421706,126.57934645984261,128.00159139651703,20332817
2939,2021-12-02,132.63934326171875,133.56689111669579,127.6924213685078,129.2383344601362,33758843
2940,2021-12-03,127.44505310058594,133.8451297966451,127.07403653195531,131.80453237884112,47614182
2941,2021-12-06,124.90977478027344,128.61996611038057,124.50783487004396,128.2180262001511,11322446
2942,2021-12-07,127.25955200195312,127.97066185488534,125.00251670428659,125.28077598754953,8049102
2943,2021-12-08,126.64118957519531,128.40352776192893,125.86823312656905,126.85761486467639,8788449
2944,2021-12-09,125.65180206298828,127.66148893828152,124.97160286748498,127.07404703777232,5755422
2945,2021-12-10,125.31169891357422,126.3010806275703,124.81700176624065,126.3010806275703,6164402
2946,2021-12-13,126.39382934570312,129.6402461307092,125.96096622596687,127.0740284416656,21648126
2947,2021-12-14,131.2480010986328,131.80453224133365,125.65179154366652,126.20832268636737,48042035
2948,2021-12-15,129.76393127441406,133.35045437189692,128.4962901963191,131.7736181213013,15207306
2949,2021-12-16,128.74359130859375,130.96971543089558,127.56870784264035,130.7223669083433,13410737
2950,2021-12-17,129.8257598876953,130.16586575685824,126.79578067808224,128.74362086121312,15209414
2951,2021-12-20,129.76393127441406,131.4953588209241,128.31077560895307,130.32046245584027,22539246
2952,2021-12-21,127.75421905517578,130.93880163467966,126.64116949405002,130.75328708415736,17566511
2953,2021-12-22,127.0921401977539,128.00646697308235,124.85359832842515,125.98863617212389,14750231
2954,2021-12-23,131.38002014160156,132.16823722047974,127.40741376148803,127.69116677826257,15932489
2955,2021-12-24,129.5198516845703,131.60073737609446,129.1730309881217,131.28545049897966,8975969
2956,2021-12-27,129.96124267578125,130.68640502823877,129.26761414132181,129.51984619814033,8648187
2957,2021-12-28,129.64596557617188,131.5692207215738,128.19565359108347,130.30807317155453,15736206
2958,2021-12-29,129.01539611816406,129.83514718472892,127.81730333974494,128.00648061020044,17172943
2959,2021-12-30,129.48828125,133.30325651595572,127.1551641507054,129.01535106805767,87481206
2960,2021-12-31,128.88929748535156,130.0243227177367,128.3533122787482,128.63706537958004,9842223
2961,2022-01-03,129.26760864257812,130.49722222731245,128.73162356279792,129.5198406886673,7410054
2962,2022-01-04,132.79881286621094,134.31219224606193,129.5828897021865,130.08735377182157,14784090
2963,2022-01-05,131.5692138671875,133.27175783939327,131.1908721877035,132.4204858532904,9565107
2964,2022-01-06,129.8666534423828,131.60073118493446,129.04691529788246,131.00169127822053,5615931
2965,2022-01-07,129.39373779296875,131.4746364511565,128.95234126744126,130.49724193584416,11908249
2966,2022-01-10,128.63705444335938,130.68641928130504,128.29023372377665,130.68641928130504,11085710
2967,2022-01-11,128.5424346923828,129.77206099493384,128.3217364829158,128.98384394037046,7208789
2968,2022-01-12,129.236083984375,130.33958803879312,128.85774230295706,129.89819154864816,11018139
2969,2022-01-13,131.15931701660156,133.3663247548617,130.24499037094378,130.9070849949897,20522807
2970,2022-01-14,131.00167846679688,132.19977099211147,130.2449952029424,131.1277880677546,14183654
2971,2022-01-17,130.118896484375,132.13674027078676,129.77208860401575,131.88450819385324,7574539
2972,2022-01-18,129.36219787597656,131.06474174429343,129.01537720733006,130.05582638421473,8475422
2973,2022-01-19,129.0469207763672,130.7809985925364,126.77685783737502,129.89819277485728,13724367
2974,2022-01-20,135.35267639160156,135.79407294494501,129.51986841168747,130.59183880069733,30170343
2975,2022-01-21,135.6363983154297,138.2532816978708,134.31219613065667,134.8797150181464,29509593
2976,2022-01-24,134.94277954101562,137.30743105166425,133.3663452005832,136.45615907364186,12850189
2977,2022-01-25,138.00106811523438,138.85234014581064,133.65010650122017,134.6275009842506,27389035
2978,2022-01-27,135.47879028320312,138.28485163750602,133.90235564451316,137.46510049376406,28512473
2979,2022-01-28,132.5465850830078,137.14977817165533,131.94754520652359,137.14977817165533,18932049
2980,2022-01-31,135.82557678222656,136.67684870662993,133.17715955968256,133.68162364846847,19907759
2981,2022-02-01,134.2806396484375,136.8660016073744,133.2402034975583,136.83446779653764,8622355
2982,2022-02-02,134.94277954101562,137.3389648700951,134.4698492388859,135.47876465095155,9921099
2983,2022-02-03,133.240234375,135.57335204603046,133.05105712424384,134.9427783155838,4594389
2984,2022-02-04,132.23130798339844,134.53290469737274,131.85296630567586,133.6816327152331,7329263
2985,2022-02-07,134.7220916748047,135.13196720069485,132.4204947947045,133.0826024003006,7869237
2986,2022-02-08,132.45199584960938,135.82556219758703,131.47460159343257,134.9427565515327,9074237
2987,2022-02-09,132.01060485839844,133.46092953659644,131.60072937725073,132.79882200327668,9833985
2988,2022-02-10,133.7131805419922,136.0147646680315,132.45203293142515,132.45203293142515,19180334
2989,2022-02-11,131.033203125,133.68160719247496,130.56027291087568,132.54656954695534,20071130
2990,2022-02-14,127.28131103515625,130.49723464900785,126.90296934453654,130.49723464900785,12109375
2991,2022-02-15,128.2902374267578,128.542469518366,125.48418908389162,127.37591052736738,19046061
2992,2022-02-16,127.22087860107422,130.26691563271038,126.83201158809227,128.71148713730767,20270061
2993,2022-02-17,127.67454528808594,128.87351680724282,127.02645114956773,128.48466296123368,16405551
2994,2022-02-18,126.83201599121094,129.7160427815714,126.54037890685834,127.54493008275524,14600643
2995,2022-02-21,128.4198455810547,128.97072291620827,126.73480359714048,126.83200716148505,10682638
2996,2022-02-22,128.4198455810547,128.61426589525175,124.30445077836771,125.85986603397595,13606058
2997,2022-02-23,128.35504150390625,129.29477267268743,128.06339124822685,128.54946182218433,6493463
2998,2022-02-24,123.85076141357422,127.02642466735945,123.07305388369085,125.73023666054966,13145037
2999,2022-02-25,127.86897277832031,128.2578266060056,124.53128548513043,124.79052576542342,10920938
3000,2022-02-28,135.5488739013672,136.2617747229829,127.05884443920074,127.96616556552584,31938385
3001,2022-03-02,136.6830291748047,138.1412406954772,133.63697942031828,134.6415304087619,20502615
3002,2022-03-03,141.1873016357422,142.15944281733167,136.553426033064,136.553426033064,19805555
3003,2022-03-04,139.37265014648438,140.96047551602447,136.71545362283254,139.95592432435035,12794317
3004,2022-03-07,137.91439819335938,139.46981312900587,135.35441917288958,136.42377683027544,17635653
3005,2022-03-08,137.6227569580078,144.784200864308,135.9701251849812,138.69211468496977,28410490
3006,2022-03-09,134.86839294433594,139.9883394790513,133.89625169795363,139.43746207653655,22830958
3007,2022-03-10,135.35447692871094,137.00712248490152,134.18791522920364,136.7478821565074,16516553
3008,2022-03-11,137.6875762939453,138.0440332973197,134.64153951886465,135.6460905752781,12992850
3009,2022-03-14,138.3032684326172,138.6921222129353,135.84050584809134,137.68757119373234,12598659
3010,2022-03-15,135.87294006347656,139.37265108170132,134.99801560529767,138.1736663656871,14528285
3011,2022-03-16,135.6785125732422,137.26635120948396,135.41927226676293,136.9098941398863,11933774
3012,2022-03-17,137.1042938232422,137.88200136520055,134.64153129786328,137.39593085509995,28464621
3013,2022-03-21,132.7945098876953,139.98835317778486,132.5352695595232,139.98835317778486,17797415
3014,2022-03-22,135.25723266601562,135.77571321742144,132.24360566568222,132.859289783157,13285297
3015,2022-03-23,136.16458129882812,136.48862838101738,134.99801971425248,135.77572743730292,9408783
3016,2022-03-24,136.58583068847656,136.87746775738037,134.80357192504448,136.09976011663144,11188958
3017,2022-03-25,135.87294006347656,136.61825096692866,133.96105442544652,136.58584098549238,9842670
3018,2022-03-28,137.5903778076172,137.88201486803507,134.4795209641235,135.87292586663645,12823578
3019,2022-03-29,136.94227600097656,138.98376167968567,135.90531498800476,138.59490789257475,10470515
3020,2022-03-30,140.70123291015625,141.7381808804963,137.26634193431062,138.10885639155177,54218485
3021,2022-03-31,140.50682067871094,140.79845777965485,139.17822236216745,139.69670296996725,10326026
3022,2022-04-01,145.85360717773438,146.30726785035299,140.05315608919372,140.05315608919372,39663961
3023,2022-04-04,147.37661743164062,147.83027807808836,145.2055045913384,146.46928295323545,9907530
3024,2022-04-05,151.03834533691406,152.04288334750177,147.05256371939743,149.02924294472047,17167487
3025,2022-04-06,153.37147521972656,154.53803671745894,149.80695758100086,149.93657113002382,17153675
3026,2022-04-07,149.9365692138672,155.47777911018326,149.0616448053721,152.91779947287296,11913911
3027,2022-04-08,150.74667358398438,151.71881466021665,149.45048548234132,151.0059138414144,6746769
3028,2022-04-11,149.6449432373047,152.65858369939983,148.02470784752336,150.68189124966287,12413822
3029,2022-04-12,151.0707550048828,151.42721208819498,148.15433111218042,148.57559497822834,14769907
3030,2022-04-13,148.73760986328125,152.52895806583163,147.4738315242676,152.26971776448,11015439
3031,2022-04-18,149.77455139160156,150.22822519568098,147.47382513240973,148.73760341664828,19069923
3032,2022-04-19,147.6682586669922,151.23277671471007,146.7933341469271,150.81151285378687,15036942
3033,2022-04-20,147.11737060546875,148.4135588927416,144.8166311213558,147.92748828501428,9814641
3034,2022-04-21,147.27938842773438,148.18672283072752,145.9832001907466,146.53407755436467,11134333
3035,2022-04-22,146.11280822753906,149.191255174238,145.62673765700765,145.8535811383288,12032249
3036,2022-04-25,144.4277801513672,147.0525667596221,143.55285567711869,145.14068108647675,11042683
3037,2022-04-26,150.09857177734375,150.48742555064257,145.3998901516757,147.11734193471085,15389155
3038,2022-04-27,148.6079864501953,150.90871265652981,147.40900178414526,149.93657148006236,12680209
3039,2022-04-28,152.6909942626953,153.112258139122,149.09407928438418,151.26519226533946,18378146
3040,2022-04-29,147.6034393310547,153.17704625815517,147.1497787104976,152.36692858893971,9026331
3041,2022-05-02,150.06619262695312,151.1679473117206,146.40445836150758,146.40445836150758,12634353
3042,2022-05-04,153.98715209960938,155.18612352085339,150.94111517152913,151.00592194298676,23124643
3043,2022-05-05,151.4919891357422,155.96384086390947,150.9087018345886,154.50562920377934,16481935
3044,2022-05-06,154.50564575195312,154.99171635738995,150.0013835635998,150.0013835635998,17715186
3045,2022-05-09,158.88027954101562,159.72279400366537,152.72338526980542,154.89449798097252,54118806
3046,2022-05-10,157.9081268310547,160.95416376375312,157.16281599439208,159.3015317542921,30997494
3047,2022-05-11,155.0241241455078,160.72735826123966,154.70007705223918,158.13498151509063,15412618
3048,2022-05-12,152.8854217529297,156.77398688516777,150.45506854528088,154.89451110081737,26538994
3049,2022-05-13,153.14463806152344,155.44536415950765,151.07072907142296,155.44536415950765,15074553
3050,2022-05-16,152.43174743652344,154.18160965190665,151.00594549999784,152.62618096673603,7960529
3051,2022-05-17,154.66766357421875,155.08892738713914,150.84390564891677,152.23731063680333,15470937
3052,2022-05-18,147.7006378173828,154.4084086516105,147.1821572990192,153.92233811020984,19181550
3053,2022-05-19,147.95986938476562,148.83479367078854,143.6500415337561,144.52496581977903,15085602
3054,2022-05-20,148.44595336914062,151.07072646540854,146.95533172026668,149.54770802404207,15148281
3055,2022-05-23,145.56192016601562,150.35781874587337,145.30267991038684,150.35781874587337,11572501
3056,2022-05-24,147.11737060546875,148.8348227232071,145.56194202363952,145.8211823181959,16336858
3057,2022-05-25,145.7239532470703,148.67278662566747,144.23334475395617,148.02469253678967,11062614
3058,2022-05-26,147.24697875976562,148.4783602246162,145.10827607550698,147.1173652099955,14150454
3059,2022-05-27,145.62673950195312,148.1867191171558,144.78422508032972,148.15430913783987,8430491
3060,2022-05-30,147.92747497558594,148.9968328534749,145.3675086127527,145.49712215561465,9305758
3061,2022-05-31,150.9411163330078,152.3993280368111,147.89506619598055,147.9274761747127,26351545
3062,2022-06-01,148.5431671142578,151.0059300458616,147.86267619917606,150.45505268065008,10282009
3063,2022-06-02,146.17762756347656,148.67278717782122,145.52953347219182,148.67278717782122,10071898
3064,2022-06-03,146.46926879882812,147.83026379215804,145.8211746890988,146.46926879882812,16082518
3065,2022-06-06,145.69155883789062,147.40899765311295,144.88144121353739,146.46926648306646,12693293
3066,2022-06-07,145.82118225097656,146.63129993014866,144.97865459043396,145.14067812626837,9103195
3067,2022-06-08,145.52952575683594,146.79330389363784,144.5573846714476,144.5573846714476,11240130
3068,2022-06-09,145.7239532470703,146.27483058551485,143.2287936419924,145.62673649663705,9468041
3069,2022-06-10,145.4647216796875,147.40900406267556,143.90930632170407,143.90930632170407,9019239
3070,2022-06-13,144.1037139892578,146.14521294915238,143.55283666624058,143.77966695389384,10186775
3071,2022-06-14,145.1406707763672,147.3117965950102,143.8768925350599,144.1037228366396,17023962
3072,2022-06-15,144.03890991210938,146.6636962218313,143.8120796202155,145.33509807779765,5898563
3073,2022-06-16,140.21517944335938,145.36753631486746,139.76151877138224,144.75183890517232,11883333
3074,2022-06-17,136.9746856689453,140.57161320526623,136.26178479463627,138.82175122049867,19675226
3075,2022-06-20,134.96560668945312,136.68305882344356,133.73422516778965,135.51648407965516,7402273
3076,2022-06-21,136.3265838623047,138.1412525175314,134.34990487642264,135.48406948956247,9459619
3077,2022-06-22,136.52102661132812,136.90988043937972,134.93318813398056,136.61824336471813,10257637
3078,2022-06-23,135.16004943847656,137.20153560125263,133.6046207357104,136.1645875279119,13114525
3079,2022-06-24,135.41928100585938,137.3959736366283,134.64157322174307,137.3959736366283,9499105
3080,2022-06-27,137.1042938232422,138.27085513617973,135.87291256055275,138.27085513617973,17545390
3081,2022-06-28,136.29417419433594,137.10429169861632,135.0303829763548,135.8081036917677,6770087
3082,2022-06-29,136.81265258789062,139.34022204345476,135.09520070234657,135.5164644758585,41502918
3083,2022-06-30,137.33114624023438,139.1782118394183,136.35900506324194,137.07190595593468,22260722
3084,2022-07-01,133.83143615722656,137.97924117401956,132.9889085246483,136.78026968574179,11133663
3085,2022-07-04,136.5534210205078,137.49316537285367,132.89169991934094,132.89169991934094,20178279
3086,2022-07-05,138.7893524169922,139.9559138711032,136.71544341161476,136.74785339041287,20083997
3087,2022-07-06,136.39138793945312,138.78934384263454,134.93317632277112,138.69212709775428,19203527
3088,2022-07-07,137.75241088867188,139.53466972395668,137.46076062250188,138.20607149981365,14069302
3089,2022-07-08,141.80300903320312,142.1918628963544,137.81722726850595,138.69215175697371,17142257
3090,2022-07-11,140.6688232421875,143.39081306342575,140.1179327339897,142.5806954754968,10826079
3091,2022-07-12,138.3680877685547,140.6040070976373,138.14125747488816,139.40503567210737,8503695
3092,2022-07-13,138.98377990722656,140.44199168926534,138.33568578187598,139.01618988769758,10210005
3093,2022-07-14,139.24301147460938,142.09462808467595,137.94682330507985,142.09462808467595,10898403
3094,2022-07-15,135.6461181640625,140.63643811323126,135.32207107163572,140.63643811323126,22067479
3095,2022-07-18,136.2617950439453,137.65520010361305,135.38687057850578,136.32660182184654,15155654
3096,2022-07-19,136.0997772216797,137.07191848754883,135.8405369136793,136.03497044105706,14922395
3097,2022-07-20,135.6136932373047,137.59038555749987,135.12762265222474,136.94229144405995,14181034
3098,2022-07-21,137.5903778076172,138.17365192845295,135.7432991399447,136.06734617841246,12461554
3099,2022-07-22,136.0997772216797,138.65974394759786,135.77573013305664,138.65974394759786,9272199
3100,2022-07-25,134.73876953125,136.74785865639868,134.41472247282252,136.0997645395437,6635194
3101,2022-07-26,135.5164794921875,136.7478609721666,134.22029123652715,134.7387718129948,11451315
3102,2022-07-27,136.52102661132812,136.74785691223252,135.71090897559213,136.03495602988653,9209354
3103,2022-07-28,138.8217315673828,139.21059852150665,136.1321519762334,136.7478360110855,13192642
3104,2022-07-29,138.65972900390625,141.15490186580078,137.94682812286854,140.2475674783399,15433067
3105,2022-08-01,141.9001922607422,142.67791306102572,138.78934861613112,139.37263591996685,12136557
3106,2022-08-02,144.2657470703125,144.78422763546797,140.86325297343953,142.54829503193207,17748747
3107,2022-08-03,144.91383361816406,145.65914444709728,142.35386727694546,144.75181009820065,12406038
3108,2022-08-04,143.0991668701172,145.30267602019958,141.99739910956922,145.17306248860888,9712267
3109,2022-08-05,144.94625854492188,145.659159469182,141.8354013665933,143.68246704756564,14099223
3110,2022-08-08,143.81210327148438,146.66372034207572,143.29362264573686,145.8211926216135,8392041
3111,2022-08-10,144.84901428222656,145.75634855241566,142.93714218670857,143.06675571723272,8585266
3112,2022-08-11,144.4277801513672,147.0525667596221,143.6824692342261,145.59435490737144,5040626
3113,2022-08-12,147.79788208007812,148.1543259654977,143.87690704189467,144.52500121775904,13279062
3114,2022-08-16,148.31634521484375,149.02924615055002,147.14978364337244,148.54317553272628,11298246
3115,2022-08-17,148.08949279785156,149.67731797159055,147.57101227534102,148.31632308188463,11225465
3116,2022-08-18,149.9365692138672,150.1633995145128,147.60343306271085,147.7330466100774,11360485
3117,2022-08-19,149.31483459472656,150.32923813101127,147.71140193672284,149.51116432029613,9829530
3118,2022-08-22,147.87501525878906,151.04915226545526,147.67868553513142,149.28210486251686,9190493
3119,2022-08-23,148.9221649169922,149.77295370877786,146.72971640680498,147.2205607034134,8903751
3120,2022-08-24,150.1656494140625,150.49287899510426,148.2350002119184,148.79128783668824,13007225
3121,2022-08-25,148.10409545898438,151.18004781581533,147.3187365722374,150.85281827508845,12124365
3122,2022-08-26,150.82008361816406,151.3109279085009,148.30041892410233,148.30041892410233,7966045
3123,2022-08-29,148.5949249267578,149.80567144350357,147.6459513644415,149.3802704200516,7517013
3124,2022-08-30,150.2637939453125,150.689194987213,149.28210537862054,149.34754862006602,7214498
3125,2022-09-01,147.9731903076172,150.59102653885324,147.25328800702798,147.28601628591989,13109081
3126,2022-09-02,146.72970581054688,149.7729428927488,146.46793285659626,148.88942588565862,6897237
3127,2022-09-05,146.20616149902344,147.61325118752762,145.0935730712509,147.25329336662978,18055474
3128,2022-09-06,147.28602600097656,149.21667502285825,146.59883861894846,146.59883861894846,14103701
3129,2022-09-07,146.8606414794922,148.52950438613053,145.9771242565653,145.9771242565653,7866745
3130,2022-09-08,146.8606414794922,148.49678941639604,146.2388972744651,147.90777349610946,7187735
3131,2022-09-09,145.87893676757812,148.00592885299704,145.6171504632949,147.94048560567737,9162027
3132,2022-09-12,146.5660858154297,147.05693005903797,145.4207825803437,146.30431287084042,8778919
3133,2022-09-13,148.43130493164062,148.88942090071885,146.46792795273004,146.79515744921514,11278383
3134,2022-09-14,152.19447326660156,152.6198610414366,147.05695853662002,147.25330159808607,25072958
3135,2022-09-15,155.4994659423828,155.92486698330222,152.06355596688508,152.78345825113155,23606369
3136,2022-09-16,154.22328186035156,156.05575925964794,152.75074895904012,156.02304429528775,29399642
3137,2022-09-19,152.58712768554688,155.8266946042876,151.60543912653415,154.41960500670203,13920046
3138,2022-09-20,152.2926025390625,154.61593729317246,151.89992980576284,153.14340455704703,20162973
3139,2022-09-21,148.5949249267578,153.3724677551335,146.79516263254033,153.04523824709395,14468837
3140,2022-09-22,144.04644775390625,148.16954548166422,143.42471692408776,146.59884095132762,26264530
3141,2022-09-23,132.56069946289062,143.81739094831542,129.64834840348954,142.8684305547494,87162722
3142,2022-09-26,131.44808959960938,137.01099118901533,121.95843394709335,130.8918021036693,167547134
3143,2022-09-27,134.06594848632812,136.0620541345437,131.70989830999503,134.68769264126647,54127095
3144,2022-09-28,135.93113708496094,137.69818447940148,132.56068368584914,134.2949894873326,52877873
3145,2022-09-29,136.12745666503906,138.8107355997632,134.8512670848047,136.7491873189992,36761869
3146,2022-09-30,138.87620544433594,143.1301892803736,135.4730237015072,135.4730237015072,62897614
3147,2022-10-03,137.95997619628906,140.47964093295914,136.78194455355836,139.3997808129566,11740863
3148,2022-10-04,136.42198181152344,138.97437473519258,136.12748056898607,138.81075997489333,19179333
3149,2022-10-06,135.01492309570312,138.02543241399454,134.55679371824257,136.6837858789383,20692745
3150,2022-10-07,137.04373168945312,137.27278970056534,133.5096500544235,133.5096500544235,14282850
3151,2022-10-10,136.74923706054688,138.71261455353394,135.83300488249085,136.09477789621783,16834226
3152,2022-10-11,136.35653686523438,138.3853572045737,135.17851859481306,137.43639693270626,17807162
3153,2022-10-12,141.0686492919922,141.33042225208158,137.01099531556682,137.73089758581878,35288330
3154,2022-10-13,140.02151489257812,142.21396346340467,139.56339886240772,140.6759739728239,16436903
3155,2022-10-14,139.17071533203125,142.67206847800932,138.45081306234465,142.67206847800932,23365190
3156,2022-10-17,138.6471710205078,140.67599176283534,138.0908833949511,138.7126142738076,9520537
3157,2022-10-18,138.97438049316406,140.70869968719302,138.45082122751634,139.3670532711508,13256574
3158,2022-10-19,139.98880004882812,141.95217729126608,139.36705593305365,139.3997842130959,11595367
3159,2022-10-20,142.3448486328125,142.67207816989944,138.97438173781637,139.10528154165354,16371066
3160,2022-10-21,142.21395874023438,143.26109057084972,140.05423852114978,140.93775558713762,11634491
3161,2022-10-24,143.22837829589844,144.14462374319217,143.06476351298903,143.85012245995728,1132859
3162,2022-10-25,142.99929809570312,143.5883138858714,140.21784721741142,143.2283560932677,20622687
3163,2022-10-27,146.5333709716797,147.15510168807828,142.24665924808232,143.52286227148264,24298489
3164,2022-10-28,148.43130493164062,149.87110939017413,146.0752419049461,146.46792795273004,11669879
3165,2022-10-31,149.31483459472656,150.6891959337273,148.36586098529494,149.18393479601008,11755682
3166,2022-11-01,153.8960418701172,154.38688613720348,150.39468876123567,150.95097626759954,15220278
3167,2022-11-02,152.68528747558594,154.8122791900572,152.39077294150397,153.89603394236144,12884449
3168,2022-11-03,149.24940490722656,152.8816449676682,148.36587445941205,152.4889721658643,9358215
3169,2022-11-04,148.0059356689453,150.16564281998032,147.25330500259767,149.2166824026323,8059667
3170,2022-11-07,149.21669006347656,151.76908347756353,148.1695580593656,148.75857397261734,14862038
3171,2022-11-09,143.16293334960938,151.1800576171875,142.7048172888926,151.1800576171875,22831150
3172,2022-11-10,140.64324951171875,144.07915945101968,139.72700419823786,141.36315178838117,16217631
3173,2022-11-11,140.08697509765625,142.57391167829755,139.7597455490189,141.36316501134021,12123886
3174,2022-11-14,141.6282196044922,143.202980646326,140.89109886506662,141.36017198102786,18460862
3175,2022-11-15,144.74424743652344,145.07930356484871,140.48903733348607,140.72357389662,15258103
3176,2022-11-16,145.48133850097656,145.71587501624415,143.03542653669243,144.71070683641224,9825807
3177,2022-11-17,146.28549194335938,147.72622219990893,144.9117565435482,145.34733218008347,9449665
3178,2022-11-18,146.31900024414062,146.62055892267287,145.3138319159691,146.31900024414062,5828998
3179,2022-11-21,146.78807067871094,147.08961569029304,145.07927925716834,145.74939140154325,4712051
3180,2022-11-22,145.950439453125,146.88858560603725,145.34733575949048,146.4195125295811,4366445
3181,2022-11-23,144.17465209960938,146.62056451819777,143.57154835299642,146.25199733041526,13510578
3182,2022-11-24,147.92727661132812,148.0948046709106,144.14113973807045,144.34217886295676,7622243
3183,2022-11-25,147.82675170898438,148.02779082660862,145.14630285248975,147.9272712677965,10989671
3184,2022-11-28,148.29583740234375,148.89892748406504,146.8550934253553,146.8550934253553,4526153
3185,2022-11-29,146.98910522460938,148.93243329007092,146.4530236560641,148.29583216696486,6476054
3186,2022-11-30,150.1051483154297,150.74174951784414,145.84993813228877,146.9891235366522,17317951
3187,2022-12-01,148.69790649414062,150.67473211832868,147.7597466458858,150.10513944978874,13241961
3188,2022-12-02,147.29066467285156,148.4298499413622,146.45302443616214,146.45302443616214,12880949
3189,2022-12-05,148.69790649414062,148.93244304783727,145.54837083453288,147.22365140874928,16477957
3190,2022-12-06,149.77008056640625,150.20565623434442,147.02262320217247,148.4633671960597,11299945
3191,2022-12-07,148.12831115722656,150.17214524087214,147.72623291988307,149.33450496885314,5813973
3192,2022-12-08,145.950439453125,148.66438562427942,145.34733575949048,148.6308881950853,11176439
3193,2022-12-09,145.54835510253906,146.72105137773644,144.54318686665562,146.35249787132588,6020031
3194,2022-12-12,144.4427032470703,146.08447283239548,143.8060884193249,144.74424831099736,8194429
3195,2022-12-13,144.94528198242188,145.28033810014963,142.76741721719134,144.44269780583022,8235450
3196,2022-12-14,146.88858032226562,147.79324264690922,144.9452659610218,144.9452659610218,10055353
3197,2022-12-15,144.97877502441406,147.69273494922248,144.67722998097665,147.0896312288797,5385778
3198,2022-12-16,142.867919921875,146.21848102354625,142.46585531636805,144.07412737186385,11166617
3199,2022-12-19,146.6875457763672,146.88857123226248,143.06893760212608,143.4375047214664,7758862
3200,2022-12-20,145.6154022216797,146.6875791306475,143.33701776920495,146.6875791306475,6541929
3201,2022-12-21,144.77774047851562,146.25198180622243,143.30348551734173,145.44785265174,7005861
3202,2022-12-22,144.07411193847656,145.41433623557867,142.63336809239848,144.81123257518942,6961415
3203,2022-12-23,141.5612030029297,144.27516288075162,141.02510778669128,143.00194696728616,4554651
3204,2022-12-26,141.96327209472656,143.5715441609123,141.36016836572338,141.72873554274426,6864331
3205,2022-12-27,142.49937438964844,144.20815246745823,141.92978169704517,142.7003998869661,13115851
3206,2022-12-28,144.57672119140625,146.35252142056692,142.3988563298903,142.3988563298903,16815549
3207,2022-12-29,144.57672119140625,145.07930539021763,143.06896859497212,143.4375357941547,22536873
3208,2022-12-30,143.20297241210938,145.24682008585097,142.90142737396872,144.7777469968616,4643134
3209,2023-01-02,144.10763549804688,144.40918053766185,142.73390002098364,143.77257939471124,5959394
3210,2023-01-03,144.47618103027344,144.87824560531558,143.63854081832443,144.2416444976211,2873110
3211,2023-01-04,141.4272003173828,144.34218597097035,141.0586331147642,144.34218597097035,9954542
3212,2023-01-05,139.91944885253906,141.99679418397437,138.44519366346267,141.99679418397437,21273509
3213,2023-01-06,139.4503631591797,140.92461835967893,139.08180958415682,139.4838742266678,11510471
3214,2023-01-09,140.12045288085938,142.03026985039514,136.87041156309257,140.1874613715775,52485126
3215,2023-01-10,141.92979431152344,142.36535641115816,140.05347436898163,140.65657818147506,17248326
3216,2023-01-11,142.0302734375,142.76740775441775,140.79056861076984,142.19780148525996,9164361
3217,2023-01-12,143.06895446777344,143.3370020740319,141.66172157675115,143.1024655311061,21179555
3218,2023-01-13,143.40399169921875,144.30864032203002,142.93491867508425,143.13594412822798,6560245
3219,2023-01-16,144.50970458984375,144.67723264672196,142.5328653385999,144.07412891526675,8362194
3220,2023-01-17,146.35250854492188,146.55353402667947,144.0071158234759,144.50969997807147,13000571
3221,2023-01-18,146.98910522460938,147.52520042662198,145.0122797299391,146.28549560961855,11171369
3222,2023-01-19,147.92727661132812,148.26233273049309,146.52004363752897,146.62056319997214,11586815
3223,2023-01-20,149.60255432128906,150.03812999449485,148.0948018141316,148.0948018141316,10112645
3224,2023-01-23,150.84226989746094,152.98663735074228,149.8036040545862,150.1051491239923,14393610
3225,2023-01-24,148.061279296875,151.84741580423815,147.75973427215538,151.6128792701821,6150893
3226,2023-01-25,147.0226287841797,148.26233370655777,145.95045192248696,147.89376651966256,5790331
3227,2023-01-27,146.92210388183594,148.39634530890504,145.4143513904602,146.9556149461426,10458603
3228,2023-01-30,141.96327209472656,146.6540576682453,141.09213438258251,146.0844650038688,24288177
3229,2023-01-31,145.17982482910156,147.55871518797034,142.1643196388831,142.46586470451734,20997546
3230,2023-02-01,145.11280822753906,150.77525109297693,143.13596897757247,150.77525109297693,20246369
3231,2023-02-02,142.53285217285156,145.48134842824945,141.62820347596517,144.74422777276672,12820663
3232,2023-02-03,143.97360229492188,144.17464140670535,140.99160848209436,142.86791444704772,10815686
3233,2023-02-06,145.44786071777344,145.6488862008087,142.7674118762275,143.03544585360783,6948201
3234,2023-02-07,145.31382751464844,146.21847625590885,144.14113116730073,146.08445926959902,10035526
3235,2023-02-08,145.41671752929688,146.27412742038942,144.35352368224648,145.999753464192,12432719
3236,2023-02-09,145.99974060058594,146.75425844722122,145.41670471706038,145.41670471706038,7011082
3237,2023-02-10,146.85716247558594,147.09723445260596,145.3138246808642,145.34812665839806,10892159
3238,2023-02-13,148.1604461669922,148.5034101627491,146.7885901839645,146.85718019206772,7710133
3239,2023-02-14,147.4744873046875,148.8806449750366,145.93114964684773,148.8806449750366,6010681
3240,2023-02-15,147.1315460205078,147.61169000584474,146.10265409029446,146.27413607866336,8107497
3241,2023-02-16,147.20013427734375,148.7777741337048,146.7885803011921,148.7777741337048,3963115
3242,2023-02-17,146.65139770507812,148.09184357379758,146.10264977640426,146.78857770962682,6491149
3243,2023-02-20,148.0232391357422,148.8463469932409,146.9257433854264,147.88604518933363,6841917
3244,2023-02-21,148.98353576660156,150.04672960417818,148.1947298380165,149.22362169815943,6701434
3245,2023-02-22,147.2344207763672,149.05213243143115,146.10263699451693,148.16042061415803,9128659
3246,2023-02-23,146.27413940429688,148.0918513133819,145.82828343335296,147.47451335017035,10345874
3247,2023-02-24,147.50880432128906,147.74887630149775,145.6910925478703,145.6910925478703,9808830
3248,2023-02-27,150.3553924560547,150.86983838912317,147.1658388352213,148.46909070147024,17763618
3249,2023-02-28,152.44747924804688,152.96192518476695,150.04673154335322,151.3156953962149,36559278
3250,2023-03-01,150.1496124267578,152.44746798326446,149.12072062934547,151.96732405990062,12896085
3251,2023-03-02,151.1442108154297,151.5900667439597,148.0232472261974,149.53228303250324,79708558
3252,2023-03-03,152.34458923339844,154.64244498931993,151.1785173438978,151.1785173438978,9951869
3253,2023-03-06,155.8085174560547,156.9403012252985,152.96191402287727,153.6478418884507,15659957
3254,2023-03-08,156.42588806152344,156.63165809111428,154.81394607590258,155.67135608730047,11591495
3255,2023-03-09,154.88255310058594,158.0721072418002,154.67676911168894,157.0775171910278,13941653
3256,2023-03-10,155.39697265625,156.4944545145893,152.4474770789266,152.4474770789266,9605434
3257,2023-03-13,155.0883026123047,157.7977263164667,154.60815864206813,156.42587045265998,13209653
3258,2023-03-14,154.470947265625,156.2200688768573,153.64783942224386,154.43665924603957,9583405
3259,2023-03-15,156.5973358154297,157.79770956886085,154.8139122175701,155.43125008181087,12228069
3260,2023-03-16,159.23817443847656,159.75262039469268,156.63164267821904,157.38616062295472,18437817
3261,2023-03-17,157.55764770507812,160.50714353155752,156.59735971993615,160.47284155127096,33711025
3262,2023-03-20,156.04861450195312,157.35188044708346,154.5395785372172,154.5395785372172,9281411
3263,2023-03-21,153.0648193359375,156.1857830231983,152.58466141503936,155.87712103888043,11272787
3264,2023-03-22,153.71644592285156,154.12799988873513,151.4528921328722,152.96192799285845,7589846
3265,2023-03-23,152.37889099121094,153.99081882033136,151.7615530690348,153.6478548585934,17091298
3266,2023-03-24,152.55038452148438,153.8193484849386,151.45290255188183,152.9619385156803,10371666
3267,2023-03-27,150.9727325439453,155.19119204698868,150.59548056073157,152.8933363038601,19983733
3268,2023-03-28,152.34458923339844,153.0305171578669,150.01243149915777,151.76155328864812,8689166
3269,2023-03-29,152.5846710205078,153.44208098118776,151.28141904446647,152.3445990225655,19743258
3270,2023-03-31,154.81393432617188,155.53416426318006,152.96193442420795,153.6478623812672,10202058
3271,2023-04-03,154.05938720703125,155.94568873194095,153.54494133660134,155.94568873194095,7643214
3272,2023-04-05,154.77964782714844,155.4312738106819,153.44207992455435,155.4312738106819,12019382
3273,2023-04-06,154.50526428222656,155.98001210415916,154.09371032046937,155.84281814674722,4282875
3274,2023-04-10,157.11180114746094,157.35187313680103,154.33378739230358,154.47096739900084,4145643
3275,2023-04-11,158.68942260742188,159.1352785495785,156.7002288345043,157.00890477380008,5106602
3276,2023-04-12,155.9114227294922,158.82661640690722,155.73994074846777,158.7237244272447,9118795
3277,2023-04-13,158.58653259277344,158.8952085358942,155.70564085508357,155.91142481716406,11428621
3278,2023-04-17,162.32485961914062,164.55412555909965,159.3410756905513,159.54684571186473,21815047
3279,2023-04-18,157.96920776367188,162.90788327453026,157.52335181839896,162.49632930783199,13482833
3280,2023-04-19,157.7291259765625,158.72372987377707,156.83742801778095,157.07750000840522,8264190
3281,2023-04-20,158.38075256347656,159.7526083432291,157.52334270113124,158.3464505868873,7308750
3282,2023-04-21,158.82659912109375,159.37533302750708,157.48903144153323,158.99808108345502,5030650
3283,2023-04-24,159.10096740722656,159.34105333126334,157.7291116366784,158.4493414983116,5725067
3284,2023-04-25,159.75262451171875,160.43855247101746,158.20928660329665,158.65514256788882,8338703
3285,2023-04-26,163.45663452148438,164.2797424716053,159.1352828952502,160.54144076154984,13581018
3286,2023-04-27,161.8446807861328,163.45662249902196,160.16416303022382,163.25083854900757,9794457
3287,2023-04-28,162.7364044189453,163.21654839677888,159.8898006654585,162.53062045402254,10585487
3288,2023-05-02,164.6912841796875,165.411514048827,163.4223203697529,163.7309823392477,6732907
3289,2023-05-03,164.4169158935547,165.99455568255064,163.7995919333068,164.62269985046345,4789217
3290,2023-05-04,163.83387756347656,165.10284139857853,161.15875593892386,164.38262547039366,9189783
3291,2023-05-05,165.3429412841797,165.65160328584608,163.38803542282542,163.79960336536746,3896441
3292,2023-05-08,167.880859375,168.90975126085291,165.37721966171006,165.8916656046365,8758321
3293,2023-05-09,166.95484924316406,169.35559682978035,166.4746913526977,167.40070515744048,9166941
3294,2023-05-10,169.87005615234375,170.0758261600132,167.77797036531373,168.15523631223377,9689409
3295,2023-05-11,170.4873809814453,170.93322294141294,169.1498132358269,169.90433111643193,12616726
3296,2023-05-12,165.8230743408203,171.2076057114082,165.41152038066033,170.69315977239842,13853807
3297,2023-05-15,166.8519744873047,168.4982043647639,166.2346365388525,166.95486647125338,12187763
3298,2023-05-16,165.0342559814453,167.74367965862612,164.62270201744957,167.05775173355343,11418509
3299,2023-05-17,163.79957580566406,165.92594934498945,162.87356204598882,165.24002149648206,11560929
3300,2023-05-18,161.638916015625,165.30862757107192,160.91868612253504,165.30862757107192,14497723
3301,2023-05-19,160.3013458251953,162.90787744643382,159.13527396872695,161.63891361316203,10071694
3302,2023-05-22,160.74722290039062,163.93679086944258,159.58115089052856,160.98729490768685,12566129
3303,2023-05-23,160.57571411132812,162.25624579250547,160.0612682007054,160.5414260904297,12458561
3304,2023-05-24,161.74180603027344,163.1479498662851,161.09016614557038,163.11366184408325,8877971
3305,2023-05-25,163.21653747558594,164.82847919739643,162.08476760995904,163.0450555013711,12502747
3306,2023-05-26,162.77072143554688,163.18227544817364,161.0559014202345,163.14797346577097,6811801
3307,2023-05-29,160.85008239746094,163.49090185472986,160.5757084637311,163.38800988517642,13638297
3308,2023-05-30,161.2616424560547,161.81039034439289,160.3013406290821,161.81039034439289,9469926
3309,2023-05-31,160.40423583984375,161.33023570926937,157.7634162288007,161.19305571203552,48104157
3310,2023-06-01,159.8212127685547,160.57573072448272,157.79773089285135,159.7869107888689,8804790
3311,2023-06-02,160.91868591308594,161.2616498702559,159.88979404157615,160.50713195552984,6617781
3312,2023-06-05,161.60462951660156,163.2508594618872,161.05589550500002,162.18766550934592,27428302
3313,2023-06-06,161.39883422851562,162.56490603145605,160.8157843718071,162.18764011890798,6898603
3314,2023-06-07,164.07395935058594,164.65700926976433,161.98188748524873,162.3591394829785,11153571
3315,2023-06-08,165.75450134277344,168.36101932798434,164.1082713780272,164.1082713780272,19300834
3316,2023-06-09,167.9837646484375,168.39531864430012,165.85739070711358,167.05776466893647,11037141
3317,2023-06-12,165.75450134277344,169.0469473170252,165.44582537456066,168.05235731501222,8188909
3318,2023-06-13,166.16603088378906,166.98913876737183,165.61728299124147,165.99454891177277,6443218
3319,2023-06-14,169.08123779296875,169.56138177052836,166.06315205551488,166.06315205551488,10297426
3320,2023-06-15,169.0469207763672,169.3898847170417,167.2292230549831,169.3898847170417,9732749
3321,2023-06-16,169.0469207763672,169.664258660629,167.709366989832,169.0126327554428,9702361
3322,2023-06-19,166.74908447265625,170.31591824181535,166.2689404822118,169.04694035019486,10431647
3323,2023-06-20,170.62457275390625,171.27619870594597,167.1949331005614,167.2635231025804,13426365
3324,2023-06-21,177.1065673828125,177.68961722639938,170.62455470573505,170.65885668073594,31172093
3325,2023-06-22,173.9170379638672,176.96941177084196,173.3339880399651,176.96941177084196,7430965
3326,2023-06-23,171.55056762695312,174.67154520185926,171.1733156493173,173.95131531373045,5593393
3327,2023-06-26,170.45310974121094,171.65348375347298,169.52710972279985,171.48200175172127,7305362
3328,2023-06-27,171.17330932617188,171.5162732687567,169.8700435533019,170.1787055195328,11142907
3329,2023-06-28,171.58486938476562,173.1967971813462,169.04692774599454,172.03072531707235,17808717
3330,2023-06-30,175.01451110839844,178.13547476286197,172.30508745854107,175.9405110068604,17659979
3331,2023-07-03,171.82493591308594,174.87730943204133,171.13900802520936,174.60294944108156,12467239
3332,2023-07-04,171.20761108398438,173.19680490162523,170.93323711685466,173.19680490162523,8637967
3333,2023-07-05,173.71124267578125,174.19138662921594,171.13901302115468,171.27619302063914,5340907
3334,2023-07-06,180.19325256347656,180.8105904604665,174.5000594040418,178.3069508508754,16705046
3335,2023-07-07,175.22030639648438,180.090406482376,174.70586038362887,180.090406482376,13149183
3336,2023-07-10,171.48196411132812,175.87190518362573,170.45307232666016,175.2202653468599,15319047
3337,2023-07-11,173.8827362060547,175.18600210870625,171.51629034866,172.85384427584137,7486045
3338,2023-07-12,172.8881378173828,174.74013761927947,172.27079989833751,174.2256916792816,9390877
3339,2023-07-13,166.74908447265625,172.9910261246346,165.78878253652724,172.68236412438316,30591450
3340,2023-07-14,164.65699768066406,167.6407812492446,162.35912805560983,166.68047939992564,72085831
3341,2023-07-17,165.3086395263672,168.01804940538793,164.07396360755968,166.33753147362674,11474161
3342,2023-07-18,165.41152954101562,167.16063745736952,164.3483356260876,165.30863755646774,14940593
3343,2023-07-19,166.8519744873047,168.8754563655892,164.99997459718801,165.30863659379415,22954874
3344,2023-07-20,167.53790283203125,168.63538476782566,166.2003489032881,167.33211886365234,10249082
3345,2023-07-21,167.4350128173828,168.94406270768602,166.13174689787917,166.85197684043752,18466409
3346,2023-07-24,169.73287963867188,170.2130376164014,166.57761359959062,167.4007355805951,14825562
3347,2023-07-25,172.2707977294922,172.5108697074209,170.21301399540764,170.7617479513534,10500017
3348,2023-07-26,172.1679229736328,175.35749087156296,171.48199499365816,174.15711690660734,12898171
3349,2023-07-27,171.9621124267578,173.81412605966906,171.27618455276956,172.85382424503786,10836773
3350,2023-07-28,177.1065673828125,179.13006293739016,171.5505545231407,172.71664025507644,17518458
3351,2023-07-31,182.4911346435547,183.1427606066886,177.75822905031143,179.71312089495285,24269734
3352,2023-08-01,172.71665954589844,179.71311889799955,171.82494764865987,179.71311889799955,31395702
3353,2023-08-02,170.4873809814453,174.08850236887878,169.1498132358269,173.47116448284248,20825405
3354,2023-08-03,170.5902557373047,171.8935214817374,168.80684606582545,170.79603968046078,10882019
3355,2023-08-04,169.66429138183594,170.83037737816196,169.14984537160888,170.11014738174762,7406390
3356,2023-08-07,170.07582092285156,170.76174883777372,168.73826707084905,170.65887081472673,6345966
3357,2023-08-08,168.886962890625,171.50943125849184,168.29253957280213,171.50943125849184,15171726
3358,2023-08-09,168.082763671875,170.28564030370546,167.66317151052723,169.93597779794837,18442141
3359,2023-08-10,169.09678649902344,169.69120988872632,167.87296777936328,168.22263027069476,9962450
3360,2023-08-11,170.84507751464844,172.20875536857855,169.79609017230177,171.68426169740522,23866073
3361,2023-08-14,170.98495483398438,171.54442050002248,168.36248620156132,171.22971572744996,9188486
3362,2023-08-16,173.4675750732422,173.8871672352576,169.97095001010732,171.05489524299685,9191471
3363,2023-08-17,170.42547607421875,173.9920445225383,169.37648870184285,173.46755083635034,15301142
3364,2023-08-18,168.5373077392578,170.3905216450217,167.9079124581566,170.3905216450217,12292241
3365,2023-08-21,172.8731231689453,173.2227856464131,169.02683591679983,169.44644227200325,9129526
3366,2023-08-22,173.29273986816406,174.9361507647989,172.52347098957443,173.43259917637846,11107830
3367,2023-08-23,174.551513671875,174.83124651185463,172.87313085980054,174.83124651185463,8487619
3368,2023-08-24,172.24374389648438,176.6844545612935,171.8940814153529,174.83124056573615,18982087
3369,2023-08-25,169.2366485595703,173.01300637298917,168.8170564087023,172.1388501304294,12851343
3370,2023-08-28,173.78225708007812,174.13191956917285,169.62127915097216,169.93596970003617,11908665
3371,2023-08-29,175.63546752929688,176.92921586695317,173.8521831802282,174.5515081441292,12363321
3372,2023-08-30,172.80320739746094,175.9501699474148,172.34864329468462,175.74038098076682,6748007
3373,2023-08-31,171.01991271972656,174.55149498449495,170.32058780854845,173.32767638993326,20715819
3374,2023-09-01,176.3697509765625,176.64948380890766,171.4744762078322,172.733266839484,13120723
3375,2023-09-04,178.60760498046875,179.37685962256822,175.39071287763247,177.3488143095399,10240031
3376,2023-09-05,177.83834838867188,179.72652014656117,176.92922022210107,178.5376733697869,10893186
3377,2023-09-06,177.97821044921875,179.90135417705903,176.33479956371593,179.51671974036964,10018473
3378,2023-09-07,179.72653198242188,180.21605381031853,176.33480844621326,177.62855690091502,13760453
3379,2023-09-08,180.8804168701172,182.7336309941047,179.79645741236874,180.60068402026562,16781751
3380,2023-09-11,184.97145080566406,185.32111328355757,180.14610576517316,182.06924939358743,17683806
3381,2023-09-12,178.37449645996094,190.44950507444463,177.7684062669833,189.2839634277222,29826173
3382,2023-09-13,180.1461181640625,181.45153337472746,178.3745005119216,180.1461181640625,10692151
3383,2023-09-14,181.96435546875,182.43057212557775,180.61233000951017,181.07854666633793,10941807
3384,2023-09-15,180.9853057861328,182.94340714228744,179.21367401307546,182.89678263261175,20516593
3385,2023-09-18,186.57989501953125,186.95286262042129,180.985295639369,182.05758816277933,25627043
3386,2023-09-20,190.8224639892578,192.0346300920111,185.04138053128378,185.2744888499747,33369524
3387,2023-09-21,187.97854614257812,191.66165458066482,186.85961487669684,191.14881345510292,20332556
3388,2023-09-22,185.694091796875,189.19071678095727,183.12990014188134,186.99950699428115,21193988
3389,2023-09-25,185.46095275878906,187.09271081453235,183.4096026199863,186.486634942091,11951847
3390,2023-09-26,184.94815063476562,186.53328439825063,184.2488256601867,185.64747560934458,7440011
3391,2023-09-27,185.88058471679688,186.11369304263795,183.9690935993394,185.83396020606804,6736870
3392,2023-09-28,187.18597412109375,190.6359742854862,184.4352988911512,186.57989820235804,50185120
3393,2023-09-29,186.25355529785156,188.25828124072464,185.64747933218388,187.37247243405523,16293959
3394,2023-10-03,186.0670623779297,186.48665450500545,183.5961056690568,185.32111291434916,10830728
3395,2023-10-04,185.55422973632812,185.92719737131,182.19746411027828,185.460980713681,14120040
3396,2023-10-05,183.31640625,186.02045733212734,182.1508645373927,186.02045733212734,14575590
3397,2023-10-06,183.73599243164062,184.1089600763955,181.6846419298815,183.68936791909536,12857229
3398,2023-10-09,182.9900360107422,183.5961119675546,180.65895274945885,183.22314433687052,7853369
3399,2023-10-10,184.57518005371094,185.13464575867218,182.47720500181217,182.99004619339266,7440527
3400,2023-10-11,185.08802795410156,185.69410396660786,184.0157352464968,184.0157352464968,10031916
3401,2023-10-12,187.18597412109375,188.35151567851028,184.0157067760417,184.0157067760417,21872719
3402,2023-10-13,188.16505432128906,188.72450579890523,185.83397092837868,186.9062635979959,13105921
3403,2023-10-16,189.33059692382812,190.07654645869013,186.57992135259065,186.76640517935516,18336656
3404,2023-10-17,193.153564453125,194.87857185685507,188.91100405570933,189.79681290040696,19378328
3405,2023-10-18,192.5474853515625,194.3657275250601,190.21640199379542,194.3657275250601,14923328
3406,2023-10-19,191.894775390625,193.38666012931785,188.53800982991083,190.21639261026792,13192888
3407,2023-10-20,189.14410400390625,191.33531376170316,187.32584765390453,191.33531376170316,22081120
3408,2023-10-23,186.25355529785156,191.28868952466965,185.55423030924888,188.35153026365964,6988219
3409,2023-10-25,186.0204315185547,186.90624025165405,184.43529785493445,185.55421489820745,16817158
3410,2023-10-26,185.50759887695312,186.48665667003135,183.03665636719631,185.32111506584366,11070090
3411,2023-10-27,187.37245178222656,188.16502570640833,185.69406914900753,185.7873181616648,9995487
3412,2023-10-30,187.2792205810547,188.537996909205,184.29542285254576,187.37245536769433,7679981
3413,2023-10-31,188.49136352539062,189.23731292238898,186.99947895919527,187.8852876434677,7474770
3414,2023-11-01,187.37245178222656,188.67786682041995,186.95285968087225,188.67786682041995,5598615
3415,2023-11-02,189.37722778320312,189.89005476703855,187.32586293664357,188.11843701170562,12924797
3416,2023-11-03,190.58937072753906,192.54748645035914,189.3772187568258,189.65693737911116,8684015
3417,2023-11-06,194.13259887695312,194.83192381111203,191.10219082893116,191.14881533676888,9804415
3418,2023-11-07,193.94613647460938,194.97181884901008,191.8481614406292,194.13262029873573,10730361
3419,2023-11-08,193.01368713378906,195.43801932997218,192.6873297977558,194.8785536761445,7435543
3420,2023-11-09,195.62451171875,196.27721219164138,192.1745113096357,193.29342843856423,13777877
3421,2023-11-10,196.88328552246094,198.6082928178688,195.43802529030103,196.2772095688328,12066023
3422,2023-11-13,197.95559692382812,200.56641306858404,196.46369791888094,197.6758640819251,11352269
3423,2023-11-15,195.95083618164062,200.4731430056802,195.62449309017296,200.4731430056802,19182861
3424,2023-11-16,196.94891357421875,198.51728961333515,195.5231250862241,196.4736507448872,27533260
3425,2023-11-17,199.13510131835938,200.2757290695285,196.66372910426898,197.4241524396713,16705395
3426,2023-11-20,198.94500732421875,200.75100012947723,198.5172737128543,199.7054306910163,11156900
3427,2023-11-21,198.61231994628906,199.75294775820467,197.66179435238112,199.6103747206663,9608081
3428,2023-11-22,201.1312255859375,202.08175119928526,197.89942979823314,197.89942979823314,13079580
3429,2023-11-23,200.4658660888672,202.55703425032794,198.8975044716429,201.55897935578918,11382709
3430,2023-11-24,200.0381317138672,201.60650782941948,199.1351351949032,200.84608436465513,7250200
3431,2023-11-28,199.8004913330078,203.84022539815328,199.13512627011093,203.84022539815328,15629209
3432,2023-11-29,200.60842895507812,200.9886333900701,198.75490695272057,199.895534761566,10062023
3433,2023-11-30,198.61231994628906,202.27184928438243,197.9469549313274,199.99057915668166,60354322
3434,2023-12-01,199.8004913330078,201.93917407337895,199.08759708621744,201.03617759488526,20719909
3435,2023-12-04,202.36688232421875,203.50752457903252,201.22625457327376,201.22625457327376,27914088
3436,2023-12-05,211.30184936523438,212.2048458083256,201.08369889518062,203.12732318764338,40709207
3437,2023-12-06,213.29795837402344,215.05643669662712,211.49196537016368,214.81880527486288,29544730
3438,2023-12-07,218.62088012695312,220.90213568325194,213.1553581237793,213.8682522981063,24534268
3439,2023-12-08,217.2901611328125,221.85267247630486,215.2465223606646,220.3318401964307,22206320
3440,2023-12-11,219.52389526367188,221.37741737446163,215.34158821861442,216.71984750592628,19106395
3441,2023-12-12,219.9040985107422,221.75762048908192,218.14562038798414,218.62088317750045,14355329
3442,2023-12-13,225.22705078125,225.74984279164684,219.19122158156404,219.57142604155968,26878281
3443,2023-12-14,220.61700439453125,225.84489535645028,219.66647876509143,225.51220558459832,29972018
3444,2023-12-15,225.6072540283203,226.32014821905165,215.91188143127877,223.37351309581442,41341690
3445,2023-12-18,220.37936401367188,225.1795066437927,219.99914507505582,225.1795066437927,29051897
3446,2023-12-19,221.99526977539062,222.80320788036195,219.42885340593793,220.66452515517295,12612164
3447,2023-12-20,215.91189575195312,223.75373237011902,215.00889928457477,223.32599872808407,20400245
3448,2023-12-21,220.85464477539062,221.6625828909196,211.68206337628502,213.34548329539078,17755207
3449,2023-12-22,220.28431701660156,222.613101933263,219.0961599668896,221.47247406631354,9735375
3450,2023-12-26,221.80516052246094,224.13394540427203,219.61894868293356,220.52194512642725,6772092
3451,2023-12-27,222.4705352783203,224.181484379819,220.99721759358894,223.37353176126194,10231881
3452,2023-12-28,227.27069091796875,228.07862902597248,222.5180626219332,223.4685882811403,39164340
3453,2023-12-29,225.46466064453125,226.4627153864626,223.13587591593745,226.03498178388318,12665999
3454,2024-01-01,226.4627227783203,227.65087977086134,224.7042446278118,226.130033018861,5952776
3455,2024-01-02,226.08251953125,228.22120212907143,224.46661440980031,228.12614376762042,9128513
3456,2024-01-03,225.3220977783203,226.89045922650013,222.99331294465009,224.324042991356,8284439
3457,2024-01-04,229.50440979003906,231.07278577726413,225.3221028318456,226.22509927692488,19663959
3458,2024-01-05,229.31430053710938,232.87877152991416,227.46077852162477,230.02719473567032,16345257
3459,2024-01-08,230.35989379882812,233.1164123430284,228.50635720462532,230.4074084775552,13585746
3460,2024-01-09,230.31236267089844,232.5460891954018,229.55193926737536,230.59752326020336,8688409
3461,2024-01-10,227.3181915283203,230.1222536525246,226.225092889436,229.07666969056336,16872195
3462,2024-01-11,229.97967529296875,231.07278847936942,227.36572978756354,228.36378460858322,18812468
3463,2024-01-12,227.65089416503906,230.64504417401227,226.98552910791952,230.50247112744037,11296498
3464,2024-01-15,229.21923828125,229.55192803647378,225.2745629177817,228.5063440948013,12597366
3465,2024-01-16,227.22315979003906,230.40741201881508,225.93994435954087,229.6945177805095,7478450
3466,2024-01-17,227.36572265625,229.26677387328198,225.93993424347602,226.70035763106276,13620300
3467,2024-01-18,221.9001922607422,224.0388748013865,214.8663088175042,216.00693660507397,25522629
3468,2024-01-19,223.75372314453125,225.22704074312347,220.90214631004426,223.3735187014809,20931080
3469,2024-01-23,226.1775665283203,234.58972399806527,224.56167588831065,229.0766725463825,27492163
3470,2024-01-24,234.0194091796875,234.77983259087733,223.3735249346404,224.466623616815,28309825
3471,2024-01-25,233.3540496826172,236.39572889583238,231.0727938986734,232.64115543715093,20651484
3472,2024-01-29,241.38597106933594,242.38402584122076,233.0213429630611,233.30650354129526,26181011
3473,2024-01-30,241.528564453125,244.23756825607788,239.05719205380416,241.43350609012427,16031367
3474,2024-01-31,246.47128295898438,247.13666249957927,239.91266194804356,241.43350874958898,34369455
3475,2024-02-01,252.6497039794922,257.5449342408025,245.52076166621373,246.18614121854927,29929092
3476,2024-02-02,263.3906555175781,267.477904086907,250.89124939647797,251.41402688520378,33900724
3477,2024-02-05,268.9037170410156,275.08213414414985,261.29951137561966,263.7708840184219,27440927
3478,2024-02-06,260.6816711425781,268.90371258034895,258.82813443928796,268.90371258034895,29668277
3479,2024-02-07,254.693359375,260.8242324093508,253.60023167193228,258.6380350186969,27335466
3480,2024-02-08,262.5351867675781,273.79889211207103,257.402325234492,257.402325234492,69776717
3481,2024-02-09,259.4934997558594,265.62440173780277,255.78645556089518,264.81644914214303,24496638
3482,2024-02-12,256.92706298828125,262.34507061494674,253.07744583778828,259.6836104871664,19140023
3483,2024-02-13,256.8795471191406,257.44986828894565,251.1763934365695,256.92706179673286,22031847
3484,2024-02-14,260.111328125,261.39454350374814,253.7903386018209,256.16665263367315,13546941
3485,2024-02-15,272.19158935546875,273.83451154465087,262.2374970122589,262.86566273421687,25475670
3486,2024-02-16,265.3299865722656,273.3995808386285,264.1219643615146,272.5298107454337,25129188
3487,2024-02-19,267.0695495605469,268.95404646646875,264.1219577445219,265.8615273800602,11429901
3488,2024-02-20,278.2316589355469,279.0531199056764,268.37421577217833,269.0023813989614,43053543
3489,2024-02-21,270.6936340332031,279.72964644035,269.8721729975114,277.89342901019285,24651085
3490,2024-02-22,273.10968017578125,273.97945030996505,264.07366771498397,270.69363564042,26793590
3491,2024-02-23,272.4814758300781,275.62233328036086,269.63053188580767,273.0613028421026,14313526
3492,2024-02-26,278.135009765625,281.71076714917245,272.5781078407271,273.44790738837213,31012494
3493,2024-02-27,282.6772155761719,283.5469857255522,274.55931169406915,274.55931169406915,36510093
3494,2024-02-28,270.16204833984375,283.7885434100249,269.0506739158798,281.7107513143137,18824161
3495,2024-02-29,273.35125732421875,275.4290495185322,265.18501581333237,270.2103997419899,35043015
3496,2024-03-01,278.0384216308594,279.681314247064,275.0425204577747,275.42908169142686,15149735
3497,2024-03-04,284.7550048828125,287.0260926593028,278.3283322756875,278.3283322756875,23131460
3498,2024-03-05,285.0932312011719,285.52813097806177,280.0195381035239,282.2422870920687,13220556
3499,2024-03-06,283.8368835449219,284.9965670617385,276.8786644731141,280.5510398487906,15969436
3500,2024-03-07,282.8221740722656,288.8622855529339,281.2275905399155,284.12684405063635,14908694
3501,2024-03-11,275.9605712890625,282.1456683616253,274.84919679696185,278.71486772094926,19020659
3502,2024-03-12,275.57403564453125,278.9564980166188,273.25463877364604,275.33243118938213,17906155
3503,2024-03-13,255.42420959472656,274.3660041398093,253.00816512450507,273.7861475684101,39389523
3504,2024-03-14,257.4053955078125,259.38654026675135,251.9451406543695,255.18261679808933,26005940
3505,2024-03-15,257.0188293457031,262.8656453213841,248.9975437965075,259.0966217465722,43817794
3506,2024-03-18,256.0040588378906,257.6952899186334,250.7854088301445,257.018815181974,12423655
3507,2024-03-19,250.3022003173828,257.5503335312066,249.62569608700076,253.3464103686429,20031514
3508,2024-03-20,255.76246643066406,256.2456753336098,250.2539026327205,251.2203204386121,11308487
3509,2024-03-21,264.5568542480469,265.28166754735656,258.13018222604643,258.8066569430983,23559105
3510,2024-03-22,266.48968505859375,268.9057293474296,262.2374530087883,264.5568496275251,22097588
3511,2024-03-26,260.98114013671875,264.8951502979465,257.163807156045,261.02947872699576,28477120
3512,2024-03-27,261.1744079589844,263.6387615283877,260.15968107575486,261.8992213020713,18094214
3513,2024-03-28,267.60107421875,270.11376631558045,262.5273809337525,262.8656330512983,26646830
3514,2024-04-01,270.741943359375,272.14326097986196,268.32589883628094,271.32179994346376,8945400
3515,2024-04-02,270.16204833984375,272.2398699282817,269.1473215815999,269.8721348354103,13229425
3516,2024-04-03,270.6936340332031,273.5928874584226,269.1956687345345,270.74194312653105,14499308
3517,2024-04-04,268.3258972167969,277.0719960332488,265.8132050293982,273.30294300578544,23722104
3518,2024-04-05,269.05072021484375,270.5486855594619,265.9098622411781,270.5486855594619,9308711
3519,2024-04-08,272.2882080078125,274.6559433527985,269.67886821916386,271.1284948811398,14473340
3520,2024-04-09,271.7566833496094,274.80089336639224,271.56338800233806,273.3512667400452,5780865
3521,2024-04-10,273.06134033203125,275.7673278948139,270.5969867144032,270.5969867144032,8809693
3522,2024-04-12,266.0065002441406,274.89755582777644,265.4266436638634,272.0466115121729,17731780
3523,2024-04-15,264.84674072265625,266.9245622293252,259.38648699070853,261.1743655116274,13378690
3524,2024-04-16,265.04010009765625,266.2964315280087,262.14084649585874,263.832077763574,9662195
3525,2024-04-18,270.6936340332031,280.1645167584943,268.37423719157374,278.23168114168135,51039603
3526,2024-04-19,272.19158935546875,272.77144598063495,265.4750028010983,268.7608176867294,18755469
3527,2024-04-22,274.1243896484375,275.13914598438646,272.23989272635384,274.46264176042047,14965203
3528,2024-04-23,275.7673034667969,277.50684357306227,271.2734669483376,274.12438153875746,11464036
3529,2024-04-24,280.647705078125,282.04902259462483,274.8491986529872,275.4290551940467,19324163
3530,2024-04-25,283.4503173828125,284.6100304926076,279.53633724953056,282.19398609114234,22022414
3531,2024-04-26,282.43560791015625,286.20463150981226,281.6624854512073,284.36844355026,15581578
3532,2024-04-29,283.8368835449219,284.7066535557161,279.874565170496,282.48387520287866,9804396
3533,2024-04-30,291.7132263183594,294.12927088039197,283.20873176436584,283.8369269446795,33288857
3534,2024-05-02,303.068603515625,306.59602230235464,291.7131952822045,291.80984295294945,44059506
3535,2024-05-03,300.4109802246094,305.4846736948099,297.89828803605917,301.5223548004881,27074447
3536,2024-05-06,296.5452880859375,300.3626204461588,292.921221577211,299.78279339894556,16855909
3537,2024-05-07,285.3348388671875,297.9465786271384,284.6100255593115,296.6902473572449,13857464
3538,2024-05-08,291.8581848144531,292.6796458689342,282.19400650933875,282.19400650933875,18754452
3539,2024-05-09,286.2046203613281,294.12925797415875,285.33485025570775,292.58298362376127,11196567
3540,2024-05-10,293.54937744140625,294.2258816309549,286.3012446650752,286.3012446650752,11786977
3541,2024-05-13,296.2553405761719,297.31840596782007,287.605919668838,293.98428252599905,11710605
3542,2024-05-14,298.86468505859375,302.48875157102617,297.4150584536208,297.65666288778294,9957875
3543,2024-05-15,304.27667236328125,305.67796057958014,298.4781651414664,299.5895397937677,11397656
3544,2024-05-16,302.00555419921875,305.001455195421,295.0473344333768,303.9383897460938,19843532
3545,2024-05-17,302.63372802734375,305.3880246545783,300.3143312069944,304.3249591765384,9069551
3546,2024-05-21,314.71392822265625,316.45349783420977,300.5559143611049,300.5559143611049,21976662
3547,2024-05-22,314.8105773925781,316.7434128639063,309.44697075673395,316.7434128639063,10287081
3548,2024-05-23,309.15704345703125,309.93019538050453,298.62309550132346,308.7221731495121,35705284
3549,2024-05-24,308.093994140625,312.1046517518792,306.74101506955776,307.3208716693671,15058182
3550,2024-05-27,307.2725524902344,310.7033238963522,303.93839927030405,310.7033238963522,12857918
3551,2024-05-28,302.2954406738281,308.7704509733332,301.52231832137704,308.28724212986947,10935739
3552,2024-05-29,307.0309143066406,307.99733200418405,298.71971620922153,298.71971620922153,16812268
3553,2024-05-30,296.40032958984375,306.9825860377692,293.59769457864434,304.0350237583432,22768893
3554,2024-05-31,299.5895080566406,301.03913470852757,295.43392345165654,298.188190496058,36929443
3555,2024-06-03,326.31097412109375,336.98990882907395,314.665651076674,323.74997277233655,55218939
3556,2024-06-04,286.0113525390625,323.70164579446663,270.3553727743411,323.70164579446663,73262478
3557,2024-06-05,288.7655944824219,290.9400342887435,269.8238313193131,286.3495502531756,45312613
3558,2024-06-06,290.3601989746094,300.9907932796608,288.08911156543945,293.2111133880554,36508044
3559,2024-06-07,298.96136474609375,300.217696141184,286.83280315668793,288.04082545686384,38016104
3560,2024-06-10,305.1947326660156,312.4912048287108,301.13579555878835,302.48877459453075,25478964
3561,2024-06-11,305.9195556640625,308.96379545632936,304.56657658568383,305.5813330140168,12238518
3562,2024-06-12,313.7475280761719,316.11526344707596,306.2577902406442,309.15704359633236,20346144
3563,2024-06-13,310.6549987792969,316.9367141794659,309.88184688056157,316.01860551619563,11756503
3564,2024-06-14,310.7033386230469,315.05221894592,308.62554614510947,315.05221894592,14159988
3565,2024-06-18,320.65740966796875,321.3339139154091,311.1865271601856,311.1865271601856,21653702
3566,2024-06-19,316.3085021972656,323.60497354599545,314.47231446125795,322.7835126004129,14235150
3567,2024-06-20,313.65087890625,317.2749455836111,311.4764388998334,316.5018231561994,11749507
3568,2024-06-21,315.0038757324219,318.53129460259504,312.15293158800944,315.72868904106275,17209541
3569,2024-06-24,321.768798828125,322.78352565960404,311.7180307223853,312.2495781758454,18044357
3570,2024-06-25,316.4051818847656,323.7499630647814,314.85890750591005,323.7499630647814,13979671
3571,2024-06-26,315.72869873046875,319.111160941264,314.0374676250711,314.7622809559558,12946277
3572,2024-06-27,320.415771484375,321.3338800816993,313.4575818519264,317.5165184310063,27061015
3573,2024-06-28,319.8359680175781,326.0210357549625,318.5312981489532,321.8171126194953,21676594
3574,2024-07-01,318.53131103515625,320.60910339523787,314.3273877296191,319.88429004920494,11959181
3575,2024-07-02,319.69097900390625,323.1700887926685,317.0333301988798,318.9661656934445,12684459
3576,2024-07-03,323.8949279785156,325.58615917136916,318.04811193745746,319.98094758643293,9369793
3577,2024-07-04,323.74993896484375,327.32569635647224,322.68687356521946,325.68277442135025,12878827
3578,2024-07-05,328.002197265625,328.48540616834185,321.67217243712713,323.74996482026324,10894118
3579,2024-07-08,328.002197265625,329.548471652865,325.5378436588616,329.548471652865,7828162
3580,2024-07-09,329.69342041015625,330.8531335455759,326.7458579723325,328.5820458594717,9214579
3581,2024-07-10,334.4288635253906,336.1200946533038,324.23316766563494,331.481301070977,10662609
3582,2024-07-11,331.28802490234375,337.0382228673527,330.51490242475876,336.7966184065159,12642065
3583,2024-07-12,331.57794189453125,334.2838998461679,328.6786885923221,331.2879988686725,11380570
3584,2024-07-15,332.302734375,333.80067002341855,328.77531564379694,333.80067002341855,5277531
3585,2024-07-16,330.94976806640625,335.3469570023425,330.03165941296817,331.2396815923714,11363095
3586,2024-07-18,329.7900695800781,333.1242227399578,325.63448489601467,330.51488291981457,13908161
3587,2024-07-19,321.04400634765625,330.36993225950425,319.8842931855408,328.14715361423816,12937990
3588,2024-07-22,327.22906494140625,328.00218736532514,318.4346572788613,318.9178661669931,10678640
3589,2024-07-23,323.0251159667969,329.06522658696883,310.3167291205006,327.71224770659586,15954324
3590,2024-07-24,325.8277587890625,327.42234227724197,319.20779089107947,319.78764747570773,12573882
3591,2024-07-25,328.0505065917969,331.094716508845,319.35274711867163,319.35274711867163,16271884
3592,2024-07-26,332.6409912109375,333.94563153949946,327.1323984067023,328.92027708826834,11468068
3593,2024-07-29,330.8531188964844,334.28389007337466,326.40759139784944,328.388735966015,31849674
3594,2024-07-30,338.05291748046875,344.9628279938475,331.771202099382,333.4141240730656,25813219
3595,2024-07-31,336.5066833496094,338.8743892188871,331.09473787411304,336.5549924415972,17976593
3596,2024-08-01,348.97344970703125,350.32642863632236,338.3911637207874,339.3575814549566,26792459
3597,2024-08-02,346.21917724609375,348.92513529209725,342.1119015913948,345.9775727958173,13771470
3598,2024-08-05,331.28802490234375,342.88503902251074,330.03169350308514,340.9038942407417,13566586
3599,2024-08-06,329.30682373046875,339.01930959586133,327.8571972136802,331.287968172989,12273667
3600,2024-08-07,340.22735595703125,340.71056483042156,331.8678483459246,334.2355836226288,12441847
3601,2024-08-08,331.14306640625,343.0783326082087,329.79008733113017,343.0783326082087,15489731
3602,2024-08-09,334.38055419921875,337.2314984670845,332.7376321647316,336.2167420954083,8720610
3603,2024-08-12,329.69342041015625,332.2544216337502,328.0988369685019,331.48129920529055,12521136
3604,2024-08-13,325.6344909667969,330.9497888906235,323.8949212233606,325.68280005992114,10435954
3605,2024-08-14,322.3003234863281,326.9874555285283,321.3339057247499,325.6827856518518,12385993
3606,2024-08-16,329.9497985839844,330.8755111103973,322.1541744224629,324.49285572333014,13013828
3607,2024-08-19,331.6063537597656,334.5297128457628,330.6319007310999,333.89632432471933,5891370
3608,2024-08-20,331.8012390136719,333.8963069688124,330.1446570558706,331.75252825994914,6393840
3609,2024-08-21,328.0495910644531,332.23975673776164,327.5623645725297,331.31401450792913,10118601
3610,2024-08-22,325.46728515625,329.07277296483517,322.05669983275635,327.4161910553892,18370039
3611,2024-08-23,327.6598205566406,328.3419495503754,324.83391281020965,326.10068981235077,7494822
3612,2024-08-26,329.60870361328125,332.7756756361731,327.27002252858057,327.8547002342416,7993675
3613,2024-08-27,326.7828369140625,332.7270064784567,326.4417723982957,330.33958460603657,9589690
3614,2024-08-28,325.90582275390625,330.2421208277819,325.2236937482446,326.78282451979544,8790600
3615,2024-08-29,324.78515625,327.3187398668881,320.40011797621275,324.0056057853932,17653536
3616,2024-08-30,328.7804260253906,332.14230066599464,325.5160026293444,326.4417448457266,22713812
3617,2024-09-02,326.9776916503906,331.21656814014403,325.6622038931788,329.75488864284597,9789776
3618,2024-09-03,326.1006774902344,329.3163901046873,325.4672890130972,327.4161949353313,8434423
3619,2024-09-04,324.3954162597656,326.1494496026038,322.5439614017258,322.7388639080236,9025610
3620,2024-09-05,322.7875671386719,325.7596369937512,321.17972558202325,323.8594714224198,13912371
3621,2024-09-06,321.37457275390625,324.5902853490741,316.6972104637728,324.541544858544,23755639
3622,2024-09-09,320.156494140625,320.789912327337,315.28422955325925,319.3282329511273,18597200
3623,2024-09-10,325.61346435546875,326.7340793590947,318.64613134550325,318.64613134550325,15472387
3624,2024-09-11,324.687744140625,328.63426680605346,323.518388671934,328.2932023161899,10134008
3625,2024-09-12,329.55999755859375,330.3395480186224,324.73644359057795,326.2955742485791,18410837
3626,2024-09-13,328.63427734375,332.53208938044384,327.51366233078966,331.119120621964,10417461
3627,2024-09-16,329.60870361328125,332.7756756361731,328.4393482019592,328.6342506831607,7748570
3628,2024-09-17,328.293212890625,331.31402316709057,325.95453161585823,328.0983401315295,11451846
3629,2024-09-18,325.7596130371094,330.24210260626126,324.59028732642474,329.8523273693664,6583254
3630,2024-09-19,326.34429931640625,329.7061740158864,324.5902958354267,327.61110604195386,10589610
3631,2024-09-20,332.1423034667969,334.18866066798813,326.19813435398225,329.5112685312731,31236123
3632,2024-09-23,332.43463134765625,333.7501488307827,331.55762960488704,333.26292233613924,6542941
3633,2024-09-24,341.1072692871094,342.03301155544364,333.6039988421936,335.7477776530497,26145769
3634,2024-09-25,354.457275390625,356.8934078675365,343.34851724349755,344.8101967296445,40770462
3635,2024-09-26,356.1138610839844,356.74724958699784,348.0746238263358,354.74960309232995,18733959
3636,2024-09-27,345.1999816894531,354.018769608783,344.3229799206824,352.9468950791444,33148043
3637,2024-09-30,343.83575439453125,348.3182442385522,340.76623332608574,345.1999826762908,16356171
3638,2024-10-01,341.83807373046875,346.90524082876277,341.0098125356985,342.13042745033755,9856291
3639,2024-10-03,335.35797119140625,340.9610755602838,333.847581039321,334.23735626521943,19350466
3640,2024-10-04,330.1933898925781,338.57369125680236,329.1214856940243,334.2373637099936,20121706
3641,2024-10-07,320.54632568359375,331.31401941955096,316.697224445159,331.31401941955096,13851446
3642,2024-10-08,318.79229736328125,322.5439474121905,314.1149347944762,318.93845936769156,21148292
3643,2024-10-09,321.32586669921875,323.32348339155686,317.18444157875876,318.64612103303875,9228363
3644,2024-10-10,325.8083801269531,329.4625790298172,321.6669547037071,321.76440595537287,20773976
3645,2024-10-11,321.6181945800781,326.78281322369,321.08225733554576,325.9058114881167,6098468
3646,2024-10-14,322.2516174316406,323.0311679326801,319.42567995499536,321.6181991943575,5944216
3647,2024-10-15,321.42333984375,324.931376720629,319.1333692617633,324.931376720629,12415489
3648,2024-10-16,318.8410339355469,324.1517849501145,316.6485146825187,323.22607244160326,22085298
3649,2024-10-17,322.69012451171875,323.4209643059041,316.3074688710122,320.1078298531866,17039729
3650,2024-10-18,323.5671081542969,325.3211414046507,319.86419863345947,323.0311708971571,10569021
3651,2024-10-21,322.69012451171875,325.2237084124841,321.0335721543337,324.49286861829876,8745904
3652,2024-10-22,314.50469970703125,327.0751372179107,312.84811774368296,324.3953915194,11219831
3653,2024-10-23,308.80413818359375,313.6764030010627,305.8320685401155,311.04539784239614,12541589
3654,2024-10-24,310.9966735839844,312.6045151100818,307.19631277558693,307.19631277558693,8327779
3655,2024-10-25,307.73223876953125,313.2866326431413,305.24739556909486,313.2866326431413,12979410
3656,2024-10-28,310.1683654785156,312.2634631342605,302.81125752081437,306.46545612323774,9610615
3657,2024-10-29,312.36090087890625,312.99431912661174,306.1244075541381,308.02460282136286,15856332
3658,2024-10-30,310.3145751953125,317.0870058214911,308.6579931710393,310.4119967066671,14498110
3659,2024-10-31,312.6044921875,314.4559765693672,309.729873848708,312.2147169579283,9900390
3660,2024-11-01,313.8226013183594,314.45601960829475,311.82498440718,314.2124063392267,847672
3661,2024-11-04,307.3912353515625,316.40492632310014,303.63958505365724,316.25873457104115,9249409
3662,2024-11-05,308.5118103027344,309.58371449666134,304.0293207795496,304.3703852600642,7518195
3663,2024-11-06,310.36328125,312.1660252519455,305.88079149157886,309.2913769998206,11019250
3664,2024-11-07,304.955078125,310.85050687749845,303.73701187548,310.85050687749845,14504208
3665,2024-11-08,308.1707763671875,309.4375534341505,300.81366775146586,303.88318890445083,15740539
3666,2024-11-11,321.37457275390625,323.90815638520525,304.80887251426276,305.5397122307176,22838987
3667,2024-11-12,314.45599365234375,324.0056211163854,313.57896216573255,323.0311681205466,12069181
3668,2024-11-13,309.8760681152344,316.3074641557814,309.0477770799156,314.407268824047,12918639
3669,2024-11-14,308.49224853515625,315.11478098021564,307.0095879656167,311.45756967423534,12500377
3670,2024-11-18,308.4427795410156,311.9023205460606,306.5153390799442,310.37025016689074,9408101
3671,2024-11-19,311.4081115722656,314.5711326705386,308.64049073488036,309.4312309270462,13157158
3672,2024-11-21,322.1326904296875,322.9728707246712,309.3818164860661,312.34713741085267,25406386
3673,2024-11-22,333.05499267578125,333.69747287934297,320.25467789759387,322.0338584866581,31523269
3674,2024-11-25,338.7879333496094,341.4072942703359,332.26422094142595,337.89834305867663,29419152
3675,2024-11-26,334.8835754394531,340.6165475157011,333.9939851655817,338.0465965963351,13997179
3676,2024-11-27,335.328369140625,337.3546596737846,332.6101583369795,333.3514885561556,12177260
3677,2024-11-28,329.7931213378906,337.79949431736435,328.3599009093121,335.3283934079469,16920231
3678,2024-11-29,325.5922546386719,328.6564258449242,322.72578357403836,327.51972544263236,13890537
3679,2024-12-02,324.0601806640625,328.1127922056024,322.4292600899128,324.3567007085238,16003524
3680,2024-12-03,325.83935546875,327.5197161303128,320.5017836096764,320.5017836096764,23174488
3681,2024-12-04,321.2925109863281,327.42085297971937,317.3881898572262,325.2462722298568,17880011
3682,2024-12-05,324.55438232421875,326.6301130113951,315.85608948386187,321.2431012476285,19785053
3683,2024-12-06,325.0980224609375,328.90352381071676,322.92347180735317,323.3188419112044,8802058
3684,2024-12-09,325.29571533203125,326.8277857620485,322.9234645970865,323.96131486712335,9376929
3685,2024-12-10,324.1095886230469,328.01394011834174,321.5890777662098,328.01394011834174,14994365
3686,2024-12-11,323.76361083984375,325.19686135245564,323.0717207230828,323.46709081334683,5013051
3687,2024-12-12,325.3945617675781,326.0864518849506,322.0832806996824,324.20842133093345,10414162
3688,2024-12-13,329.9908142089844,330.43559426400026,321.29252110051897,326.8277930486687,14973536
3689,2024-12-16,331.12750244140625,332.3630528236503,327.7668114346633,329.9908021227026,12695136
3690,2024-12-17,325.98760986328125,331.67114177987594,324.20842932922585,328.6564108291695,17360248
3691,2024-12-18,317.8329772949219,325.29571991463956,316.94338702738605,324.2084295144046,15037099
3692,2024-12-19,317.93182373046875,320.1064045061048,313.18732224792353,314.3240225859495,10234715
3693,2024-12-20,312.1494445800781,321.8361779263671,309.97489394995165,317.5858664026019,13973399
3694,2024-12-23,311.65521240234375,314.620533282156,307.94856130257847,314.3240132600963,5984169
3695,2024-12-24,306.5153503417969,312.98962239462014,305.180949872148,310.46911163568706,4833589
3696,2024-12-26,306.7130126953125,309.4806636312283,305.18094229787636,306.51534273440683,3775101
3697,2024-12-27,305.82342529296875,308.6898961534959,305.2303550751483,307.1578257418637,3981693
3698,2024-12-30,303.99481201171875,308.3933835546217,302.75926159683644,305.42806255890423,12489142
3699,2024-12-31,305.13153076171875,306.1693810042863,301.62254961984945,303.79713033212914,8402716
3700,2025-01-01,306.8118591308594,307.7508894696727,302.3638778382138,305.13152874140883,4239498
3701,2025-01-02,311.5069580078125,313.5332787444346,305.18094604978194,306.26823642494446,10766571
3702,2025-01-03,312.39654541015625,314.3240160651567,310.02429471809705,312.69309559966626,7636948
3703,2025-01-06,302.4627380371094,312.8413614011278,301.27659758672826,312.149441110938,6722495
3704,2025-01-07,301.5237121582031,307.1084241833969,299.4974215371576,302.462742542476,10137739
3705,2025-01-08,303.105224609375,304.2913650847894,299.4974233967971,302.61100443875324,6907996
3706,2025-01-09,301.7214050292969,303.35232551000786,300.1398944982299,303.1052154321788,8244909
3707,2025-01-10,296.2355651855469,301.7213966959148,295.0494247788061,300.535256289174,6540783
3708,2025-01-13,284.27545166015625,295.09885543059755,283.4352713268366,291.5899042420812,19474228
3709,2025-01-14,286.8948059082031,289.66242676749374,283.48467470228695,284.4237050821204,15954608
3710,2025-01-15,295.19769287109375,299.0031941017128,287.73498058836117,291.58989176861246,12198882
3711,2025-01-16,294.2092590332031,298.11361041379456,293.17140874965605,295.5436595154815,11694289
3712,2025-01-17,299.10205078125,301.47430154735014,292.28181851691033,294.20925906726444,7593230
3713,2025-01-20,302.7098388671875,305.23034954122136,298.45955768534117,299.10203784099645,9435937
3714,2025-01-21,298.8549499511719,306.36710274708463,298.0147696091963,303.45119160870075,13911546
3715,2025-01-22,294.11041259765625,298.80550423654716,292.38064199385434,298.50898419896043,9723333
3716,2025-01-23,290.9474182128906,296.13672996401897,290.20608796272944,294.0609992306066,12228286
3717,2025-01-24,292.4300842285156,299.0032065376212,290.9474237002299,291.88642393592744,11142914
3718,2025-01-27,283.682373046875,291.58989564051615,280.4699419932083,291.58989564051615,13477947
3719,2025-01-28,280.6676330566406,285.4615443423182,276.12080167922727,283.83062389302967,11298068
3720,2025-01-29,284.5225524902344,285.8075128418718,280.02513092989386,282.0514516872356,4800024
3721,2025-01-30,291.93585205078125,293.66562259600283,284.5225497141175,284.5225497141175,10969499
3722,2025-01-31,298.16302490234375,299.942235627395,292.47949290208516,293.56678331770445,14141459
3723,2025-02-01,286.49945068359375,301.8202766007399,285.3133101595695,298.1630351223372,6945157
3724,2025-02-03,280.51934814453125,288.62457075916944,274.7864064077024,286.6476901375313,14978897
3725,2025-02-04,282.34796142578125,283.0892916396586,268.9546076276525,277.7517201327026,19836427
3726,2025-02-05,281.9031982421875,287.38903008677823,281.2606878865894,282.29856834692106,15337191
3727,2025-02-06,277.8999938964844,287.5867272694509,276.51618346171915,284.17659605091785,21418561
3728,2025-02-07,278.1499938964844,281.8999938964844,270.0,273.1000061035156,17193482
3729,2025-02-10,268.70001220703125,276.0,268.1000061035156,275.0,16709670
3730,2025-02-11,261.45001220703125,268.79998779296875,260.0,268.70001220703125,22083955
3731,2025-02-12,257.04998779296875,262.1000061035156,254.0,259.5,17861265
3732,2025-02-13,259.1499938964844,261.3500061035156,256.1000061035156,257.25,12257226
3733,2025-02-14,257.3500061035156,261.5,254.75,260.3999938964844,11339563
3734,2025-02-17,263.20001220703125,264.0,252.1999969482422,256.8999938964844,8332653
3735,2025-02-18,266.95001220703125,267.8999938964844,260.20001220703125,263.8500061035156,10483635
3736,2025-02-19,263.04998779296875,268.5,262.29998779296875,262.5,14602009
3737,2025-02-20,265.75,266.45001220703125,261.29998779296875,262.75,15312926
3738,2025-02-21,261.8999938964844,265.75,259.3999938964844,265.29998779296875,10757038
3739,2025-02-24,259.1499938964844,261.79998779296875,257.25,258.0,14599185
3740,2025-02-25,255.75,259.95001220703125,254.89999389648438,258.79998779296875,21287363
3741,2025-02-27,256.25,257.45001220703125,253.4499969482422,254.0,13614799
3742,2025-02-28,250.85000610351562,257.0,247.3000030517578,255.89999389648438,38512868
3743,2025-03-03,252.5,253.8000030517578,248.5,253.0,9873539
3744,2025-03-04,254.0,257.1499938964844,249.4499969482422,250.0,11947033
3745,2025-03-05,264.3999938964844,267.20001220703125,255.75,256.95001220703125,14536637
3746,2025-03-06,266.6499938964844,267.29998779296875,260.70001220703125,265.1499938964844,11926868
3747,2025-03-07,263.29998779296875,268.6499938964844,261.6000061035156,266.0,10043068
3748,2025-03-10,271.29998779296875,274.25,261.04998779296875,261.04998779296875,30233763
3749,2025-03-11,267.29998779296875,271.8500061035156,265.8500061035156,270.0,9255499
3750,2025-03-12,267.1000061035156,272.3999938964844,263.6000061035156,270.70001220703125,11875548
3751,2025-03-13,267.6499938964844,270.6499938964844,265.5,269.79998779296875,9270442
3752,2025-03-17,267.3500061035156,270.6499938964844,264.95001220703125,270.0,11987667
3753,2025-03-18,267.3500061035156,267.3500061035156,267.3500061035156,267.3500061035156,0
3754,2025-03-19,277.20001220703125,278.29998779296875,269.79998779296875,272.0,13089950
3755,2025-03-20,280.3500061035156,283.54998779296875,277.04998779296875,283.5,13710249
3756,2025-03-21,283.1000061035156,285.1499938964844,280.04998779296875,281.0,26003527
3757,2025-03-24,291.8500061035156,293.95001220703125,284.45001220703125,285.0,19966817
3758,2025-03-25,291.0,295.25,287.6499938964844,291.0,16983852
3759,2025-03-26,290.8500061035156,296.75,289.54998779296875,291.70001220703125,20367015
3760,2025-03-27,295.5,297.25,289.0,289.0,37203166
3761,2025-03-28,290.3500061035156,294.25,288.29998779296875,293.8999938964844,10834900
3762,2025-04-01,289.29998779296875,296.95001220703125,287.0,289.6000061035156,11603556
3763,2025-04-02,286.75,289.75,284.5,286.8500061035156,11679536
3764,2025-04-03,299.1000061035156,299.95001220703125,285.1000061035156,289.3500061035156,23478876
3765,2025-04-04,293.8999938964844,300.8999938964844,292.1000061035156,300.0,21020875
3766,2025-04-07,289.3999938964844,293.8999938964844,282.29998779296875,283.6000061035156,22847548
3767,2025-04-08,288.95001220703125,294.0,284.6499938964844,291.95001220703125,20831596
3768,2025-04-09,293.3999938964844,299.5,289.29998779296875,289.95001220703125,21342531
3769,2025-04-11,304.1000061035156,305.0,293.25,293.25,19831004
3770,2025-04-15,304.54998779296875,310.45001220703125,303.70001220703125,307.20001220703125,16563441
3771,2025-04-16,305.75,307.0,302.79998779296875,304.45001220703125,7032401
3772,2025-04-17,309.0,309.79998779296875,302.0,305.45001220703125,8528993
3773,2025-04-21,320.0,322.0,308.45001220703125,310.0,13369014
3774,2025-04-22,312.54998779296875,319.75,312.1000061035156,319.75,10027268
3775,2025-04-23,314.95001220703125,316.1000061035156,309.45001220703125,314.1499938964844,8225575
3776,2025-04-24,314.3999938964844,315.8500061035156,312.8500061035156,314.8999938964844,8021180
